<?xml version="1.0" encoding="utf-8"?>
<TableLayout
android:id="@+id/widget30"
android:layout_width="fill_parent"
android:layout_height="fill_parent"
android:orientation="vertical"
xmlns:android="http://schemas.android.com/apk/res/android"
>
<TableRow
android:id="@+id/widget32"
android:layout_width="fill_parent"
android:layout_height="wrap_content"
android:orientation="horizontal"
>
<TextView
android:id="@+id/widget33"
android:layout_width="wrap_content"
android:layout_height="wrap_content"
android:text="CommandName"
>
</TextView>
<TextView
android:id="@+id/widget34"
android:layout_width="wrap_content"
android:layout_height="wrap_content"
android:text="Category"
>
</TextView>
<TextView
android:id="@+id/widget35"
android:layout_width="wrap_content"
android:layout_height="wrap_content"
android:text="Relation"
>
</TextView>
</TableRow>
<GridView
android:id="@+id/widget41"
android:layout_width="wrap_content"
android:layout_height="wrap_content"
android:numColumns="3"
android:columnWidth="85px"
>
</GridView>
<GridView
android:id="@+id/widget42"
android:layout_width="wrap_content"
android:layout_height="wrap_content"
android:numColumns="3"
android:columnWidth="85px"
>
</GridView>
<AbsoluteLayout
android:id="@+id/widget44"
android:layout_width="wrap_content"
android:layout_height="wrap_content"
>
<Button
android:id="@+id/widget46"
android:layout_width="wrap_content"
android:layout_height="wrap_content"
android:text="AddCustomCommand"
android:layout_x="9px"
android:layout_y="94px"
>
</Button>
<Button
android:id="@+id/widget47"
android:layout_width="wrap_content"
android:layout_height="wrap_content"
android:text="Button"
android:layout_x="184px"
android:layout_y="93px"
>
</Button>
</AbsoluteLayout>
</TableLayout>
