<?xml version="1.0" encoding="utf-8"?>
<AbsoluteLayout
android:id="@+id/widget0"
android:layout_width="fill_parent"
android:layout_height="fill_parent"
xmlns:android="http://schemas.android.com/apk/res/android"
>
<Button
android:id="@+id/widget28"
android:layout_width="205px"
android:layout_height="59px"
android:padding="2px"
android:layout_marginLeft="30px"
android:layout_marginRight="30px"
android:text="Tap&Speak"
android:gravity="center"
android:layout_x="17px"
android:layout_y="28px"
>
</Button>
<TextView
android:id="@+id/widget29"
android:layout_width="wrap_content"
android:layout_height="wrap_content"
android:text="AndroidTalk"
android:layout_x="81px"
android:layout_y="4px"
>
</TextView>
<ImageButton
android:id="@+id/widget31"
android:layout_width="wrap_content"
android:layout_height="wrap_content"
android:layout_x="8px"
android:layout_y="216px"
>
</ImageButton>
<ImageButton
android:id="@+id/widget33"
android:layout_width="wrap_content"
android:layout_height="wrap_content"
android:layout_x="100px"
android:layout_y="215px"
>
</ImageButton>
<ImageButton
android:id="@+id/widget34"
android:layout_width="wrap_content"
android:layout_height="wrap_content"
android:layout_x="185px"
android:layout_y="214px"
>
</ImageButton>
<TextView
android:id="@+id/widget35"
android:layout_width="wrap_content"
android:layout_height="wrap_content"
android:text="ReadText"
android:layout_x="3px"
android:layout_y="190px"
>
</TextView>
<TextView
android:id="@+id/widget36"
android:layout_width="wrap_content"
android:layout_height="wrap_content"
android:text="CommandList"
android:layout_x="79px"
android:layout_y="192px"
>
</TextView>
<TextView
android:id="@+id/widget37"
android:layout_width="wrap_content"
android:layout_height="wrap_content"
android:text="Help"
android:layout_x="190px"
android:layout_y="192px"
>
</TextView>
<Button
android:id="@+id/widget38"
android:layout_width="203px"
android:layout_height="68px"
android:text="BannersPanel"
android:layout_x="19px"
android:layout_y="90px"
>
</Button>
</AbsoluteLayout>
