<?xml version="1.0" encoding="UTF-8"?>
<beans xmlns="http://www.springframework.org/schema/beans"
	xmlns:xsi="http://www.w3.org/2001/XMLSchema-instance" xmlns:context="http://www.springframework.org/schema/context"
	xmlns:mvc="http://www.springframework.org/schema/mvc"
	xsi:schemaLocation="
		http://www.springframework.org/schema/beans http://www.springframework.org/schema/beans/spring-beans-3.2.xsd
		http://www.springframework.org/schema/context http://www.springframework.org/schema/context/spring-context-3.2.xsd
		http://www.springframework.org/schema/mvc http://www.springframework.org/schema/mvc/spring-mvc-3.2.xsd"
	default-lazy-init="true">
	
	<context:component-scan base-package="com.portal.datacenter.commdata.action.fnt">
	    <context:include-filter type="annotation" expression="org.springframework.stereotype.Controller"/>
	</context:component-scan>
	
	<context:component-scan base-package="com.portal.datacenter.docdata.action.fnt">
	    <context:include-filter type="annotation" expression="org.springframework.stereotype.Controller"/>
	</context:component-scan>
	
	<context:component-scan base-package="com.portal.doccenter.action.fnt">
	    <context:include-filter type="annotation" expression="org.springframework.stereotype.Controller"/>
	</context:component-scan>
	
	<context:component-scan base-package="com.portal.extrafunc.action.fnt">
	    <context:include-filter type="annotation" expression="org.springframework.stereotype.Controller"/>
	</context:component-scan>
	
	<context:component-scan base-package="com.portal.usermgr.action.fnt">
	    <context:include-filter type="annotation" expression="org.springframework.stereotype.Controller"/>
	</context:component-scan>
	
	<context:component-scan base-package="com.portal.govcenter.action.fnt">
	    <context:include-filter type="annotation" expression="org.springframework.stereotype.Controller"/>
	</context:component-scan>

</beans>
