<?xml version="1.0"?>
<!DOCTYPE hibernate-mapping PUBLIC "-//Hibernate/Hibernate Mapping DTD//EN" "http://hibernate.sourceforge.net/hibernate-mapping-3.0.dtd">
<hibernate-mapping package="com.portal.datacenter.docdata.entity">
	<class name="Sensitivity" table="tq_sensitivity">
		<meta attribute="sync-DAO">false</meta>
		<cache usage="read-write"/>
		<id name="id" type="integer" column="sensitivity_id"><generator class="identity"/></id>
		<property name="search" column="search" type="string" not-null="true" length="255"/>
		<property name="replacement" column="replacement" type="string" not-null="true" length="255"/>
	</class>
</hibernate-mapping>