<?xml version="1.0"?>
<!DOCTYPE hibernate-mapping PUBLIC "-//Hibernate/Hibernate Mapping DTD//EN" "http://hibernate.sourceforge.net/hibernate-mapping-3.0.dtd">
<hibernate-mapping package="com.portal.extrafunc.entity">
	<class name="CommentExt" table="tq_comment_ext">
		<meta attribute="sync-DAO">false</meta>
		<cache usage="read-write"/>
		<id name="id" type="java.lang.Integer" column="comment_id">
			<generator class="foreign"><param name="property">comment</param></generator>
		</id>
		<property name="ip" column="ip" type="string" not-null="false" length="20"/>
		<property name="content" column="content" type="org.springframework.orm.hibernate3.support.ClobStringType" not-null="false"/>
		<one-to-one name="comment" class="Comment" constrained="true"/>
	</class>
</hibernate-mapping>