<?xml version="1.0"?>
<!DOCTYPE hibernate-mapping PUBLIC
	"-//Hibernate/Hibernate Mapping DTD//EN"
	"http://hibernate.sourceforge.net/hibernate-mapping-3.0.dtd" >
<hibernate-mapping package="com.portal.extrafunc.entity">
	<class name="ForumStatis" table="tq_forum_statis">
		<meta attribute="sync-DAO">false</meta>
		<id name="id" type="java.lang.Integer" column="statis_id">
			<generator class="foreign"><param name="property">site</param></generator>
		</id>
		<property name="postsToday" column="posts_today" type="java.lang.Integer" not-null="true" length="11"/>
		<property name="postsYestoday" column="posts_yestoday" type="java.lang.Integer" not-null="true" length="11"/>
		<property name="highestDay" column="highest_day" type="java.lang.Integer" not-null="true" length="11"/>
		<property name="postsTotal" column="posts_total" type="java.lang.Integer" not-null="true" length="11"/>
		<one-to-one name="site" class="com.portal.sysmgr.entity.Site" constrained="true"/>
	</class>
</hibernate-mapping>