<?xml version="1.0"?>
<!DOCTYPE hibernate-mapping PUBLIC
	"-//Hibernate/Hibernate Mapping DTD//EN"
	"http://hibernate.sourceforge.net/hibernate-mapping-3.0.dtd" >
<hibernate-mapping package="com.portal.extrafunc.entity">
	<class name="ForumExt" table="tq_forum_ext">
		<meta attribute="sync-DAO">false</meta>
		<cache usage="read-write"/>
		<id name="id" type="java.lang.Integer" column="forum_id">
			<generator class="foreign"><param name="property">forum</param></generator>
		</id>
		<property name="keywords" column="keywords" type="string" not-null="false" length="200"/>
		<property name="description" column="description" type="string" not-null="false" length="255"/>
		<property name="rule" column="rule" type="string" not-null="false" length="255"/>
		<property name="tplContent" column="tpl_content" type="string" not-null="false" length="150"/>
		<one-to-one name="forum" class="Forum" constrained="true"/>
	</class>
</hibernate-mapping>