<?xml version="1.0"?>
<!DOCTYPE hibernate-mapping PUBLIC
	"-//Hibernate/Hibernate Mapping DTD//EN"
	"http://hibernate.sourceforge.net/hibernate-mapping-3.0.dtd" >
<hibernate-mapping package="com.portal.extrafunc.entity">
	<class name="UserForum" table="tq_user_forum">
		<meta attribute="sync-DAO">false</meta>
		<cache usage="read-write"/>
		<id name="id" type="java.lang.Integer" column="user_id">
			<generator class="foreign"><param name="property">user</param></generator>
		</id>
		<property name="avatar" column="avatar" type="string" not-null="false" length="50"/>
		<property name="essenaCount" column="essena_count" type="integer" not-null="true" length="10"/>
		<property name="themeCount" column="theme_count" type="integer" not-null="true" length="10"/>
		<property name="replyCount" column="reply_count" type="integer" not-null="true" length="10"/>
		<property name="point" column="point" type="integer" not-null="true" length="10"/>
		<property name="status" column="status" type="integer" not-null="true" length="10" />
		<property name="statusTime" column="status_time" type="date" not-null="false" length="10"/>
		<property name="signature" column="signature" type="string" not-null="false" length="255"/>
		<one-to-one name="user" class="com.portal.usermgr.entity.User" constrained="true"/>
	</class>
</hibernate-mapping>