<?xml version="1.0" encoding="UTF-8"?>
<beans xmlns="http://www.springframework.org/schema/beans"
	xmlns:xsi="http://www.w3.org/2001/XMLSchema-instance"
	xmlns:context="http://www.springframework.org/schema/context"
	xsi:schemaLocation="http://www.springframework.org/schema/beans http://www.springframework.org/schema/beans/spring-beans-3.0.xsd
	http://www.springframework.org/schema/context http://www.springframework.org/schema/context/spring-context-3.0.xsd"
	default-lazy-init="true">
	
	<bean id="fckAct" class="com.jeecms.cms.action.admin.FckAct"/>
	<bean id="imageUploadAct" class="com.jeecms.cms.action.admin.ImageUploadAct"/>
	<bean id="imageCutAct" class="com.jeecms.cms.action.admin.ImageCutAct"/>
	<bean id="cmsLoginAct" class="com.jeecms.cms.action.admin.CmsLoginAct"/>
	<bean id="welcomeAct" class="com.jeecms.cms.action.admin.WelcomeAct"/>
	<bean id="frameAct" class="com.jeecms.cms.action.admin.FrameAct"/>
	<bean id="personalAct" class="com.jeecms.cms.action.admin.PersonalAct"/>
	
	<bean id="luceneContentAct" class="com.jeecms.cms.lucene.LuceneContentAct"/>
	<bean id="staticAct" class="com.jeecms.cms.staticpage.StaticAct"/>

	<bean id="ftpAct" class="com.jeecms.cms.action.admin.main.FtpAct"/>
	<bean id="unifiedUserAct" class="com.jeecms.cms.action.admin.main.UnifiedUserAct"/>
	<bean id="cmsSiteAct" class="com.jeecms.cms.action.admin.main.CmsSiteAct"/>
	<bean id="cmsSiteConfigAct" class="com.jeecms.cms.action.admin.main.CmsSiteConfigAct"/>
	<bean id="cmsConfigAct" class="com.jeecms.cms.action.admin.main.CmsConfigAct"/>
	<bean id="cmsAdminGlobalAct" class="com.jeecms.cms.action.admin.main.CmsAdminGlobalAct"/>
	<bean id="cmsAdminLocalAct" class="com.jeecms.cms.action.admin.main.CmsAdminLocalAct"/>
	<bean id="cmsMemberAct" class="com.jeecms.cms.action.admin.main.CmsMemberAct"/>
	<bean id="cmsModelAct" class="com.jeecms.cms.action.admin.main.CmsModelAct"/>
	<bean id="cmsModelItemAct" class="com.jeecms.cms.action.admin.main.CmsModelItemAct"/>
	<bean id="channelAct" class="com.jeecms.cms.action.admin.main.ChannelAct"/>
	<bean id="contentAct" class="com.jeecms.cms.action.admin.main.ContentAct"/>
	<bean id="contentTypeAct" class="com.jeecms.cms.action.admin.main.ContentTypeAct"/>
	<bean id="contentTagAct" class="com.jeecms.cms.action.admin.main.ContentTagAct"/>
	<bean id="cmsTopicAct" class="com.jeecms.cms.action.admin.main.CmsTopicAct"/>
	<bean id="cmsGroupAct" class="com.jeecms.cms.action.admin.main.CmsGroupAct"/>
	<bean id="cmsRoleAct" class="com.jeecms.cms.action.admin.main.CmsRoleAct"/>	
	<bean id="cmsLogAct" class="com.jeecms.cms.action.admin.main.CmsLogAct"/>	
	
	<bean id="templateAct" class="com.jeecms.cms.action.admin.assist.TemplateAct">
		<property name="tplManager" ref="tplManager"/>
	</bean>
	<bean id="resourceAct" class="com.jeecms.cms.action.admin.assist.ResourceAct"/>
	<bean id="cmsAcquisitionAct" class="com.jeecms.cms.action.admin.assist.CmsAcquisitionAct"/>
	<bean id="cmsCommentAct" class="com.jeecms.cms.action.admin.assist.CmsCommentAct"/>
	<bean id="cmsKeywordAct" class="com.jeecms.cms.action.admin.assist.CmsKeywordAct"/>
	<bean id="cmsSensitivityAct" class="com.jeecms.cms.action.admin.assist.CmsSensitivityAct"/>
	<bean id="cmsGuestbookCtgAct" class="com.jeecms.cms.action.admin.assist.CmsGuestbookCtgAct"/>
	<bean id="cmsGuestbookAct" class="com.jeecms.cms.action.admin.assist.CmsGuestbookAct"/>
	<bean id="cmsVoteTopicAct" class="com.jeecms.cms.action.admin.assist.CmsVoteTopicAct"/>
	<bean id="cmsFriendlinkCtgAct" class="com.jeecms.cms.action.admin.assist.CmsFriendlinkCtgAct"/>
	<bean id="cmsFriendlinkAct" class="com.jeecms.cms.action.admin.assist.CmsFriendlinkAct"/>
	<bean id="cmsAdvertisingSpaceAct" class="com.jeecms.cms.action.admin.assist.CmsAdvertisingSpaceAct"/>
	<bean id="cmsAdvertisingAct" class="com.jeecms.cms.action.admin.assist.CmsAdvertisingAct"/>
	
	<bean id="cmsMessageAct" class="com.jeecms.cms.action.admin.assist.CmsMessageAct"/>
	
	<bean id="cmsStatististAct" class="com.jeecms.cms.statistic.CmsStatisticAct"/>
	
</beans>
