<?xml version="1.0"?>

<!DOCTYPE hibernate-mapping PUBLIC
    "-//Hibernate/Hibernate Mapping DTD 2.0//EN" 
    "http://hibernate.sourceforge.net/hibernate-mapping-2.0.dtd">

<hibernate-mapping package="dlog4j.formbean">
	
    <class name="DraftForm" table="dlog_draft" dynamic-update="false">
    	<id name="id" column="draftid" type="int">
			<generator class="increment"/>
		</id>
		<many-to-one name="site" column="siteid" not-null="true" outer-join="false"/>
		<many-to-one name="owner" column="userid" cascade="none"/>
		<property name="author" type="java.lang.String" length="50" column="author"/>
		<property name="authorUrl" type="java.lang.String" length="100" column="author_url"/>
		<property name="title" type="java.lang.String" length="100" column="title"/>
		<property name="content" type="java.lang.String" column="content"/>
		<property name="logTime" type="java.util.Date" column="saveTime"/>
		<property name="refUrl" type="java.lang.String" column="refUrl" length="100"/>
		<property name="moodLevel" type="int" column="moodLevel"/>
		<property name="useFace" type="int" column="useFace"/>
		<property name="useUbb" type="int" column="useUbb"/>
		<property name="showFormerly" type="int" column="showFormerly"/>
		<property name="weather" type="java.lang.String" column="weather" length="20"/>
    </class>

</hibernate-mapping>
