<?xml version="1.0"?>

<!DOCTYPE hibernate-mapping PUBLIC
    "-//Hibernate/Hibernate Mapping DTD 2.0//EN" 
    "http://hibernate.sourceforge.net/hibernate-mapping-2.0.dtd">

<hibernate-mapping package="dlog4j.formbean">
	
    <class name="FavoriteForm" table="dlog_favorite" dynamic-update="false">
    	<id name="id" column="favid" type="int">
			<generator class="increment"/>
		</id>
		<property name="title" type="java.lang.String" column="title"/>
		<property name="detail" type="java.lang.String" column="detail"/>
		<property name="url" type="java.lang.String" column="url"/>
		<property name="mode" type="java.lang.String" length="5" column="mode"/>
		<property name="openInNewWindow" type="int" column="in_new_wnd"/>
		<property name="order" type="int" column="sortOrder"/>
		<property name="createTime" type="java.util.Date" column="createTime"/>
		<many-to-one name="site" column="siteId" cascade="none"/>
    </class>

</hibernate-mapping>