<?xml version="1.0"?>

<!DOCTYPE hibernate-mapping PUBLIC
    "-//Hibernate/Hibernate Mapping DTD 2.0//EN" 
    "http://hibernate.sourceforge.net/hibernate-mapping-2.0.dtd">

<hibernate-mapping package="dlog4j.formbean">
	
    <class name="LoginTrackBean" table="dlog_iptrack" dynamic-update="false">
    	<id name="id" column="trackid" type="int">
			<generator class="increment"/>
		</id>		
		<property name="ipAddr" type="java.lang.String" column="ipAddr"/>
		<property name="loginTime" type="java.util.Date" column="loginTime"/>
		<many-to-one name="user" column="userid" cascade="none"/>
    </class>

</hibernate-mapping>