<?xml version="1.0"?>

<!DOCTYPE hibernate-mapping PUBLIC
    "-//Hibernate/Hibernate Mapping DTD 2.0//EN" 
    "http://hibernate.sourceforge.net/hibernate-mapping-2.0.dtd">

<hibernate-mapping package="dlog4j.formbean">
	
    <class name="ParamForm" table="dlog_param" dynamic-update="false">
    	<id name="id" column="p_id" type="int">
			<generator class="increment"/>
		</id>		
		<property name="name" type="java.lang.String" column="p_name"/>
		<property name="desc" type="java.lang.String" column="p_desc"/>
		<property name="type" type="int" column="p_type"/>
		<property name="value" type="java.lang.String" column="p_value"/>
		<many-to-one name="site" column="siteid" cascade="none"/>
    </class>

</hibernate-mapping>