<?xml version="1.0"?>

<!DOCTYPE hibernate-mapping PUBLIC
    "-//Hibernate/Hibernate Mapping DTD 2.0//EN" 
    "http://hibernate.sourceforge.net/hibernate-mapping-2.0.dtd">

<hibernate-mapping package="dlog4j.formbean">
	
    <class name="ReplyForm" table="dlog_reply" dynamic-update="false">
    	<id name="id" column="cmtid" type="int">
			<generator class="increment"/>
		</id>
		<many-to-one name="author" column="userid" not-null="true" outer-join="false"/>
		<many-to-one name="log" column="logid" not-null="true" outer-join="false"/>
		<many-to-one name="site" column="siteid" not-null="true" outer-join="false"/>
		<property name="content" type="java.lang.String" length="40" column="content"/>
		<property name="faceUrl" type="java.lang.String" length="20" column="faceUrl"/>
		<property name="useFace" type="int" column="useFace"/>
		<property name="useUbb" type="int" column="useUbb"/>
		<property name="showFormerly" type="int" column="showFormerly"/>
		<property name="writeTime" type="java.util.Date" column="writeTime"/>
    </class>

</hibernate-mapping>
