<?xml version="1.0"?>

<!DOCTYPE hibernate-mapping PUBLIC
    "-//Hibernate/Hibernate Mapping DTD 2.0//EN" 
    "http://hibernate.sourceforge.net/hibernate-mapping-2.0.dtd">

<hibernate-mapping package="dlog4j.formbean">
	
    <class name="TrackBackForm" table="dlog_reference" dynamic-update="false">
    	<id name="id" column="refid" type="int">
			<generator class="increment"/>
		</id>
		<many-to-one name="log" column="logid" not-null="true" outer-join="false"/>
		<property name="url" type="java.lang.String" column="refurl"/>
		<property name="title" type="java.lang.String" column="title"/>
		<property name="excerpt" type="java.lang.String" column="excerpt"/>
		<property name="blog_name" type="java.lang.String" column="blog_name"/>
		<property name="remoteAddr" type="java.lang.String" column="remoteAddr"/>
		<property name="refTime" type="java.util.Date" column="reftime"/>
    </class>

</hibernate-mapping>
