<?xml version="1.0" encoding="UTF-8"?>
<beans xmlns="http://www.springframework.org/schema/beans"
	xmlns:xsi="http://www.w3.org/2001/XMLSchema-instance" xmlns:context="http://www.springframework.org/schema/context"
	xmlns:mvc="http://www.springframework.org/schema/mvc"
	xsi:schemaLocation="
		http://www.springframework.org/schema/beans http://www.springframework.org/schema/beans/spring-beans-3.2.xsd
		http://www.springframework.org/schema/context http://www.springframework.org/schema/context/spring-context-3.2.xsd
		http://www.springframework.org/schema/mvc http://www.springframework.org/schema/mvc/spring-mvc-3.2.xsd"
	default-lazy-init="true">

	<bean id="Comment" class="com.portal.extrafunc.action.tag.CommentTagModel" />
	<bean id="Advert" class="com.portal.extrafunc.action.tag.AdvertTagModel" />
	<bean id="Category" class="com.portal.extrafunc.action.tag.CategoryTagModel" />
	<bean id="Forum" class="com.portal.extrafunc.action.tag.ForumTagModel" />
	<bean id="Posts" class="com.portal.extrafunc.action.tag.PostsTagModel" />
	<bean id="Theme" class="com.portal.extrafunc.action.tag.ThemeTagModel" />
	<bean id="ForumCount" class="com.portal.extrafunc.action.tag.ForumCountTagModel" />
	<bean id="ForumStatis" class="com.portal.extrafunc.action.tag.ForumStatisTagModel" />
	<bean id="ThemeStatis" class="com.portal.extrafunc.action.tag.ThemeStatisTagModel" />
	<bean id="SurveyTheme" class="com.portal.extrafunc.action.tag.SurveyThemeTagModel" />
	<bean id="Questionnaire" class="com.portal.extrafunc.action.tag.QuestionnaireTagModel" />
	<bean id="SurveyDetail" class="com.portal.extrafunc.action.tag.SurveyDetailTagModel" />
	<bean id="QuestionCount" class="com.portal.extrafunc.action.tag.QuestionCountTagModel" />

</beans>