<?xml version="1.0" encoding="utf-8"?>
<!DOCTYPE hibernate-mapping PUBLIC "-//Hibernate/Hibernate Mapping DTD 3.0//EN"
"http://hibernate.sourceforge.net/hibernate-mapping-3.0.dtd">
<!-- 
    Mapping file autogenerated by MyEclipse Persistence Tools
-->
<hibernate-mapping>
    <class name="com.ssh.pojo.UserInfo" table="user_info" catalog="ssh">
        <id name="id" type="integer">
            <column name="id" />
            <generator class="native" />
        </id>
        <property name="userName" type="string">
            <column name="user_name" length="45" not-null="true" />
        </property>
        <property name="age" type="integer">
            <column name="age" not-null="true" />
        </property>
    </class>
</hibernate-mapping>
