<?xml version="1.0"?>
<!DOCTYPE hibernate-mapping PUBLIC
	"-//Hibernate/Hibernate Mapping DTD//EN"
	"http://hibernate.sourceforge.net/hibernate-mapping-3.0.dtd" >

<hibernate-mapping package="com.portal.recruitcenter.entity">
	<class
		name="CompanyFairs"
		table="TQ_COMPANY_FAIRS"
	>
		<meta attribute="sync-DAO">false</meta>
		<cache usage="read-write"/>
		<id name="id" type="java.lang.Integer" column="comfairs_id">
			<generator class="identity"/>
		</id>
		<property name="showcase" column="showcase" type="string" not-null="true" length="20"/>
		<property name="showTime" column="show_time" type="java.lang.Byte" not-null="true" length="10"/>
		<property name="createTime" column="create_time" type="timestamp" not-null="true" length="19"/>
		<many-to-one name="company" column="company_id" class="CompanyInfo" not-null="true"></many-to-one>
		<many-to-one name="fairs" column="fairs_id" class="JobFairs" not-null="true"></many-to-one>
	</class>	
</hibernate-mapping>