<?xml version="1.0"?>
<!DOCTYPE hibernate-mapping PUBLIC
	"-//Hibernate/Hibernate Mapping DTD//EN"
	"http://hibernate.sourceforge.net/hibernate-mapping-3.0.dtd" >

<hibernate-mapping package="com.portal.recruitcenter.entity">
	<class
		name="CompanyInfoExt"
		table="TQ_COMPANY_INFO_EXT"
	>
		<meta attribute="sync-DAO">false</meta>
		<cache usage="read-write"/>
		<id name="id" type="java.lang.Integer" column="company_id">
			<generator class="foreign"><param name="property">info</param></generator>
		</id>
		<property name="regCapital" column="reg_capital" type="java.lang.Integer" not-null="false"/>
		<property name="setUp" column="set_up" type="java.lang.String" not-null="false" length="20"/>
		<property name="city" column="city" type="java.lang.String" not-null="false" length="50"/>
		<property name="address" column="address" type="java.lang.String" not-null="false" length="200"/>
		<property name="zipCode" column="zip_code" type="java.lang.String" not-null="false" length="20"/>
		<property name="webUrl" column="web_url" type="java.lang.String" not-null="false" length="50"/>
		<property name="email" column="email" type="java.lang.String" not-null="false" length="50"/>
		<property name="phone" column="phone" type="java.lang.String" not-null="false" length="50"/>
		<property name="fax" column="fax" type="java.lang.String" not-null="false" length="30"/>
		<property name="synopsis" column="synopsis" type="java.lang.String" not-null="false"/>
		<property name="applyVip" column="apply_vip" type="java.lang.Boolean" not-null="true"/>
		<property name="applyTime" column="apply_time" type="timestamp" not-null="false" length="19"/>
		<property name="needLogin" column="need_login" type="java.lang.Boolean" not-null="true"/>
		<property name="vip" column="is_vip" type="java.lang.Boolean" not-null="true"/>
		<property name="dredgeTime" column="dredge_time" type="timestamp" not-null="false" length="19"/>
		<property name="vipDay" column="vip_day" type="java.lang.Integer" not-null="false"/>
		<one-to-one name="info" class="CompanyInfo" constrained="true"/>
	</class>
</hibernate-mapping>