<?xml version="1.0"?>
<!DOCTYPE hibernate-mapping PUBLIC
	"-//Hibernate/Hibernate Mapping DTD//EN"
	"http://hibernate.sourceforge.net/hibernate-mapping-3.0.dtd" >
<hibernate-mapping package="com.portal.recruitcenter.entity">
	<class
		name="EduExp"
		table="TQ_EDU_EXP"
	>
		<meta attribute="sync-DAO">false</meta>
		<cache usage="read-write"/>
		<id name="id" type="java.lang.Integer" column="edu_id">
		    <generator class="identity"/>
		</id>
		<property name="startTime" column="start_time" type="string" not-null="true" length="30"/>
		<property name="endTime" column="end_time" type="string" not-null="true" length="30"/>
		<property name="school" column="school" type="string" not-null="true" length="50"/>
		<property name="educational" column="educational" type="java.lang.Byte" not-null="true"/>
		<property name="degree" column="degree" type="java.lang.Byte" not-null="false"/>
		<property name="oversea" column="is_oversea" type="java.lang.Boolean" not-null="true"/>
		<property name="description" column="description" type="java.lang.String" not-null="false"/>
		<property name="createTime" column="create_time" type="timestamp" not-null="true" length="19"/>
		<many-to-one name="resume" column="resume_id" class="Resume" not-null="true"></many-to-one>
		<many-to-one name="special" column="special_id" class="com.portal.datacenter.commdata.entity.Specialty" not-null="true"></many-to-one>
	</class>	
</hibernate-mapping>