<?xml version="1.0"?>
<!DOCTYPE hibernate-mapping PUBLIC
	"-//Hibernate/Hibernate Mapping DTD//EN"
	"http://hibernate.sourceforge.net/hibernate-mapping-3.0.dtd" >
<hibernate-mapping package="com.portal.recruitcenter.entity">
	<class
		name="LangAbility"
		table="TQ_LANG_ABILITY"
	>
		<meta attribute="sync-DAO">false</meta>
		<cache usage="read-write"/>
		<id
			name="id"
			type="integer"
			column="ability_id"
		>
			<generator class="identity"/>
		</id>
		<property name="certType" column="cert_type" type="java.lang.String" not-null="false" length="30"/>
		<property name="grade" column="grade" type="java.lang.String" not-null="false" length="20"/>
		<property name="literacy" column="literacy" type="java.lang.Byte" not-null="false"/>
		<property name="communications" column="communications" type="java.lang.Byte" not-null="false"/>
		<many-to-one name="resume" column="resume_id" class="Resume" not-null="true"></many-to-one>
		<many-to-one name="lang" column="lang_id" class="com.portal.datacenter.commdata.entity.ForeignLang" not-null="true"></many-to-one>
	</class>	
</hibernate-mapping>