<?xml version="1.0"?>
<!DOCTYPE hibernate-mapping PUBLIC
	"-//Hibernate/Hibernate Mapping DTD//EN"
	"http://hibernate.sourceforge.net/hibernate-mapping-3.0.dtd" >

<hibernate-mapping package="com.portal.recruitcenter.entity">
	<class
		name="PersonalInfoExt"
		table="TQ_PERSONAL_INFO_EXT"
	>
		<meta attribute="sync-DAO">false</meta>
		<cache usage="read-write"/>
		<id name="id" type="java.lang.Integer" column="personal_id">
			<generator class="foreign"><param name="property">info</param></generator>
		</id>
		<property name="cardType" column="card_type" type="java.lang.Byte" not-null="false"/>
		<property name="idcard" column="idcard" type="java.lang.String" not-null="false" length="50"/>
		<property name="address" column="address" type="java.lang.String" not-null="false" length="100"/>
		<property name="communType1" column="commun_type1" type="java.lang.Byte" not-null="false"/>
		<property name="commun1" column="commun1" type="java.lang.String" not-null="false" length="30"/>
		<property name="communType2" column="commun_type2" type="java.lang.Byte" not-null="false"/>
		<property name="commun2" column="commun2" type="java.lang.String" not-null="false" length="30"/>
		<property name="marriage" column="marriage" type="java.lang.Boolean" not-null="false"/>
		<property name="political" column="political" type="java.lang.String" not-null="false" length="10"/>
		<property name="nation" column="nation" type="java.lang.String" not-null="false" length="20"/>
		<one-to-one name="info" class="PersonalInfo" constrained="true"/>
	</class>
</hibernate-mapping>