<?xml version="1.0"?>
<!DOCTYPE hibernate-mapping PUBLIC
	"-//Hibernate/Hibernate Mapping DTD//EN"
	"http://hibernate.sourceforge.net/hibernate-mapping-3.0.dtd" >
<hibernate-mapping package="com.portal.recruitcenter.entity">
	<class
		name="ResumeApply"
		table="tq_resume_apply"
	>
		<meta attribute="sync-DAO">false</meta>
		<cache usage="read-write"/>
		<id
			name="id"
			type="integer"
			column="apply_id"
		>
			<generator class="identity"/>
		</id>
		<property name="createTime" column="create_time" type="timestamp" not-null="true" length="19"/>
		<property name="read" column="is_read" type="java.lang.Boolean" not-null="true"/>
		<many-to-one name="resume" column="resume_id" class="Resume" not-null="true"></many-to-one>
		<many-to-one name="job" column="job_id" class="JobPost" not-null="true"></many-to-one>
	</class>
</hibernate-mapping>