<?xml version="1.0"?>
<!DOCTYPE hibernate-mapping PUBLIC
	"-//Hibernate/Hibernate Mapping DTD//EN"
	"http://hibernate.sourceforge.net/hibernate-mapping-3.0.dtd" >

<hibernate-mapping package="com.portal.recruitcenter.entity">
	<class
		name="WorkExp"
		table="TQ_WORK_EXP"
	>
		<meta attribute="sync-DAO">false</meta>
		<cache usage="read-write"/>
		<id
			name="id"
			type="integer"
			column="exp_id"
		>
			<generator class="identity"/>
		</id>
		<property name="startTime" column="start_time" type="string" not-null="true" length="30"/>
		<property name="endTime" column="end_time" type="string" not-null="true" length="30"/>
		<property name="name" column="com_name" type="string" not-null="true" length="50"/>
		<property name="scale" column="com_scale" type="java.lang.Byte" not-null="true"/>
		<property name="departName" column="depart_name" type="string" not-null="false" length="50"/>
		<property name="wage" column="wage" type="java.lang.Byte" not-null="true"/>
		<property name="oversea" column="is_oversea" type="java.lang.Boolean" not-null="true"/>
		<property name="description" column="description" type="string" not-null="false"/>
		<property name="createTime" column="create_time" type="timestamp" not-null="true" length="19"/>
		<many-to-one name="resume" column="resume_id" class="Resume" not-null="true"></many-to-one>
		<many-to-one name="nature" column="com_nature" class="com.portal.datacenter.commdata.entity.EconomyType" not-null="false"></many-to-one>
		<many-to-one name="metier" column="metier_id" class="com.portal.datacenter.commdata.entity.Metier" not-null="true"></many-to-one>
		<many-to-one name="industry" column="com_industry" class="com.portal.datacenter.commdata.entity.Industry" not-null="false"></many-to-one>
	</class>
</hibernate-mapping>