<?xml version="1.0" encoding="UTF-8"?>
<beans
	xmlns="http://www.springframework.org/schema/beans"
	xmlns:xsi="http://www.w3.org/2001/XMLSchema-instance"
	xsi:schemaLocation="http://www.springframework.org/schema/beans http://www.springframework.org/schema/beans/spring-beans-2.0.xsd">


	<bean id="DataSource"
		class="org.apache.commons.dbcp.BasicDataSource">
		<property name="driverClassName"
			value="com.mysql.jdbc.Driver">
		</property>
		<property name="url" value="jdbc:mysql://localhost:3306/kjsb"></property>
		<property name="username" value="root"></property>
		<property name="password" value="root"></property>
	</bean>
	<bean id="sessionFactory"
		class="org.springframework.orm.hibernate3.LocalSessionFactoryBean">
		<property name="dataSource">
			<ref bean="DataSource" />
		</property>
		<property name="hibernateProperties">
			<props>
				<prop key="hibernate.dialect">
					org.hibernate.dialect.MySQLDialect
				</prop>
				<prop key="hibernate.show_sql">true</prop>
				<prop key="hibernate.format_sql">true</prop>
			</props>
		</property>
		<property name="mappingResources">
			<list>
				<value>com/ascent/pojo/Expert.hbm.xml</value>
				<value>com/ascent/pojo/Project.hbm.xml</value>
				<value>com/ascent/pojo/Useradmin.hbm.xml</value>
				<value>com/ascent/pojo/Unit.hbm.xml</value>
				<value>com/ascent/pojo/User.hbm.xml</value>
				<value>com/ascent/pojo/ProjectCategory.hbm.xml</value>
				<value>com/ascent/pojo/Usergroup.hbm.xml</value></list>
		</property>
	</bean>
	 <import resource="applicationContext-service.xml"/>
	 <import resource="applicationContext-action.xml"/>
</beans>