<?xml version="1.0" encoding="utf-8"?>
<!DOCTYPE hibernate-mapping PUBLIC "-//Hibernate/Hibernate Mapping DTD 3.0//EN"
"http://hibernate.sourceforge.net/hibernate-mapping-3.0.dtd">
<!-- 
    Mapping file autogenerated by MyEclipse Persistence Tools
-->
<hibernate-mapping>
    <class name="com.model.TOrder" table="t_order">
        <id name="id" type="java.lang.Integer">
            <column name="id" />
            <generator class="increment" />
        </id>
        <property name="bianhao" type="java.lang.String">
            <column name="bianhao" length="50" />
        </property>
        <property name="xiadanshi" type="java.lang.String">
            <column name="xiadanshi" length="50" />
        </property>
        <property name="zt" type="java.lang.String">
            <column name="zt" length="50" />
        </property>
        <property name="songhuodizhi" type="java.lang.String">
            <column name="songhuodizhi" length="50" />
        </property>
        <property name="fukuanfangshi" type="java.lang.String">
            <column name="fukuanfangshi" />
        </property>
        <property name="zongjia" type="java.lang.Integer">
            <column name="zongjia" />
        </property>
        <property name="huiyuanId" type="java.lang.Integer">
            <column name="huiyuanId" />
        </property>
    </class>
</hibernate-mapping>
