<?xml version="1.0" encoding="utf-8"?>
<!DOCTYPE hibernate-mapping PUBLIC "-//Hibernate/Hibernate Mapping DTD 3.0//EN"
"http://hibernate.sourceforge.net/hibernate-mapping-3.0.dtd">
<!-- 
    Mapping file autogenerated by MyEclipse Persistence Tools
-->
<hibernate-mapping>
    <class name="com.po.AfficheInfo" table="AfficheInfo" schema="dbo" catalog="NsStorage">
        <id name="affichelD" type="java.lang.Integer">
            <column name="AffichelD" />
            <generator class="identity" />
        </id>
        <many-to-one name="branchInfo" class="com.po.BranchInfo" fetch="select" lazy="false">
            <column name="BranchID" />
        </many-to-one>
        <many-to-one name="userInfo" class="com.po.UserInfo" fetch="select" lazy="false">
            <column name="UserID" />
        </many-to-one>
        <property name="afficheTitle" type="java.lang.String">
            <column name="AfficheTitle" length="100" />
        </property>
        <property name="afficheContent" type="java.lang.String">
            <column name="AfficheContent" length="2000" />
        </property>
        <property name="afficheData" type="java.lang.String">
            <column name="AfficheData" length="100" />
        </property>
    </class>
</hibernate-mapping>
