<?xml version="1.0" encoding="utf-8"?>
<!DOCTYPE hibernate-mapping PUBLIC "-//Hibernate/Hibernate Mapping DTD 3.0//EN"
"http://hibernate.sourceforge.net/hibernate-mapping-3.0.dtd">
<!-- 
    Mapping file autogenerated by MyEclipse Persistence Tools
-->
<hibernate-mapping>
    <class name="com.po.BillInfo" table="BillInfo" schema="dbo" catalog="NsStorage">
        <id name="billId" type="java.lang.Integer">
            <column name="BillID" />
            <generator class="identity" />
        </id>
        <many-to-one name="userInfo" class="com.po.UserInfo" fetch="select" lazy="false">
            <column name="UserID" />
        </many-to-one>
        <many-to-one name="customerInfoByReceiveId" class="com.po.CustomerInfo" fetch="select" lazy="false">
            <column name="ReceiveID" />
        </many-to-one>
        <many-to-one name="branchInfoBySendBranchId" class="com.po.BranchInfo" fetch="select" lazy="false">
            <column name="SendBranchID" />
        </many-to-one>
        <many-to-one name="billState" class="com.po.BillState" fetch="select" lazy="false">
            <column name="BillStateID" />
        </many-to-one>
        <many-to-one name="customerInfoBySendId" class="com.po.CustomerInfo" fetch="select" lazy="false">
            <column name="SendID" />
        </many-to-one>
        <many-to-one name="branchInfoByReceiveBranchId" class="com.po.BranchInfo" fetch="select" lazy="false">
            <column name="ReceiveBranchID" />
        </many-to-one>
        <property name="truckLine" type="java.lang.String">
            <column name="TruckLine" length="100" />
        </property>
        <property name="payerName" type="java.lang.String">
            <column name="PayerName" length="100" />
        </property>
        <property name="billData" type="java.lang.String">
            <column name="BillData" length="100" />
        </property>
        <property name="billMemo" type="java.lang.String">
            <column name="BillMemo" length="500" />
        </property>
        <set name="cargoVectors" inverse="true" lazy="false" cascade="all">
            <key>
                <column name="BillID" />
            </key>
            <one-to-many class="com.po.CargoVector" />
        </set>
        <set name="trafficLogs" inverse="true" lazy="false" cascade="all">
            <key>
                <column name="BillID" />
            </key>
            <one-to-many class="com.po.TrafficLog" />
        </set>
    </class>
</hibernate-mapping>
