<?xml version="1.0" encoding="utf-8"?>
<!DOCTYPE hibernate-mapping PUBLIC "-//Hibernate/Hibernate Mapping DTD 3.0//EN"
"http://hibernate.sourceforge.net/hibernate-mapping-3.0.dtd">
<!-- 
    Mapping file autogenerated by MyEclipse Persistence Tools
-->
<hibernate-mapping>
    <class name="com.po.BillState" table="BillState" schema="dbo" catalog="NsStorage">
        <id name="billStateId" type="java.lang.Integer">
            <column name="BillStateID" />
            <generator class="identity" />
        </id>
        <property name="billStateName" type="java.lang.String">
            <column name="BillStateName" length="100" />
        </property>
        <set name="billInfos" inverse="true" lazy="false" cascade="all">
            <key>
                <column name="BillStateID" />
            </key>
            <one-to-many class="com.po.BillInfo" />
        </set>
    </class>
</hibernate-mapping>
