<?xml version="1.0" encoding="utf-8"?>
<!DOCTYPE hibernate-mapping PUBLIC "-//Hibernate/Hibernate Mapping DTD 3.0//EN"
"http://hibernate.sourceforge.net/hibernate-mapping-3.0.dtd">
<!-- 
    Mapping file autogenerated by MyEclipse Persistence Tools
-->
<hibernate-mapping>
    <class name="com.po.BranchInfo" table="BranchInfo" schema="dbo" catalog="NsStorage">
        <id name="branchId" type="java.lang.Integer">
            <column name="BranchID" />
            <generator class="identity" />
        </id>
        <property name="branchName" type="java.lang.String">
            <column name="BranchName" length="100" />
        </property>
        <property name="branchLinkMan" type="java.lang.String">
            <column name="BranchLinkMan" length="100" />
        </property>
        <property name="branchPhone" type="java.lang.String">
            <column name="BranchPhone" length="100" />
        </property>
        <property name="branchAddress" type="java.lang.String">
            <column name="BranchAddress" length="100" />
        </property>
        <property name="branchEmail" type="java.lang.String">
            <column name="BranchEmail" length="100" />
        </property>
        <set name="billInfosForReceiveBranchId" inverse="true" lazy="false" cascade="all">
            <key>
                <column name="ReceiveBranchID" />
            </key>
            <one-to-many class="com.po.BillInfo" />
        </set>
        <set name="trafficLogs" inverse="true" lazy="false" cascade="all">
            <key>
                <column name="BranchID" />
            </key>
            <one-to-many class="com.po.TrafficLog" />
        </set>
        <set name="cargoInfos" inverse="true" lazy="false" cascade="all">
            <key>
                <column name="BranchID" />
            </key>
            <one-to-many class="com.po.CargoInfo" />
        </set>
        <set name="truckLogs" inverse="true" lazy="false" cascade="all">
            <key>
                <column name="BranchID" />
            </key>
            <one-to-many class="com.po.TruckLog" />
        </set>
        <set name="systemLogs" inverse="true" lazy="false" cascade="all">
            <key>
                <column name="BranchID" />
            </key>
            <one-to-many class="com.po.SystemLog" />
        </set>
        <set name="billInfosForSendBranchId" inverse="true" lazy="false" cascade="all">
            <key>
                <column name="SendBranchID" />
            </key>
            <one-to-many class="com.po.BillInfo" />
        </set>
        <set name="afficheInfos" inverse="true" lazy="false" cascade="all">
            <key>
                <column name="BranchID" />
            </key>
            <one-to-many class="com.po.AfficheInfo" />
        </set>
        <set name="userInfos" inverse="true" lazy="false" cascade="all">
            <key>
                <column name="BranchID" />
            </key>
            <one-to-many class="com.po.UserInfo" />
        </set>
        <set name="truckInfos" inverse="true" lazy="false" cascade="all">
            <key>
                <column name="BranchID" />
            </key>
            <one-to-many class="com.po.TruckInfo" />
        </set>
        <set name="customerInfos" inverse="true" lazy="false" cascade="all">
            <key>
                <column name="BranchID" />
            </key>
            <one-to-many class="com.po.CustomerInfo" />
        </set>
        <set name="driverInfos" inverse="true" lazy="false" cascade="all">
            <key>
                <column name="BranchID" />
            </key>
            <one-to-many class="com.po.DriverInfo" />
        </set>
    </class>
</hibernate-mapping>
