<?xml version="1.0" encoding="utf-8"?>
<!DOCTYPE hibernate-mapping PUBLIC "-//Hibernate/Hibernate Mapping DTD 3.0//EN"
"http://hibernate.sourceforge.net/hibernate-mapping-3.0.dtd">
<!-- 
    Mapping file autogenerated by MyEclipse Persistence Tools
-->
<hibernate-mapping>
    <class name="com.po.CargoVector" table="CargoVector" schema="dbo" catalog="NsStorage">
        <id name="cvid" type="java.lang.Integer">
            <column name="CVID" />
            <generator class="identity" />
        </id>
        <many-to-one name="cargoInfo" class="com.po.CargoInfo" fetch="select" lazy="false">
            <column name="CargoID" />
        </many-to-one>
        <many-to-one name="billInfo" class="com.po.BillInfo" fetch="select" lazy="false">
            <column name="BillID" />
        </many-to-one>
    </class>
</hibernate-mapping>
