<?xml version="1.0" encoding="utf-8"?>
<!DOCTYPE hibernate-mapping PUBLIC "-//Hibernate/Hibernate Mapping DTD 3.0//EN"
"http://hibernate.sourceforge.net/hibernate-mapping-3.0.dtd">
<!-- 
    Mapping file autogenerated by MyEclipse Persistence Tools
-->
<hibernate-mapping>
    <class name="com.po.CargoInfo" table="CargoInfo" schema="dbo" catalog="NsStorage">
        <id name="cargoId" type="java.lang.Integer">
            <column name="CargoID" />
            <generator class="identity" />
        </id>
        <many-to-one name="branchInfo" class="com.po.BranchInfo" fetch="select" lazy="false">
            <column name="BranchID" />
        </many-to-one>
        <property name="cargoName" type="java.lang.String">
            <column name="CargoName" length="100" />
        </property>
        <property name="cargoWeight" type="java.lang.String">
            <column name="CargoWeight" length="100" />
        </property>
        <property name="cargoBulk" type="java.lang.String">
            <column name="CargoBulk" length="100" />
        </property>
        <property name="cargoNum" type="java.lang.String">
            <column name="CargoNum" length="100" />
        </property>
        <property name="cargoUnit" type="java.lang.String">
            <column name="CargoUnit" length="100" />
        </property>
        <property name="cargoValue" type="java.lang.String">
            <column name="CargoValue" length="100" />
        </property>
        <property name="cargoFreight" type="java.lang.String">
            <column name="CargoFreight" length="100" />
        </property>
        <property name="cargoAmends" type="java.lang.String">
            <column name="CargoAmends" length="100" />
        </property>
        <property name="cargoMemo" type="java.lang.String">
            <column name="CargoMemo" length="100" />
        </property>
        <property name="cargoState" type="java.lang.Integer">
            <column name="CargoState" />
        </property>
        <property name="cargoStartData" type="java.lang.String">
            <column name="CargoStartData" length="100" />
        </property>
        <property name="cargoEndData" type="java.lang.String">
            <column name="CargoEndData" length="100" />
        </property>
        <set name="cargoVectors" inverse="true" cascade="all">
            <key>
                <column name="CargoID" />
            </key>
            <one-to-many class="com.po.CargoVector" />
        </set>
    </class>
</hibernate-mapping>
