<?xml version="1.0" encoding="utf-8"?>
<!DOCTYPE hibernate-mapping PUBLIC "-//Hibernate/Hibernate Mapping DTD 3.0//EN"
"http://hibernate.sourceforge.net/hibernate-mapping-3.0.dtd">
<!-- 
    Mapping file autogenerated by MyEclipse Persistence Tools
-->
<hibernate-mapping>
    <class name="com.po.CustomerInfo" table="CustomerInfo" schema="dbo" catalog="NsStorage">
        <id name="customerId" type="java.lang.Integer">
            <column name="CustomerID" />
            <generator class="identity" />
        </id>
        <many-to-one name="branchInfo" class="com.po.BranchInfo" fetch="select" lazy="false">
            <column name="BranchID" />
        </many-to-one>
        <property name="customerName" type="java.lang.String">
            <column name="CustomerName" length="100" />
        </property>
        <property name="customerLinkMan" type="java.lang.String">
            <column name="CustomerLinkMan" length="100" />
        </property>
        <property name="customerSex" type="java.lang.String">
            <column name="CustomerSex" length="100" />
        </property>
        <property name="customerPhone" type="java.lang.String">
            <column name="CustomerPhone" length="100" />
        </property>
        <property name="customerFax" type="java.lang.String">
            <column name="CustomerFax" length="100" />
        </property>
        <property name="customerPostId" type="java.lang.String">
            <column name="CustomerPostID" length="100" />
        </property>
        <property name="customerEmail" type="java.lang.String">
            <column name="CustomerEmail" length="100" />
        </property>
        <property name="customerRegData" type="java.lang.String">
            <column name="CustomerRegData" length="100" />
        </property>
        <set name="billInfosForReceiveId" inverse="true" lazy="false" cascade="all">
            <key>
                <column name="ReceiveID" />
            </key>
            <one-to-many class="com.po.BillInfo" />
        </set>
        <set name="billInfosForSendId" inverse="true" lazy="false" cascade="all">
            <key>
                <column name="SendID" />
            </key>
            <one-to-many class="com.po.BillInfo" />
        </set>
    </class>
</hibernate-mapping>
