<?xml version="1.0" encoding="utf-8"?>
<!DOCTYPE hibernate-mapping PUBLIC "-//Hibernate/Hibernate Mapping DTD 3.0//EN"
"http://hibernate.sourceforge.net/hibernate-mapping-3.0.dtd">
<!-- 
    Mapping file autogenerated by MyEclipse Persistence Tools
-->
<hibernate-mapping>
    <class name="com.po.DriverInfo" table="DriverInfo" schema="dbo" catalog="NsStorage">
        <id name="driverId" type="java.lang.Integer">
            <column name="DriverID" />
            <generator class="identity" />
        </id>
        <many-to-one name="branchInfo" class="com.po.BranchInfo" fetch="select" lazy="false">
            <column name="BranchID" />
        </many-to-one>
        <property name="driverName" type="java.lang.String">
            <column name="DriverName" length="100" />
        </property>
        <property name="driverAge" type="java.lang.String">
            <column name="DriverAge" length="100" />
        </property>
        <property name="driverSex" type="java.lang.String">
            <column name="DriverSex" length="100" />
        </property>
        <property name="driverPhoto" type="java.lang.String">
            <column name="DriverPhoto" length="100" />
        </property>
        <property name="driverDriveCardId" type="java.lang.String">
            <column name="DriverDriveCardID" length="100" />
        </property>
        <property name="driverCardId" type="java.lang.String">
            <column name="DriverCardID" length="100" />
        </property>
        <property name="driverPhone" type="java.lang.String">
            <column name="DriverPhone" length="100" />
        </property>
        <property name="driverMemo" type="java.lang.String">
            <column name="DriverMemo" length="500" />
        </property>
        <property name="driverIsVacancy" type="java.lang.Integer">
            <column name="DriverIsVacancy" />
        </property>
        <set name="truckLogs" inverse="true" cascade="all" lazy="false">
            <key>
                <column name="DriverID" />
            </key>
            <one-to-many class="com.po.TruckLog" />
        </set>
    </class>
</hibernate-mapping>
