<?xml version="1.0" encoding="utf-8"?>
<!DOCTYPE hibernate-mapping PUBLIC "-//Hibernate/Hibernate Mapping DTD 3.0//EN"
"http://hibernate.sourceforge.net/hibernate-mapping-3.0.dtd">
<!-- 
    Mapping file autogenerated by MyEclipse Persistence Tools
-->
<hibernate-mapping>
    <class name="com.po.Operation" table="Operation" schema="dbo" catalog="NsStorage">
        <id name="opId" type="java.lang.Integer">
            <column name="OpID" />
            <generator class="identity" />
        </id>
        <property name="opFid" type="java.lang.Integer">
            <column name="OpFID" />
        </property>
        <property name="opName" type="java.lang.String">
            <column name="OpName" length="100" />
        </property>
        <property name="opUrl" type="java.lang.String">
            <column name="OpUrl" length="300" />
        </property>
    </class>
</hibernate-mapping>
