<?xml version="1.0" encoding="utf-8"?>
<!DOCTYPE hibernate-mapping PUBLIC "-//Hibernate/Hibernate Mapping DTD 3.0//EN"
"http://hibernate.sourceforge.net/hibernate-mapping-3.0.dtd">
<!-- 
    Mapping file autogenerated by MyEclipse Persistence Tools
-->
<hibernate-mapping>
    <class name="com.po.RoleInfo" table="RoleInfo" schema="dbo" catalog="NsStorage">
        <id name="roleId" type="java.lang.Integer">
            <column name="RoleID" />
            <generator class="identity" />
        </id>
        <property name="roleName" type="java.lang.String">
            <column name="RoleName" length="100" />
        </property>
        <property name="roleClient" type="java.lang.Integer">
            <column name="RoleClient" />
        </property>
        <property name="roleTicket" type="java.lang.Integer">
            <column name="RoleTicket" />
        </property>
        <property name="roleBranch" type="java.lang.Integer">
            <column name="RoleBranch" />
        </property>
        <property name="roleTraffic" type="java.lang.Integer">
            <column name="RoleTraffic" />
        </property>
        <property name="roleQuery" type="java.lang.Integer">
            <column name="RoleQuery" />
        </property>
        <property name="roleBasicInfo" type="java.lang.Integer">
            <column name="RoleBasicInfo" />
        </property>
        <set name="userInfos" inverse="true" lazy="false" cascade="all">
            <key>
                <column name="RoleID" />
            </key>
            <one-to-many class="com.po.UserInfo" />
        </set>
    </class>
</hibernate-mapping>
