<?xml version="1.0" encoding="utf-8"?>
<!DOCTYPE hibernate-mapping PUBLIC "-//Hibernate/Hibernate Mapping DTD 3.0//EN"
"http://hibernate.sourceforge.net/hibernate-mapping-3.0.dtd">
<!-- 
    Mapping file autogenerated by MyEclipse Persistence Tools
-->
<hibernate-mapping>
    <class name="com.po.SystemLog" table="SystemLog" schema="dbo" catalog="NsStorage">
        <id name="systemLogId" type="java.lang.Integer">
            <column name="SystemLogID" />
            <generator class="identity" />
        </id>
        <many-to-one name="branchInfo" class="com.po.BranchInfo" fetch="select" lazy="false">
            <column name="BranchID" />
        </many-to-one>
        <many-to-one name="userInfo" class="com.po.UserInfo" fetch="select" lazy="false">
            <column name="UserID" />
        </many-to-one>
        <property name="systemLogMemo" type="java.lang.String">
            <column name="SystemLogMemo" length="100" />
        </property>
    </class>
</hibernate-mapping>
