<?xml version="1.0" encoding="utf-8"?>
<!DOCTYPE hibernate-mapping PUBLIC "-//Hibernate/Hibernate Mapping DTD 3.0//EN"
"http://hibernate.sourceforge.net/hibernate-mapping-3.0.dtd">
<!-- 
    Mapping file autogenerated by MyEclipse Persistence Tools
-->
<hibernate-mapping>
    <class name="com.po.TrafficLog" table="TrafficLog" schema="dbo" catalog="NsStorage">
        <id name="trafficLogId" type="java.lang.Integer">
            <column name="TrafficLogID" />
            <generator class="identity" />
        </id>
        <many-to-one name="truckLog" class="com.po.TruckLog" fetch="select" lazy="false">
            <column name="TLID" />
        </many-to-one>
        <many-to-one name="branchInfo" class="com.po.BranchInfo" fetch="select" lazy="false">
            <column name="BranchID" />
        </many-to-one>
        <many-to-one name="billInfo" class="com.po.BillInfo" fetch="select" lazy="false">
            <column name="BillID" />
        </many-to-one>
    </class>
</hibernate-mapping>
