<?xml version="1.0" encoding="utf-8"?>
<!DOCTYPE hibernate-mapping PUBLIC "-//Hibernate/Hibernate Mapping DTD 3.0//EN"
"http://hibernate.sourceforge.net/hibernate-mapping-3.0.dtd">
<!-- 
    Mapping file autogenerated by MyEclipse Persistence Tools
-->
<hibernate-mapping>
    <class name="com.po.TruckModel" table="TruckModel" schema="dbo" catalog="NsStorage">
        <id name="tmid" type="java.lang.Integer">
            <column name="TMID" />
            <generator class="identity" />
        </id>
        <property name="tmname" type="java.lang.String">
            <column name="TMName" length="100" />
        </property>
        <property name="tmweight" type="java.lang.String">
            <column name="TMWeight" length="100" />
        </property>
        <property name="tmcubage" type="java.lang.String">
            <column name="TMCubage" length="100" />
        </property>
        <property name="tmpassenger" type="java.lang.Integer">
            <column name="TMPassenger" />
        </property>
        <set name="truckInfos" inverse="true" lazy="false" cascade="all">
            <key>
                <column name="TMID" />
            </key>
            <one-to-many class="com.po.TruckInfo" />
        </set>
    </class>
</hibernate-mapping>
