<?xml version="1.0" encoding="utf-8"?>
<!DOCTYPE hibernate-mapping PUBLIC "-//Hibernate/Hibernate Mapping DTD 3.0//EN"
"http://hibernate.sourceforge.net/hibernate-mapping-3.0.dtd">
<!-- 
    Mapping file autogenerated by MyEclipse Persistence Tools
-->
<hibernate-mapping>
    <class name="com.po.TruckLog" table="TruckLog" schema="dbo" catalog="NsStorage">
        <id name="tlid" type="java.lang.Integer">
            <column name="TLID" />
            <generator class="identity" />
        </id>
        <many-to-one name="driverInfo" class="com.po.DriverInfo" fetch="select" lazy="false">
            <column name="DriverID" />
        </many-to-one>
        <many-to-one name="branchInfo" class="com.po.BranchInfo" fetch="select" lazy="false">
            <column name="BranchID" />
        </many-to-one>
        <many-to-one name="truckInfo" class="com.po.TruckInfo" fetch="select" lazy="false">
            <column name="TruckID" />
        </many-to-one>
        <property name="tlstartData" type="java.lang.String">
            <column name="TLStartData" length="100" />
        </property>
        <property name="tlarrive" type="java.lang.String">
            <column name="TLArrive" length="100" />
        </property>
        <set name="trafficLogs" inverse="true" lazy="false" cascade="all">
            <key>
                <column name="TLID" />
            </key>
            <one-to-many class="com.po.TrafficLog" />
        </set>
    </class>
</hibernate-mapping>
