<?xml version="1.0" encoding="utf-8"?>
<!DOCTYPE hibernate-mapping PUBLIC "-//Hibernate/Hibernate Mapping DTD 3.0//EN"
"http://hibernate.sourceforge.net/hibernate-mapping-3.0.dtd">
<!-- 
    Mapping file autogenerated by MyEclipse Persistence Tools
-->
<hibernate-mapping>
    <class name="com.po.TruckInfo" table="TruckInfo" schema="dbo" catalog="NsStorage">
        <id name="truckId" type="java.lang.Integer">
            <column name="TruckID" />
            <generator class="identity" />
        </id>
        <many-to-one name="truckModel" class="com.po.TruckModel" fetch="select" lazy="false">
            <column name="TMID" />
        </many-to-one>
        <many-to-one name="branchInfo" class="com.po.BranchInfo" fetch="select" lazy="false">
            <column name="BranchID" />
        </many-to-one>
        <property name="truckNum" type="java.lang.String">
            <column name="TruckNum" length="100" />
        </property>
        <property name="truckEngineNum" type="java.lang.String">
            <column name="TruckEngineNum" length="100" />
        </property>
        <property name="truckRunNum" type="java.lang.String">
            <column name="TruckRunNum" length="100" />
        </property>
        <property name="truckInsuranceNum" type="java.lang.String">
            <column name="TruckInsuranceNum" length="100" />
        </property>
        <property name="truckColor" type="java.lang.String">
            <column name="TruckColor" length="100" />
        </property>
        <property name="truckPhoto" type="java.lang.String">
            <column name="TruckPhoto" length="100" />
        </property>
        <property name="truckBuyData" type="java.lang.String">
            <column name="TruckBuyData" length="100" />
        </property>
        <property name="truckIsVacancy" type="java.lang.Integer">
            <column name="TruckIsVacancy" />
        </property>
        <set name="truckLogs" inverse="true" lazy="false" cascade="all">
            <key>
                <column name="TruckID" />
            </key>
            <one-to-many class="com.po.TruckLog" />
        </set>
    </class>
</hibernate-mapping>
