<?xml version="1.0" encoding="utf-8"?>
<!DOCTYPE hibernate-mapping PUBLIC "-//Hibernate/Hibernate Mapping DTD 3.0//EN"
"http://hibernate.sourceforge.net/hibernate-mapping-3.0.dtd">
<!-- 
    Mapping file autogenerated by MyEclipse Persistence Tools
-->
<hibernate-mapping>
    <class name="com.po.UserInfo" table="UserInfo" schema="dbo" catalog="NsStorage">
        <id name="userId" type="java.lang.Integer">
            <column name="UserID" />
            <generator class="identity" />
        </id>
        <many-to-one name="departmentInfo" class="com.po.DepartmentInfo" fetch="select" lazy="false">
            <column name="DepartmentID" />
        </many-to-one>
        <many-to-one name="branchInfo" class="com.po.BranchInfo" fetch="select" lazy="false">
            <column name="BranchID" />
        </many-to-one>
        <many-to-one name="roleInfo" class="com.po.RoleInfo" fetch="select" lazy="false">
            <column name="RoleID" />
        </many-to-one>
        <property name="userName" type="java.lang.String">
            <column name="UserName" length="100" />
        </property>
        <property name="userRname" type="java.lang.String">
            <column name="UserRName" length="100" />
        </property>
        <property name="userPassword" type="java.lang.String">
            <column name="UserPassword" length="100" />
        </property>
        <property name="userSex" type="java.lang.String">
            <column name="UserSex" length="100" />
        </property>
        <property name="userPhone" type="java.lang.String">
            <column name="UserPhone" length="100" />
        </property>
        <property name="userCardId" type="java.lang.String">
            <column name="UserCardID" length="100" />
        </property>
        <property name="userLoginNum" type="java.lang.String">
            <column name="UserLoginNum" length="100" />
        </property>
        <property name="userLoginData" type="java.lang.String">
            <column name="UserLoginData" length="100" />
        </property>
        <property name="userRegData" type="java.lang.String">
            <column name="UserRegData" length="100" />
        </property>
        <set name="systemLogs" inverse="true" lazy="false" cascade="all">
            <key>
                <column name="UserID" />
            </key>
            <one-to-many class="com.po.SystemLog" />
        </set>
        <set name="afficheInfos" inverse="true" lazy="false" cascade="all">
            <key>
                <column name="UserID" />
            </key>
            <one-to-many class="com.po.AfficheInfo" />
        </set>
        <set name="billInfos" inverse="true" lazy="false" cascade="all">
            <key>
                <column name="UserID" />
            </key>
            <one-to-many class="com.po.BillInfo" />
        </set>
    </class>
</hibernate-mapping>
