<?xml version="1.0" encoding="utf-8"?>
<!DOCTYPE hibernate-mapping PUBLIC "-//Hibernate/Hibernate Mapping DTD 3.0//EN"
"http://hibernate.sourceforge.net/hibernate-mapping-3.0.dtd">
<!-- 
    Mapping file autogenerated by MyEclipse Persistence Tools
-->
<hibernate-mapping>
    <class name="com.accp.myoa.entity.BoardRoom" table="BoardRoom" schema="dbo" catalog="OA">
        <id name="boardRoomId" type="java.lang.Integer">
            <column name="boardRoomId" />
            <generator class="native" />
        </id>
        <property name="boardRoomName" type="java.lang.String">
            <column name="boardRoomName" length="15" not-null="true" />
        </property>
        <property name="holdNumber" type="java.lang.Integer">
            <column name="holdNumber" not-null="true" />
        </property>
        <property name="boardRoomRemark" type="java.lang.String">
            <column name="boardRoomRemark" length="200" />
        </property>
        <property name="boardRoomAddress" type="java.lang.String">
            <column name="boardRoomAddress" length="50" not-null="true" />
        </property>
        <set name="meetings" inverse="true">
            <key>
                <column name="boardRoomId" not-null="true" />
            </key>
            <one-to-many class="com.accp.myoa.entity.Meeting" />
        </set>
    </class>
</hibernate-mapping>
