<?xml version="1.0" encoding="utf-8"?>
<!DOCTYPE hibernate-mapping PUBLIC "-//Hibernate/Hibernate Mapping DTD 3.0//EN"
"http://hibernate.sourceforge.net/hibernate-mapping-3.0.dtd">
<!-- 
    Mapping file autogenerated by MyEclipse Persistence Tools
-->
<hibernate-mapping>
    <class name="com.accp.myoa.entity.Bulletin" table="Bulletin" schema="dbo" catalog="OA">
        <id name="bulletinId" type="java.lang.Integer">
            <column name="bulletinId" />
            <generator class="native" />
        </id>
        <many-to-one name="examineState" class="com.accp.myoa.entity.ExamineState" fetch="select">
            <column name="examineStateId" not-null="true" />
        </many-to-one>
        <many-to-one name="user" class="com.accp.myoa.entity.User" fetch="select">
            <column name="userId" not-null="true" />
        </many-to-one>
        <property name="bulletinTitle" type="java.lang.String">
            <column name="bulletinTitle" length="20" not-null="true" />
        </property>
        <property name="bulletinContent" type="java.lang.String">
            <column name="bulletinContent" length="200" not-null="true" />
        </property>
        <property name="bulletinDate" type="java.util.Date">
            <column name="bulletinDate" length="23" not-null="true" />
        </property>
        <property name="available" type="java.lang.Integer">
            <column name="available" not-null="true" />
        </property>
        <set name="bulletinExamines" inverse="true" cascade="all">
            <key>
                <column name="bulletinId" not-null="true" />
            </key>
            <one-to-many class="com.accp.myoa.entity.BulletinExamine" />
        </set>
        <set name="bulletinReads" inverse="true" cascade="all">
            <key>
                <column name="bulletinId" not-null="true" />
            </key>
            <one-to-many class="com.accp.myoa.entity.BulletinRead" />
        </set>
    </class>
</hibernate-mapping>
