<?xml version="1.0" encoding="utf-8"?>
<!DOCTYPE hibernate-mapping PUBLIC "-//Hibernate/Hibernate Mapping DTD 3.0//EN"
"http://hibernate.sourceforge.net/hibernate-mapping-3.0.dtd">
<!-- 
    Mapping file autogenerated by MyEclipse Persistence Tools
-->
<hibernate-mapping>
    <class name="com.accp.myoa.entity.Car" table="Car" schema="dbo" catalog="OA">
        <id name="carId" type="java.lang.Integer">
            <column name="carId" />
            <generator class="native" />
        </id>
        <property name="carNo" type="java.lang.String">
            <column name="carNo" length="25" not-null="true" />
        </property>
        <property name="carState" type="java.lang.Integer">
            <column name="carState" not-null="true" />
        </property>
        <set name="carApplies" inverse="true">
            <key>
                <column name="carId" not-null="true" />
            </key>
            <one-to-many class="com.accp.myoa.entity.CarApply" />
        </set>
    </class>
</hibernate-mapping>
