<?xml version="1.0" encoding="utf-8"?>
<!DOCTYPE hibernate-mapping PUBLIC "-//Hibernate/Hibernate Mapping DTD 3.0//EN"
"http://hibernate.sourceforge.net/hibernate-mapping-3.0.dtd">
<!-- 
    Mapping file autogenerated by MyEclipse Persistence Tools
-->
<hibernate-mapping>
    <class name="com.accp.myoa.entity.CarApply" table="CarApply" schema="dbo" catalog="OA">
        <id name="carApplyId" type="java.lang.Integer">
            <column name="carApplyId" />
            <generator class="native" />
        </id>
        <many-to-one name="userByDebuger" class="com.accp.myoa.entity.User" fetch="select">
            <column name="debuger" not-null="true" />
        </many-to-one>
        <many-to-one name="userByMotorMan" class="com.accp.myoa.entity.User" fetch="select">
            <column name="motorMan" not-null="true" />
        </many-to-one>
        <many-to-one name="userByProposer" class="com.accp.myoa.entity.User" fetch="select">
            <column name="proposer" not-null="true" />
        </many-to-one>
        <many-to-one name="car" class="com.accp.myoa.entity.Car" fetch="select">
            <column name="carId" not-null="true" />
        </many-to-one>
        <property name="startDate" type="java.util.Date">
            <column name="startDate" length="23" not-null="true" />
        </property>
        <property name="endDate" type="java.util.Date">
            <column name="endDate" length="23" not-null="true" />
        </property>
        <property name="prepDate" type="java.util.Date">
            <column name="prepDate" length="23" not-null="true" />
        </property>
        <property name="startTerra" type="java.lang.String">
            <column name="startTerra" length="50" not-null="true" />
        </property>
        <property name="destination" type="java.lang.String">
            <column name="destination" length="50" not-null="true" />
        </property>
        <property name="examineStateId" type="java.lang.Integer">
            <column name="examineStateId" not-null="true" />
        </property>
        <property name="mainContent" type="java.lang.String">
            <column name="mainContent" length="200" not-null="true" />
        </property>
        <property name="carApplyRemark" type="java.lang.String">
            <column name="carApplyRemark" length="200" />
        </property>
    </class>
</hibernate-mapping>
