<?xml version="1.0" encoding="utf-8"?>
<!DOCTYPE hibernate-mapping PUBLIC "-//Hibernate/Hibernate Mapping DTD 3.0//EN"
"http://hibernate.sourceforge.net/hibernate-mapping-3.0.dtd">
<!-- 
    Mapping file autogenerated by MyEclipse Persistence Tools
-->
<hibernate-mapping>
    <class name="com.accp.myoa.entity.ClientCompany" table="ClientCompany" schema="dbo" catalog="OA">
        <id name="clientCompanyId" type="java.lang.Integer">
            <column name="ClientCompanyId" />
            <generator class="native" />
        </id>
        <many-to-one name="client" class="com.accp.myoa.entity.Client" fetch="select">
            <column name="clientId" not-null="true" />
        </many-to-one>
        <property name="companyName" type="java.lang.String">
            <column name="companyName" length="20" not-null="true" />
        </property>
        <property name="comapnyPhone" type="java.lang.String">
            <column name="comapnyPhone" length="20" not-null="true" />
        </property>
        <property name="companyAddress" type="java.lang.String">
            <column name="companyAddress" length="20" not-null="true" />
        </property>
        <property name="companyRemark" type="java.lang.String">
            <column name="companyRemark" length="200" not-null="true" />
        </property>
    </class>
</hibernate-mapping>
