<?xml version="1.0" encoding="utf-8"?>
<!DOCTYPE hibernate-mapping PUBLIC "-//Hibernate/Hibernate Mapping DTD 3.0//EN"
"http://hibernate.sourceforge.net/hibernate-mapping-3.0.dtd">
<!-- 
    Mapping file autogenerated by MyEclipse Persistence Tools
-->
<hibernate-mapping>
    <class name="com.accp.myoa.entity.Client" table="Client" schema="dbo" catalog="OA">
        <id name="clientId" type="java.lang.Integer">
            <column name="clientId" />
            <generator class="native" />
        </id>
        <property name="clientName" type="java.lang.String">
            <column name="clientName" length="15" not-null="true" />
        </property>
        <property name="birthday" type="java.util.Date">
            <column name="birthday" length="23" />
        </property>
        <property name="address" type="java.lang.String">
            <column name="address" length="50" />
        </property>
        <property name="mobilePhone" type="java.lang.String">
            <column name="mobilePhone" length="15" />
        </property>
        <property name="qq" type="java.lang.String">
            <column name="qq" length="10" />
        </property>
        <property name="fax" type="java.lang.String">
            <column name="fax" length="15" />
        </property>
        <property name="email" type="java.lang.String">
            <column name="email" length="20" />
        </property>
        <property name="position" type="java.lang.String">
            <column name="position" length="10" />
        </property>
        <property name="sex" type="java.lang.Integer">
            <column name="sex" not-null="true" />
        </property>
        <property name="clientRemark" type="java.lang.String">
            <column name="clientRemark" length="200" />
        </property>
        <set name="clientCompanies" inverse="true">
            <key>
                <column name="clientId" not-null="true" />
            </key>
            <one-to-many class="com.accp.myoa.entity.ClientCompany" />
        </set>
    </class>
</hibernate-mapping>
