<?xml version="1.0" encoding="utf-8"?>
<!DOCTYPE hibernate-mapping PUBLIC "-//Hibernate/Hibernate Mapping DTD 3.0//EN"
"http://hibernate.sourceforge.net/hibernate-mapping-3.0.dtd">
<!-- 
    Mapping file autogenerated by MyEclipse Persistence Tools
-->
<hibernate-mapping>
    <class name="com.accp.myoa.entity.ComleteDegress" table="ComleteDegress" schema="dbo" catalog="OA">
        <id name="comleteDegressId" type="java.lang.Integer">
            <column name="comleteDegressId" />
            <generator class="native" />
        </id>
        <property name="comleteDegressName" type="java.lang.String">
            <column name="comleteDegressName" length="10" not-null="true" />
        </property>
        <property name="comleteDegressRemark" type="java.lang.String">
            <column name="comleteDegressRemark" length="200" />
        </property>
        <set name="weekDiaries" inverse="true">
            <key>
                <column name="comleteDegressId" not-null="true" />
            </key>
            <one-to-many class="com.accp.myoa.entity.WeekDiary" />
        </set>
        <set name="diaries" inverse="true">
            <key>
                <column name="comleteDegressId" not-null="true" />
            </key>
            <one-to-many class="com.accp.myoa.entity.Diary" />
        </set>
    </class>
</hibernate-mapping>
