<?xml version="1.0" encoding="utf-8"?>
<!DOCTYPE hibernate-mapping PUBLIC "-//Hibernate/Hibernate Mapping DTD 3.0//EN"
"http://hibernate.sourceforge.net/hibernate-mapping-3.0.dtd">
<!-- 
    Mapping file autogenerated by MyEclipse Persistence Tools
-->
<hibernate-mapping>
    <class name="com.accp.myoa.entity.DeptPosition" table="DeptPosition" schema="dbo" catalog="OA">
        <id name="deptPositionId" type="java.lang.Integer">
            <column name="deptPositionId" />
            <generator class="native" />
        </id>
        <many-to-one name="position" class="com.accp.myoa.entity.Position" lazy="false" fetch="select">
            <column name="positionId" not-null="true" />
        </many-to-one>
        <many-to-one name="dept" class="com.accp.myoa.entity.Dept" lazy="false" fetch="select">
            <column name="deptId" not-null="true" />
        </many-to-one>
        <property name="deptPositionRemark" type="java.lang.String">
            <column name="deptPositionRemark" length="50" />
        </property>
        <!--  
        <set name="positionPopedoms" inverse="true">
            <key>
                <column name="deptPositionId" not-null="true" />
            </key>
            <one-to-many class="com.accp.myoa.entity.PositionPopedom" />
        </set>
        <set name="users" inverse="true">
            <key>
                <column name="deptPositionId" not-null="true" />
            </key>
            <one-to-many class="com.accp.myoa.entity.User" />
        </set>
        -->
    </class>
</hibernate-mapping>
