<?xml version="1.0" encoding="utf-8"?>
<!DOCTYPE hibernate-mapping PUBLIC "-//Hibernate/Hibernate Mapping DTD 3.0//EN"
"http://hibernate.sourceforge.net/hibernate-mapping-3.0.dtd">
<!-- 
    Mapping file autogenerated by MyEclipse Persistence Tools
-->
<hibernate-mapping>
    <class name="com.accp.myoa.entity.Dept" table="Dept" schema="dbo" catalog="OA">
        <id name="deptId" type="java.lang.Integer">
            <column name="deptId" />
            <generator class="native" />
        </id>
        <property name="deptName" type="java.lang.String">
            <column name="deptName" length="10" not-null="true" />
        </property>
        <property name="deptPhone" type="java.lang.String">
            <column name="deptPhone" length="15" />
        </property>
        <property name="deptFax" type="java.lang.String">
            <column name="deptFax" length="15" />
        </property>
        <property name="deptRemark" type="java.lang.String">
            <column name="deptRemark" length="50" />
        </property>
        <!--  
        <set name="deptPositions" inverse="true">
            <key>
                <column name="deptId" not-null="true" />
            </key>
            <one-to-many class="com.accp.myoa.entity.DeptPosition" />
        </set>
        -->
    </class>
</hibernate-mapping>
