<?xml version="1.0" encoding="utf-8"?>
<!DOCTYPE hibernate-mapping PUBLIC "-//Hibernate/Hibernate Mapping DTD 3.0//EN"
"http://hibernate.sourceforge.net/hibernate-mapping-3.0.dtd">
<!-- 
    Mapping file autogenerated by MyEclipse Persistence Tools
-->
<hibernate-mapping>
    <class name="com.accp.myoa.entity.Diary" table="Diary" schema="dbo" catalog="OA">
        <id name="diaryId" type="java.lang.Integer">
            <column name="diaryId" />
            <generator class="native" />
        </id>
        <many-to-one name="comleteDegress" class="com.accp.myoa.entity.ComleteDegress" fetch="select">
            <column name="comleteDegressId" not-null="true" />
        </many-to-one>
        <many-to-one name="user" class="com.accp.myoa.entity.User" fetch="select">
            <column name="userId" not-null="true" />
        </many-to-one>
        <property name="diaryTitle" type="java.lang.String">
            <column name="diaryTitle" length="50" not-null="true" />
        </property>
        <property name="diaryContent" type="java.lang.String">
            <column name="diaryContent" length="200" not-null="true" />
        </property>
        <property name="diaryDate" type="java.util.Date">
            <column name="diaryDate" length="23" not-null="true" />
        </property>
    </class>
</hibernate-mapping>
