<?xml version="1.0" encoding="utf-8"?>
<!DOCTYPE hibernate-mapping PUBLIC "-//Hibernate/Hibernate Mapping DTD 3.0//EN"
"http://hibernate.sourceforge.net/hibernate-mapping-3.0.dtd">
<!-- 
    Mapping file autogenerated by MyEclipse Persistence Tools
-->
<hibernate-mapping>
    <class name="com.accp.myoa.entity.DocumentRead" table="DocumentRead" schema="dbo" catalog="OA">
        <id name="documentReadId" type="java.lang.Integer">
            <column name="documentReadId" />
            <generator class="native" />
        </id>
        <many-to-one name="readState" class="com.accp.myoa.entity.ReadState" fetch="select">
            <column name="readStateId" not-null="true" />
        </many-to-one>
        <many-to-one name="user" class="com.accp.myoa.entity.User" fetch="select">
            <column name="userId" not-null="true" />
        </many-to-one>
        <property name="documentId" type="java.lang.Integer">
            <column name="documentId" not-null="true" />
        </property>
    </class>
</hibernate-mapping>
