<?xml version="1.0" encoding="utf-8"?>
<!DOCTYPE hibernate-mapping PUBLIC "-//Hibernate/Hibernate Mapping DTD 3.0//EN"
"http://hibernate.sourceforge.net/hibernate-mapping-3.0.dtd">
<!-- 
    Mapping file autogenerated by MyEclipse Persistence Tools
-->
<hibernate-mapping>
    <class name="com.accp.myoa.entity.Document" table="Document" schema="dbo" catalog="OA">
        <id name="documentId" type="java.lang.Integer">
            <column name="documentId" />
            <generator class="native" />
        </id>
        <many-to-one name="examineState" class="com.accp.myoa.entity.ExamineState" fetch="select">
            <column name="examineStateId" not-null="true" />
        </many-to-one>
        <many-to-one name="user" class="com.accp.myoa.entity.User" fetch="select">
            <column name="userId" not-null="true" />
        </many-to-one>
        <property name="documentTitle" type="java.lang.String">
            <column name="documentTitle" length="20" not-null="true" />
        </property>
        <property name="documentContent" type="java.lang.String">
            <column name="documentContent" length="200" not-null="true" />
        </property>
        <property name="documentDate" type="java.util.Date">
            <column name="documentDate" length="23" not-null="true" />
        </property>
        <set name="documentExamines" inverse="true">
            <key>
                <column name="documentId" not-null="true" />
            </key>
            <one-to-many class="com.accp.myoa.entity.DocumentExamine" />
        </set>
    </class>
</hibernate-mapping>
