<?xml version="1.0" encoding="utf-8"?>
<!DOCTYPE hibernate-mapping PUBLIC "-//Hibernate/Hibernate Mapping DTD 3.0//EN"
"http://hibernate.sourceforge.net/hibernate-mapping-3.0.dtd">
<!-- 
    Mapping file autogenerated by MyEclipse Persistence Tools
-->
<hibernate-mapping>
    <class name="com.accp.myoa.entity.Egress" table="Egress" schema="dbo" catalog="OA">
        <id name="egressId" type="java.lang.Integer">
            <column name="egressId" />
            <generator class="native" />
        </id>
        <many-to-one name="user" class="com.accp.myoa.entity.User" fetch="select">
            <column name="userId" not-null="true" />
        </many-to-one>
        <property name="egressTitle" type="java.lang.String">
            <column name="egressTitle" length="50" not-null="true" />
        </property>
        <property name="egerssContent" type="java.lang.String">
            <column name="egerssContent" length="100" not-null="true" />
        </property>
        <property name="startDate" type="java.util.Date">
            <column name="startDate" length="23" not-null="true" />
        </property>
        <property name="prepDate" type="java.util.Date">
            <column name="prepDate" length="23" not-null="true" />
        </property>
        <property name="endDate" type="java.util.Date">
            <column name="endDate" length="23" not-null="true" />
        </property>
        <property name="egressRemark" type="java.lang.String">
            <column name="egressRemark" length="200" not-null="true" />
        </property>
        <set name="egressExamines" inverse="true">
            <key>
                <column name="egressId" not-null="true" />
            </key>
            <one-to-many class="com.accp.myoa.entity.EgressExamine" />
        </set>
    </class>
</hibernate-mapping>
