<?xml version="1.0" encoding="utf-8"?>
<!DOCTYPE hibernate-mapping PUBLIC "-//Hibernate/Hibernate Mapping DTD 3.0//EN"
"http://hibernate.sourceforge.net/hibernate-mapping-3.0.dtd">
<!-- 
    Mapping file autogenerated by MyEclipse Persistence Tools
-->
<hibernate-mapping>
    <class name="com.accp.myoa.entity.EgressExamine" table="EgressExamine" schema="dbo" catalog="OA">
        <id name="egressExamineId" type="java.lang.Integer">
            <column name="egressExamineId" />
            <generator class="native" />
        </id>
        <many-to-one name="egress" class="com.accp.myoa.entity.Egress" fetch="select">
            <column name="egressId" not-null="true" />
        </many-to-one>
        <many-to-one name="user" class="com.accp.myoa.entity.User" fetch="select">
            <column name="userId" not-null="true" />
        </many-to-one>
        <property name="egressState" type="java.lang.Integer">
            <column name="egressState" not-null="true" />
        </property>
    </class>
</hibernate-mapping>
