<?xml version="1.0" encoding="utf-8"?>
<!DOCTYPE hibernate-mapping PUBLIC "-//Hibernate/Hibernate Mapping DTD 3.0//EN"
"http://hibernate.sourceforge.net/hibernate-mapping-3.0.dtd">
<!-- 
    Mapping file autogenerated by MyEclipse Persistence Tools
-->
<hibernate-mapping>
    <class name="com.accp.myoa.entity.EmailReceivce" table="EmailReceivce" schema="dbo" catalog="OA">
        <id name="emailReceivceId" type="java.lang.Integer">
            <column name="emailReceivceId" />
            <generator class="native" />
        </id>
        <many-to-one name="email" class="com.accp.myoa.entity.Email" lazy="false" fetch="select">
            <column name="emailId" not-null="true" />
        </many-to-one>
        <many-to-one name="user" class="com.accp.myoa.entity.User" lazy="false" fetch="select">
            <column name="userId" not-null="true" />
        </many-to-one>
        <property name="emailState" type="java.lang.Integer">
            <column name="emailState" not-null="true" />
        </property>
    </class>
</hibernate-mapping>
