<?xml version="1.0" encoding="utf-8"?>
<!DOCTYPE hibernate-mapping PUBLIC "-//Hibernate/Hibernate Mapping DTD 3.0//EN"
"http://hibernate.sourceforge.net/hibernate-mapping-3.0.dtd">
<!-- 
    Mapping file autogenerated by MyEclipse Persistence Tools
-->
<hibernate-mapping>
    <class name="com.accp.myoa.entity.EmailType" table="EmailType" schema="dbo" catalog="OA">
        <id name="emailTypeId" type="java.lang.Integer">
            <column name="emailTypeId" />
            <generator class="native" />
        </id>
        <property name="emailTypeName" type="java.lang.String">
            <column name="emailTypeName" length="15" not-null="true" />
        </property>
        <property name="emailTypeRemark" type="java.lang.String">
            <column name="emailTypeRemark" length="200" />
        </property>
       
    </class>
</hibernate-mapping>
