<?xml version="1.0" encoding="utf-8"?>
<!DOCTYPE hibernate-mapping PUBLIC "-//Hibernate/Hibernate Mapping DTD 3.0//EN"
"http://hibernate.sourceforge.net/hibernate-mapping-3.0.dtd">
<!-- 
    Mapping file autogenerated by MyEclipse Persistence Tools
-->
<hibernate-mapping>
    <class name="com.accp.myoa.entity.Email" table="Email" schema="dbo" catalog="OA">
        <id name="emailId" type="java.lang.Integer">
            <column name="emailId" />
            <generator class="native" />
        </id>
        <many-to-one name="emailType" class="com.accp.myoa.entity.EmailType" lazy="false" fetch="select">
            <column name="emailTypeId" not-null="true" />
        </many-to-one>
        <many-to-one name="user" class="com.accp.myoa.entity.User"  lazy="false" fetch="select">
            <column name="userId" not-null="true" />
        </many-to-one>
        <property name="emailTitle" type="java.lang.String">
            <column name="emailTitle" length="50" not-null="true" />
        </property>
        <property name="emailContent" type="java.lang.String">
            <column name="emailContent" length="500" not-null="true" />
        </property>
        <property name="emailDate" type="java.util.Date">
            <column name="emailDate" length="23" not-null="true" />
        </property>
       
    </class>
</hibernate-mapping>
