<?xml version="1.0" encoding="utf-8"?>
<!DOCTYPE hibernate-mapping PUBLIC "-//Hibernate/Hibernate Mapping DTD 3.0//EN"
"http://hibernate.sourceforge.net/hibernate-mapping-3.0.dtd">
<!-- 
    Mapping file autogenerated by MyEclipse Persistence Tools
-->
<hibernate-mapping>
    <class name="com.accp.myoa.entity.ExamineState" table="ExamineState" schema="dbo" catalog="OA">
        <id name="examineStateId" type="java.lang.Integer">
            <column name="examineStateId" />
            <generator class="native" />
        </id>
        <property name="examineStateName" type="java.lang.String">
            <column name="examineStateName" length="10" not-null="true" />
        </property>
        <property name="examineStateRemark" type="java.lang.String">
            <column name="examineStateRemark" length="50" />
        </property>
        <set name="meetings" inverse="true">
            <key>
                <column name="examineStateId" not-null="true" />
            </key>
            <one-to-many class="com.accp.myoa.entity.Meeting" />
        </set>
        <set name="documents" inverse="true">
            <key>
                <column name="examineStateId" not-null="true" />
            </key>
            <one-to-many class="com.accp.myoa.entity.Document" />
        </set>
    </class>
</hibernate-mapping>
