<?xml version="1.0" encoding="utf-8"?>
<!DOCTYPE hibernate-mapping PUBLIC "-//Hibernate/Hibernate Mapping DTD 3.0//EN"
"http://hibernate.sourceforge.net/hibernate-mapping-3.0.dtd">
<!-- 
    Mapping file autogenerated by MyEclipse Persistence Tools
-->
<hibernate-mapping>
    <class name="com.accp.myoa.entity.File" table="File" schema="dbo" catalog="OA">
        <id name="fileId" type="java.lang.Integer">
            <column name="fileId" />
            <generator class="native" />
        </id>
        <many-to-one name="email" class="com.accp.myoa.entity.Email" fetch="select">
            <column name="emailId" not-null="true" />
        </many-to-one>
        <many-to-one name="user" class="com.accp.myoa.entity.User" fetch="select">
            <column name="userId" not-null="true" />
        </many-to-one>
        <property name="fileName" type="java.lang.String">
            <column name="fileName" length="20" not-null="true" />
        </property>
        <property name="uploadTime" type="java.util.Date">
            <column name="uploadTime" length="23" not-null="true" />
        </property>
        <property name="fileState" type="java.lang.Integer">
            <column name="fileState" not-null="true" />
        </property>
    </class>
</hibernate-mapping>
