<?xml version="1.0" encoding="utf-8"?>
<!DOCTYPE hibernate-mapping PUBLIC "-//Hibernate/Hibernate Mapping DTD 3.0//EN"
"http://hibernate.sourceforge.net/hibernate-mapping-3.0.dtd">
<!-- 
    Mapping file autogenerated by MyEclipse Persistence Tools
-->
<hibernate-mapping>
    <class name="com.accp.myoa.entity.LeaveWord" table="LeaveWord" schema="dbo" catalog="OA">
        <id name="leaveWordId" type="java.lang.Integer">
            <column name="leaveWordId" />
            <generator class="native" />
        </id>
        <many-to-one name="user" class="com.accp.myoa.entity.User" fetch="select">
            <column name="userId" not-null="true" />
        </many-to-one>
        <property name="leaveWordContent" type="java.lang.String">
            <column name="leaveWordContent" length="200" not-null="true" />
        </property>
        <property name="leaveWordDate" type="java.util.Date">
            <column name="leaveWordDate" length="23" not-null="true" />
        </property>
    </class>
</hibernate-mapping>
