<?xml version="1.0" encoding="utf-8"?>
<!DOCTYPE hibernate-mapping PUBLIC "-//Hibernate/Hibernate Mapping DTD 3.0//EN"
"http://hibernate.sourceforge.net/hibernate-mapping-3.0.dtd">
<!-- 
    Mapping file autogenerated by MyEclipse Persistence Tools
-->
<hibernate-mapping>
    <class name="com.accp.myoa.entity.Level" table="Level" schema="dbo" catalog="OA">
        <id name="levelId" type="java.lang.Integer">
            <column name="levelId" />
            <generator class="native" />
        </id>
        <property name="levelName" type="java.lang.String">
            <column name="levelName" length="15" not-null="true" />
        </property>
        <property name="levelRemark" type="java.lang.String">
            <column name="levelRemark" length="200" />
        </property>
        <set name="scratchpads" inverse="true">
            <key>
                <column name="levelId" not-null="true" />
            </key>
            <one-to-many class="com.accp.myoa.entity.Scratchpad" />
        </set>
    </class>
</hibernate-mapping>
