<?xml version="1.0" encoding="utf-8"?>
<!DOCTYPE hibernate-mapping PUBLIC "-//Hibernate/Hibernate Mapping DTD 3.0//EN"
"http://hibernate.sourceforge.net/hibernate-mapping-3.0.dtd">
<!-- 
    Mapping file autogenerated by MyEclipse Persistence Tools
-->
<hibernate-mapping>
    <class name="com.accp.myoa.entity.Meeting" table="Meeting" schema="dbo" catalog="OA">
        <id name="meetingId" type="java.lang.Integer">
            <column name="meetingId" />
            <generator class="native" />
        </id>
        <many-to-one name="examineState" class="com.accp.myoa.entity.ExamineState" fetch="select">
            <column name="examineStateId" not-null="true" />
        </many-to-one>
        <many-to-one name="boardRoom" class="com.accp.myoa.entity.BoardRoom" fetch="select">
            <column name="boardRoomId" not-null="true" />
        </many-to-one>
        <many-to-one name="userByExaminer" class="com.accp.myoa.entity.User" fetch="select">
            <column name="examiner" not-null="true" />
        </many-to-one>
        <many-to-one name="userByUserId" class="com.accp.myoa.entity.User" fetch="select">
            <column name="userId" not-null="true" />
        </many-to-one>
        <many-to-one name="meetingstate" class="com.accp.myoa.entity.Meetingstate" fetch="select">
            <column name="meetingStateId" not-null="true" />
        </many-to-one>
        <property name="meetingTitle" type="java.lang.String">
            <column name="meetingTitle" length="50" not-null="true" />
        </property>
        <property name="meetingContent" type="java.lang.String">
            <column name="meetingContent" length="500" not-null="true" />
        </property>
        <property name="meetingTime" type="java.lang.String">
            <column name="meetingTime" length="23" />
        </property>
        <property name="startTime" type="java.lang.String">
            <column name="startTime" length="23" not-null="true" />
        </property>
        <property name="endTime" type="java.lang.String">
            <column name="endTime" length="23" not-null="true" />
        </property>
        <property name="outUser" type="java.lang.String">
            <column name="outUser" length="100" />
        </property>
        <set name="meetingSummaries" inverse="true" cascade="delete">
            <key>
                <column name="meetingId" not-null="true" />
            </key>
            <one-to-many class="com.accp.myoa.entity.MeetingSummary" />
        </set>
        <set name="meetingReads" inverse="true" cascade="delete">
            <key>
                <column name="meetingId" not-null="true" />
            </key>
            <one-to-many class="com.accp.myoa.entity.MeetingRead" />
        </set>
    </class>
</hibernate-mapping>
