<?xml version="1.0" encoding="utf-8"?>
<!DOCTYPE hibernate-mapping PUBLIC "-//Hibernate/Hibernate Mapping DTD 3.0//EN"
"http://hibernate.sourceforge.net/hibernate-mapping-3.0.dtd">
<!-- 
    Mapping file autogenerated by MyEclipse Persistence Tools
-->
<hibernate-mapping>
    <class name="com.accp.myoa.entity.Meetingstate" table="Meetingstate" schema="dbo" catalog="OA">
        <id name="meetingStateId" type="java.lang.Integer">
            <column name="meetingStateId" />
            <generator class="native" />
        </id>
        <property name="meetingStateName" type="java.lang.String">
            <column name="meetingStateName" length="15" not-null="true" />
        </property>
        <property name="meetingStateRemark" type="java.lang.String">
            <column name="meetingStateRemark" length="200" />
        </property>
        <set name="meetings" inverse="true">
            <key>
                <column name="meetingStateId" not-null="true" />
            </key>
            <one-to-many class="com.accp.myoa.entity.Meeting" />
        </set>
    </class>
</hibernate-mapping>
