<?xml version="1.0" encoding="utf-8"?>
<!DOCTYPE hibernate-mapping PUBLIC "-//Hibernate/Hibernate Mapping DTD 3.0//EN"
"http://hibernate.sourceforge.net/hibernate-mapping-3.0.dtd">
<!-- 
    Mapping file autogenerated by MyEclipse Persistence Tools
-->
<hibernate-mapping>
    <class name="com.accp.myoa.entity.MeetingSummary" table="MeetingSummary" schema="dbo" catalog="OA">
        <id name="meetingSummaryId" type="java.lang.Integer">
            <column name="meetingSummaryId" />
            <generator class="native" />
        </id>
        <many-to-one name="meeting" class="com.accp.myoa.entity.Meeting" fetch="select">
            <column name="meetingId" not-null="true" />
        </many-to-one>
        <property name="meetingSummaryContent" type="java.lang.String">
            <column name="meetingSummaryContent" length="500" not-null="true" />
        </property>
    </class>
</hibernate-mapping>
