<?xml version="1.0" encoding="utf-8"?>
<!DOCTYPE hibernate-mapping PUBLIC "-//Hibernate/Hibernate Mapping DTD 3.0//EN"
"http://hibernate.sourceforge.net/hibernate-mapping-3.0.dtd">
<!-- 
    Mapping file autogenerated by MyEclipse Persistence Tools
-->
<hibernate-mapping>
    <class name="com.accp.myoa.entity.Menu" table="Menu" schema="dbo" catalog="OA">
        <id name="menuId" type="java.lang.Integer">
            <column name="menuId" />
            <generator class="native" />
        </id>
        <property name="menuName" type="java.lang.String">
            <column name="menuName" length="25" not-null="true" />
        </property>
        <property name="menuParentId" type="java.lang.Integer">
            <column name="menuParentId" not-null="true" />
        </property>
        <property name="menuPic" type="java.lang.String">
            <column name="menuPic" length="10" not-null="true" />
        </property>
        <property name="menuLevel" type="java.lang.Integer">
            <column name="menuLevel" not-null="true" />
        </property>
        <property name="menuUrl" type="java.lang.String">
            <column name="menuUrl" length="50" not-null="true" />
        </property>
        <property name="menuRemark" type="java.lang.String">
            <column name="menuRemark" length="50" />
        </property>
        <set name="positionPopedoms" inverse="true">
            <key>
                <column name="menuId" not-null="true" />
            </key>
            <one-to-many class="com.accp.myoa.entity.PositionPopedom" />
        </set>
    </class>
</hibernate-mapping>
