<?xml version="1.0" encoding="utf-8"?>
<!DOCTYPE hibernate-mapping PUBLIC "-//Hibernate/Hibernate Mapping DTD 3.0//EN"
"http://hibernate.sourceforge.net/hibernate-mapping-3.0.dtd">
<!-- 
    Mapping file autogenerated by MyEclipse Persistence Tools
-->
<hibernate-mapping>
    <class name="com.accp.myoa.entity.Message" table="Message" schema="dbo" catalog="OA">
        <id name="messageId" type="java.lang.Integer">
            <column name="messageId" />
            <generator class="native" />
        </id>
        <many-to-one name="messageType" class="com.accp.myoa.entity.MessageType" fetch="select">
            <column name="messageTypeId" not-null="true" />
        </many-to-one>
        <many-to-one name="user" class="com.accp.myoa.entity.User" fetch="select">
            <column name="userId" not-null="true" />
        </many-to-one>
        <property name="messageContent" type="java.lang.String">
            <column name="messageContent" length="200" not-null="true" />
        </property>
        <property name="messageDate" type="java.util.Date">
            <column name="messageDate" length="23" not-null="true" />
        </property>
        <set name="messageReceives" inverse="true">
            <key>
                <column name="messageId" not-null="true" />
            </key>
            <one-to-many class="com.accp.myoa.entity.MessageReceive" />
        </set>
    </class>
</hibernate-mapping>
