<?xml version="1.0" encoding="utf-8"?>
<!DOCTYPE hibernate-mapping PUBLIC "-//Hibernate/Hibernate Mapping DTD 3.0//EN"
"http://hibernate.sourceforge.net/hibernate-mapping-3.0.dtd">
<!-- 
    Mapping file autogenerated by MyEclipse Persistence Tools
-->
<hibernate-mapping>
    <class name="com.accp.myoa.entity.MessageType" table="MessageType" schema="dbo" catalog="OA">
        <id name="messageTypeId" type="java.lang.Integer">
            <column name="messageTypeId" />
            <generator class="native" />
        </id>
        <property name="messageTypeName" type="java.lang.String">
            <column name="messageTypeName" length="10" not-null="true" />
        </property>
        <property name="messageTypePic" type="java.lang.String">
            <column name="messageTypePic" length="25" not-null="true" />
        </property>
        <set name="messages" inverse="true">
            <key>
                <column name="messageTypeId" not-null="true" />
            </key>
            <one-to-many class="com.accp.myoa.entity.Message" />
        </set>
    </class>
</hibernate-mapping>
