<?xml version="1.0" encoding="utf-8"?>
<!DOCTYPE hibernate-mapping PUBLIC "-//Hibernate/Hibernate Mapping DTD 3.0//EN"
"http://hibernate.sourceforge.net/hibernate-mapping-3.0.dtd">
<!-- 
    Mapping file autogenerated by MyEclipse Persistence Tools
-->
<hibernate-mapping>
    <class name="com.accp.myoa.entity.MessageReceive" table="MessageReceive" schema="dbo" catalog="OA">
        <id name="messageReceiveId" type="java.lang.Integer">
            <column name="messageReceiveId" />
            <generator class="native" />
        </id>
        <many-to-one name="message" class="com.accp.myoa.entity.Message" fetch="select">
            <column name="messageId" not-null="true" />
        </many-to-one>
        <many-to-one name="user" class="com.accp.myoa.entity.User" fetch="select">
            <column name="userId" not-null="true" />
        </many-to-one>
    </class>
</hibernate-mapping>
