<?xml version="1.0" encoding="utf-8"?>
<!DOCTYPE hibernate-mapping PUBLIC "-//Hibernate/Hibernate Mapping DTD 3.0//EN"
"http://hibernate.sourceforge.net/hibernate-mapping-3.0.dtd">
<!-- 
    Mapping file autogenerated by MyEclipse Persistence Tools
-->
<hibernate-mapping>
    <class name="com.accp.myoa.entity.Position" table="Position" schema="dbo" catalog="OA">
        <id name="positionId" type="java.lang.Integer">
            <column name="positionId" />
            <generator class="native" />
        </id>
        <property name="positionName" type="java.lang.String">
            <column name="positionName" length="15" not-null="true" />
        </property>
        <property name="positionRemark" type="java.lang.String">
            <column name="positionRemark" length="50" />
        </property>
        <!--  
        <set name="deptPositions" inverse="true">
            <key>
                <column name="positionId" not-null="true" />
            </key>
            <one-to-many class="com.accp.myoa.entity.DeptPosition" />
        </set>
        -->
    </class>
</hibernate-mapping>
