<?xml version="1.0" encoding="utf-8"?>
<!DOCTYPE hibernate-mapping PUBLIC "-//Hibernate/Hibernate Mapping DTD 3.0//EN"
"http://hibernate.sourceforge.net/hibernate-mapping-3.0.dtd">
<!-- 
    Mapping file autogenerated by MyEclipse Persistence Tools
-->
<hibernate-mapping>
    <class name="com.accp.myoa.entity.PositionPopedom" table="PositionPopedom" schema="dbo" catalog="OA">
        <id name="positionPopedomId" type="java.lang.Integer">
            <column name="positionPopedomId" />
            <generator class="native" />
        </id>
        
        <many-to-one name="menu" class="com.accp.myoa.entity.Menu" fetch="select" lazy="false">
            <column name="menuId" not-null="true" />
        </many-to-one>
        <many-to-one name="deptPosition" class="com.accp.myoa.entity.DeptPosition"  lazy="false" fetch="select">
            <column name="deptPositionId" not-null="true" />
        </many-to-one>
        <property name="menuState" type="java.lang.Integer">
            <column name="menuState" not-null="true"/>
        </property>
    </class>
</hibernate-mapping>
