<?xml version="1.0" encoding="utf-8"?>
<!DOCTYPE hibernate-mapping PUBLIC "-//Hibernate/Hibernate Mapping DTD 3.0//EN"
"http://hibernate.sourceforge.net/hibernate-mapping-3.0.dtd">
<!-- 
    Mapping file autogenerated by MyEclipse Persistence Tools
-->
<hibernate-mapping>
    <class name="com.accp.myoa.entity.ReadState" table="ReadState" schema="dbo" catalog="OA">
        <id name="readStateId" type="java.lang.Integer">
            <column name="readStateId" />
            <generator class="native" />
        </id>
        <property name="readStateName" type="java.lang.String">
            <column name="readStateName" length="10" not-null="true" />
        </property>
        <property name="readStateRemark" type="java.lang.String">
            <column name="readStateRemark" length="50" />
        </property>
        <set name="documentReads" inverse="true">
            <key>
                <column name="readStateId" not-null="true" />
            </key>
            <one-to-many class="com.accp.myoa.entity.DocumentRead" />
        </set>
        <set name="meetingReads" inverse="true">
            <key>
                <column name="readStateId" not-null="true" />
            </key>
            <one-to-many class="com.accp.myoa.entity.MeetingRead" />
        </set>
        <set name="bulletinReads" inverse="true">
            <key>
                <column name="readStateId" not-null="true" />
            </key>
            <one-to-many class="com.accp.myoa.entity.BulletinRead" />
        </set>
    </class>
</hibernate-mapping>
