<?xml version="1.0" encoding="utf-8"?>
<!DOCTYPE hibernate-mapping PUBLIC "-//Hibernate/Hibernate Mapping DTD 3.0//EN"
"http://hibernate.sourceforge.net/hibernate-mapping-3.0.dtd">
<!-- 
    Mapping file autogenerated by MyEclipse Persistence Tools
-->
<hibernate-mapping>
    <class name="com.accp.myoa.entity.Scratchpad" table="Scratchpad" schema="dbo" catalog="OA">
        <id name="scratchpadId" type="java.lang.Integer">
            <column name="scratchpadId" />
            <generator class="native" />
        </id>
       
        <many-to-one name="user" class="com.accp.myoa.entity.User" lazy="false" fetch="select">
            <column name="userId" not-null="true" />
        </many-to-one>
        <property name="scratchpadTitle" type="java.lang.String">
            <column name="scratchpadTitle" length="50" not-null="true" />
        </property>
        <property name="scratchpadContent" type="java.lang.String">
            <column name="scratchpadContent" length="200" not-null="true" />
        </property>
        <property name="scratchpadDate" type="java.util.Date">
            <column name="scratchpadDate" length="23" not-null="true" />
        </property>
    </class>
</hibernate-mapping>
