<?xml version="1.0" encoding="utf-8"?>
<!DOCTYPE hibernate-mapping PUBLIC "-//Hibernate/Hibernate Mapping DTD 3.0//EN"
"http://hibernate.sourceforge.net/hibernate-mapping-3.0.dtd">
<!-- 
    Mapping file autogenerated by MyEclipse Persistence Tools
-->
<hibernate-mapping>
    <class name="com.accp.myoa.entity.Unit" table="Unit" schema="dbo" catalog="OA">
        <id name="unitId" type="java.lang.Integer">
            <column name="unitId" />
            <generator class="native" />
        </id>
        <property name="unitName" type="java.lang.String">
            <column name="unitName" length="20" not-null="true" />
        </property>
        <property name="unitPhone" type="java.lang.String">
            <column name="unitPhone" length="15" not-null="true" />
        </property>
        <property name="unitFax" type="java.lang.String">
            <column name="unitFax" length="15" not-null="true" />
        </property>
        <property name="unitPost" type="java.lang.String">
            <column name="unitPost" length="10" not-null="true" />
        </property>
        <property name="unitAddress" type="java.lang.String">
            <column name="unitAddress" length="50" not-null="true" />
        </property>
        <property name="unitNet" type="java.lang.String">
            <column name="unitNet" length="50" />
        </property>
        <property name="unitEmail" type="java.lang.String">
            <column name="unitEmail" length="50" not-null="true" />
        </property>
        <property name="unitBank" type="java.lang.String">
            <column name="unitBank" length="25" />
        </property>
        <property name="nuitBankNo" type="java.lang.String">
            <column name="nuitBankNo" length="25" />
        </property>
    </class>
</hibernate-mapping>
