<?xml version="1.0" encoding="utf-8"?>
<!DOCTYPE hibernate-mapping PUBLIC "-//Hibernate/Hibernate Mapping DTD 3.0//EN"
"http://hibernate.sourceforge.net/hibernate-mapping-3.0.dtd">
<!-- 
    Mapping file autogenerated by MyEclipse Persistence Tools
-->
<hibernate-mapping>
    <class name="com.accp.myoa.entity.UserState" table="UserState" schema="dbo" catalog="OA">
        <id name="userStateId" type="java.lang.Integer">
            <column name="userStateId" />
            <generator class="native" />
        </id>
        <property name="userStateName" type="java.lang.String">
            <column name="userStateName" length="20" not-null="true" />
        </property>
        <property name="userStateRemark" type="java.lang.String">
            <column name="userStateRemark" length="100" />
        </property>
        <set name="users" inverse="true">
            <key>
                <column name="userStateId" not-null="true" />
            </key>
            <one-to-many class="com.accp.myoa.entity.User" />
        </set>
    </class>
</hibernate-mapping>
