<?xml version="1.0" encoding="utf-8"?>
<!DOCTYPE hibernate-mapping PUBLIC "-//Hibernate/Hibernate Mapping DTD 3.0//EN"
"http://hibernate.sourceforge.net/hibernate-mapping-3.0.dtd">
<!-- 
    Mapping file autogenerated by MyEclipse Persistence Tools
-->
<hibernate-mapping>
    <class name="com.accp.myoa.entity.User" table="Users" schema="dbo" catalog="OA">
        <id name="userId" type="java.lang.Integer">
            <column name="userId" />
            <generator class="native" />
        </id>
        <many-to-one name="userState" class="com.accp.myoa.entity.UserState" lazy="false" fetch="select">
            <column name="userStateId" not-null="true" />
        </many-to-one>
        <many-to-one name="deptPosition" class="com.accp.myoa.entity.DeptPosition" lazy="false" fetch="select">
            <column name="deptPositionId" not-null="true" />
        </many-to-one>
        <property name="loginName" type="java.lang.String">
            <column name="loginName" length="15" not-null="true" />
        </property>
        <property name="password" type="java.lang.String">
            <column name="password" length="20" not-null="true" />
        </property>
        <property name="userName" type="java.lang.String">
            <column name="userName" length="10" not-null="true" />
        </property>
        <property name="sex" type="java.lang.Integer">
            <column name="sex" not-null="true" />
        </property>
        <property name="birthday" type="java.util.Date">
            <column name="birthday" length="23" not-null="true" />
        </property>
        <property name="age" type="java.lang.Integer">
            <column name="age" not-null="true" />
        </property>
        <property name="idCard" type="java.lang.String">
            <column name="idCard" length="20" not-null="true" />
        </property>
        <property name="address" type="java.lang.String">
            <column name="address" length="50" />
        </property>
        <property name="mobilePhone" type="java.lang.String">
            <column name="mobilePhone" length="15" />
        </property>
        <property name="comPhone" type="java.lang.String">
            <column name="comPhone" length="15" />
        </property>
        <property name="qq" type="java.lang.String">
            <column name="qq" length="10" />
        </property>
        <property name="fax" type="java.lang.String">
            <column name="fax" length="15" />
        </property>
        <property name="email" type="java.lang.String">
            <column name="email" length="20" />
        </property>
        <property name="userRemark" type="java.lang.String">
            <column name="userRemark" length="50" />
        </property>
        
         <!--
        <set name="carAppliesForDebuger" inverse="true">
            <key>
                <column name="debuger" not-null="true" />
            </key>
            <one-to-many class="com.accp.myoa.entity.CarApply" />
        </set>
        <set name="carAppliesForProposer" inverse="true">
            <key>
                <column name="proposer" not-null="true" />
            </key>
            <one-to-many class="com.accp.myoa.entity.CarApply" />
        </set>
        <set name="documents" inverse="true">
            <key>
                <column name="userId" not-null="true" />
            </key>
            <one-to-many class="com.accp.myoa.entity.Document" />
        </set>
        <set name="messageReceives" inverse="true">
            <key>
                <column name="userId" not-null="true" />
            </key>
            <one-to-many class="com.accp.myoa.entity.MessageReceive" />
        </set>
        <set name="turnOutForWorks" inverse="true">
            <key>
                <column name="userId" not-null="true" />
            </key>
            <one-to-many class="com.accp.myoa.entity.TurnOutForWork" />
        </set>
        <set name="egresses" inverse="true">
            <key>
                <column name="userId" not-null="true" />
            </key>
            <one-to-many class="com.accp.myoa.entity.Egress" />
        </set>
        <set name="weekDiaries" inverse="true">
            <key>
                <column name="userId" not-null="true" />
            </key>
            <one-to-many class="com.accp.myoa.entity.WeekDiary" />
        </set>
        <set name="documentExamines" inverse="true">
            <key>
                <column name="userId" not-null="true" />
            </key>
            <one-to-many class="com.accp.myoa.entity.DocumentExamine" />
        </set>
        <set name="scratchpads" inverse="true">
            <key>
                <column name="userId" not-null="true" />
            </key>
            <one-to-many class="com.accp.myoa.entity.Scratchpad" />
        </set>
        <set name="leaveWords" inverse="true">
            <key>
                <column name="userId" not-null="true" />
            </key>
            <one-to-many class="com.accp.myoa.entity.LeaveWord" />
        </set>
        <set name="bulletinExamines" inverse="true">
            <key>
                <column name="userId" not-null="true" />
            </key>
            <one-to-many class="com.accp.myoa.entity.BulletinExamine" />
        </set>
        <set name="meetingSummaryScans" inverse="true">
            <key>
                <column name="userId" not-null="true" />
            </key>
            <one-to-many class="com.accp.myoa.entity.MeetingSummaryScan" />
        </set>
        <set name="emails" inverse="true">
            <key>
                <column name="userId" not-null="true" />
            </key>
            <one-to-many class="com.accp.myoa.entity.Email" />
        </set>
        
        <set name="meetingsForUserId" inverse="true">
            <key>
                <column name="userId" not-null="true" />
            </key>
            <one-to-many class="com.accp.myoa.entity.Meeting" />
        </set>
        <set name="meetingsForExaminer" inverse="true">
            <key>
                <column name="examiner" not-null="true" />
            </key>
            <one-to-many class="com.accp.myoa.entity.Meeting" />
        </set>
      
        <set name="messages" inverse="true">
            <key>
                <column name="userId" not-null="true" />
            </key>
            <one-to-many class="com.accp.myoa.entity.Message" />
        </set>
        <set name="bulletinReads" inverse="true">
            <key>
                <column name="userId" not-null="true" />
            </key>
            <one-to-many class="com.accp.myoa.entity.BulletinRead" />
        </set>
        <set name="files" inverse="true">
            <key>
                <column name="userId" not-null="true" />
            </key>
            <one-to-many class="com.accp.myoa.entity.File" />
        </set>
        <set name="documentReads" inverse="true">
            <key>
                <column name="userId" not-null="true" />
            </key>
            <one-to-many class="com.accp.myoa.entity.DocumentRead" />
        </set>
        <set name="meetingReads" inverse="true">
            <key>
                <column name="userId" not-null="true" />
            </key>
            <one-to-many class="com.accp.myoa.entity.MeetingRead" />
        </set>
        <set name="egressExamines" inverse="true">
            <key>
                <column name="userId" not-null="true" />
            </key>
            <one-to-many class="com.accp.myoa.entity.EgressExamine" />
        </set>
        <set name="diaries" inverse="true">
            <key>
                <column name="userId" not-null="true" />
            </key>
            <one-to-many class="com.accp.myoa.entity.Diary" />
        </set>
        <set name="emailReceivces" inverse="true">
            <key>
                <column name="userId" not-null="true" />
            </key>
            <one-to-many class="com.accp.myoa.entity.EmailReceivce" />
        </set>
        <set name="carAppliesForMotorMan" inverse="true">
            <key>
                <column name="motorMan" not-null="true" />
            </key>
            <one-to-many class="com.accp.myoa.entity.CarApply" />
        </set>
        <set name="bulletins" inverse="true">
            <key>
                <column name="userId" not-null="true" />
            </key>
            <one-to-many class="com.accp.myoa.entity.Bulletin" />
        </set>
          -->
    </class>
</hibernate-mapping>
