<?xml version="1.0" encoding="utf-8"?>
<!DOCTYPE hibernate-mapping PUBLIC "-//Hibernate/Hibernate Mapping DTD 3.0//EN"
"http://hibernate.sourceforge.net/hibernate-mapping-3.0.dtd">
<!-- 
    Mapping file autogenerated by MyEclipse Persistence Tools
-->
<hibernate-mapping>
    <class name="com.accp.myoa.entity.WeekDiary" table="WeekDiary" schema="dbo" catalog="OA">
        <id name="weekDiaryId" type="java.lang.Integer">
            <column name="weekDiaryId" />
            <generator class="native" />
        </id>
        <many-to-one name="comleteDegress" class="com.accp.myoa.entity.ComleteDegress" fetch="select">
            <column name="comleteDegressId" not-null="true" />
        </many-to-one>
        <many-to-one name="user" class="com.accp.myoa.entity.User" fetch="select">
            <column name="userId" not-null="true" />
        </many-to-one>
        <property name="weekDiaryTitle" type="java.lang.String">
            <column name="weekDiaryTitle" length="50" not-null="true" />
        </property>
        <property name="weekDiaryContent" type="java.lang.String">
            <column name="weekDiaryContent" length="200" not-null="true" />
        </property>
        <property name="weekDiaryDate" type="java.util.Date">
            <column name="weekDiaryDate" length="23" not-null="true" />
        </property>
    </class>
</hibernate-mapping>
