<list>
	<item>
		<title>萨马兰奇遗体告别仪式举行</title>
		<image>http://g4.ykimg.com/01270F1F464BD0E447AE2100000000B07DBC93-FD8E-0AE4-3CDF-8383410521BC
		</image>
		<content>萨马兰奇在任期间先后主持了洛杉矶、汉城、巴塞罗那、亚特兰大和悉尼奥运会。在2001年7月宣布北京获得2008年奥运会举办权。
		</content>
	</item>
	<item>
		<title>黄光裕案控辩大腕对垒</title>
		<image>http://g4.ykimg.com/0100641F464BD062FB70400030BFFF0003153B-2367-5FF8-478C-E57C39832E26
		</image>
		<content>今天是黄光裕案正式开庭的日子，而为了不错过这一天，我已经等待了很长时间。 记得刚刚开始接触这个案子的时候，还是去年年底。我在外地出差，同事打听到了黄光裕的 ...
		</content>
	</item>
	<item>
		<title>降雪增加玉树救灾难度</title>
		<image>http://g3.ykimg.com/0130391F464BD13FAEE914027E41339D78F2C3-E409-1EEB-FDE5-A5A214BC043C?u=1272004526
		</image>
		<content>今天是黄光裕案正式开庭的日子，而为了不错过这一天，我已经等待了很长时间。 记得刚刚开始接触这个案子的时候，还是去年年底。我在外地出差，同事打听到了黄光裕的 ...
		</content>
	</item>
	<item>
		<title>气质导游美女惊艳世博</title>
		<image>http://g2.ykimg.com/0100641F464BD06E29EF440073F0ED876B3A5E-CAB1-0A4F-80D8-2B7A1D2020D3
		</image>
		<content>今天是黄光裕案正式开庭的日子，而为了不错过这一天，我已经等待了很长时间。 记得刚刚开始接触这个案子的时候，还是去年年底。我在外地出差，同事打听到了黄光裕的 ...
		</content>
	</item>
	<item>
		<title>黄晓明：我有那么二吗</title>
		<image>http://g3.ykimg.com/0100641F464BD095B68A770014D61BB13182B4-6191-0AF0-09C4-988B95D663DB
		</image>
		<content>今天是黄光裕案正式开庭的日子，而为了不错过这一天，我已经等待了很长时间。 记得刚刚开始接触这个案子的时候，还是去年年底。我在外地出差，同事打听到了黄光裕的 ...
		</content>
	</item>
	<item>
		<title>黄光裕案控辩大腕对垒</title>
		<image>http://g4.ykimg.com/0100641F464BD062FB70400030BFFF0003153B-2367-5FF8-478C-E57C39832E26
		</image>
		<content>今天是黄光裕案正式开庭的日子，而为了不错过这一天，我已经等待了很长时间。 记得刚刚开始接触这个案子的时候，还是去年年底。我在外地出差，同事打听到了黄光裕的 ...
		</content>
	</item>
	<item>
		<title>独家探秘保时捷超跑车</title>
		<image>http://g3.ykimg.com/0100641F464BCD9D06502E00332D63960CC1A6-8792-E3A9-51F4-B09AE5FB0BD9
		</image>
		<content>今天是黄光裕案正式开庭的日子，而为了不错过这一天，我已经等待了很长时间。 记得刚刚开始接触这个案子的时候，还是去年年底。我在外地出差，同事打听到了黄光裕的 ...
		</content>
	</item>
	<item>
		<title>非常爱情狂：钱花不出去的徐总</title>
		<image>http://g4.ykimg.com/0100641F464BC7FBAF3ACD0326EA53D930E38A-D8BD-26D6-5FC3-5D9ED60EDE35
		</image>
		<content>今天是黄光裕案正式开庭的日子，而为了不错过这一天，我已经等待了很长时间。 记得刚刚开始接触这个案子的时候，还是去年年底。我在外地出差，同事打听到了黄光裕的 ...
		</content>
	</item>
	<item>
		<title>一部穿越时光的手机</title>
		<image>http://g4.ykimg.com/0100641F464BCC832F5534038D33EF10AB6F7B-09DB-9803-5039-37287414AE11
		</image>
		<content>今天是黄光裕案正式开庭的日子，而为了不错过这一天，我已经等待了很长时间。 记得刚刚开始接触这个案子的时候，还是去年年底。我在外地出差，同事打听到了黄光裕的 ...
		</content>
	</item>
	<item>
		<title>原创中国风仿皮影动画</title>
		<image>http://g4.ykimg.com/0100641F464BCDEFBBE79200E2905F1B885C92-F04A-09A7-A31C-A08EF54F79D8
		</image>
		<content>今天是黄光裕案正式开庭的日子，而为了不错过这一天，我已经等待了很长时间。 记得刚刚开始接触这个案子的时候，还是去年年底。我在外地出差，同事打听到了黄光裕的 ...
		</content>
	</item>
</list>