<xml_api_reply version="1">
	<weather module_id="0" tab_id="0" mobile_row="0" mobile_zipped="1"
		row="0" section="0">
		<forecast_information>
			<city data="Shanghai, Shanghai" />
			<postal_code data="shanghai" />
			<latitude_e6 data="" />
			<longitude_e6 data="" />
			<forecast_date data="2010-04-23" />
			<current_date_time data="2010-04-23 17:00:00 +0000" />
			<unit_system data="SI" />
		</forecast_information>
		<current_conditions>
			<condition data="" />
			<temp_f data="64" />
			<temp_c data="18" />
			<humidity data="湿度： 45%" />
			<icon data="" />
			<wind_condition data="风向： 西北、风速：4 米/秒" />
		</current_conditions>
		<forecast_conditions>
			<day_of_week data="周五" />
			<low data="7" />
			<high data="20" />
			<icon data="/ig/images/weather/chance_of_rain.gif" />
			<condition data="可能有雨" />
		</forecast_conditions>
		<forecast_conditions>
			<day_of_week data="周六" />
			<low data="9" />
			<high data="17" />
			<icon data="/ig/images/weather/mostly_sunny.gif" />
			<condition data="以晴为主" />
		</forecast_conditions>
		<forecast_conditions>
			<day_of_week data="周日" />
			<low data="13" />
			<high data="15" />
			<icon data="/ig/images/weather/chance_of_rain.gif" />
			<condition data="可能有雨" />
		</forecast_conditions>
		<forecast_conditions>
			<day_of_week data="周一" />
			<low data="11" />
			<high data="18" />
			<icon data="/ig/images/weather/chance_of_rain.gif" />
			<condition data="可能有雨" />
		</forecast_conditions>
	</weather>
</xml_api_reply>