[{
    "ProductId": "010101",
    "ProductName": "【顶峰】2015新茶 特级明前五星-致远-西湖龙井单罐50g",
    "ProductImageList": [
      {
        "ImageUrl": "http://img1.hecha.cn/ProductImages/0a27bfbe-13e0-4e50-9622-d3ee1107cb22/20150618041106_m.JPG",
        "ImageType": 0,
        "ImageSort": "0"
      },
      {
        "ImageUrl": "http://img1.hecha.cn/ProductImages/0a27bfbe-13e0-4e50-9622-d3ee1107cb22/20150604055012_m.JPG",
        "ImageType": 0,
        "ImageSort": "1"
      },
      {
        "ImageUrl": "http://img1.hecha.cn/ProductImages/0a27bfbe-13e0-4e50-9622-d3ee1107cb22/20150604055015_m.JPG",
        "ImageType": 0,
        "ImageSort": "2"
      },
      {
        "ImageUrl": "http://img1.hecha.cn/ProductImages/0a27bfbe-13e0-4e50-9622-d3ee1107cb22/20150604055018_m.JPG",
        "ImageType": 0,
        "ImageSort": "3"
      },
      {
        "ImageUrl": "http://img1.hecha.cn/ProductImages/0a27bfbe-13e0-4e50-9622-d3ee1107cb22/20150618040409_m.JPG",
        "ImageType": 0,
        "ImageSort": "4"
      },
      {
        "ImageUrl": "http://img1.hecha.cn/ProductImages/0a27bfbe-13e0-4e50-9622-d3ee1107cb22/20150215102953_m.JPG",
        "ImageType": 0,
        "ImageSort": "5"
      },
      {
        "ImageUrl": "http://img1.hecha.cn/UploadImages/20150413/20150413135438_3028_m.jpg",
        "ImageType": 3,
        "ImageSort": "0"
      },
      {
        "ImageUrl": "http://img1.hecha.cn/UploadImages/20151126/20151126101624_7604_m.jpg",
        "ImageType": 3,
        "ImageSort": "1"
      },
      {
        "ImageUrl": "http://img1.hecha.cn/UploadImages/20151013/20151013163148_6321_m.jpg",
        "ImageType": 3,
        "ImageSort": "2"
      },
      {
        "ImageUrl": "http://img1.hecha.cn/UploadImages/20151013/20151013163148_7151_m.jpg",
        "ImageType": 3,
        "ImageSort": "3"
      },
      {
        "ImageUrl": "http://img1.hecha.cn/UploadImages/20151013/20151013163148_8191_m.jpg",
        "ImageType": 3,
        "ImageSort": "4"
      },
      {
        "ImageUrl": "http://img1.hecha.cn/UploadImages/20151013/20151013163148_9032_m.jpg",
        "ImageType": 3,
        "ImageSort": "5"
      },
      {
        "ImageUrl": "http://img1.hecha.cn/UploadImages/20151013/20151013163149_0132_m.jpg",
        "ImageType": 3,
        "ImageSort": "6"
      },
      {
        "ImageUrl": "http://img1.hecha.cn/UploadImages/20151013/20151013163149_1172_m.jpg",
        "ImageType": 3,
        "ImageSort": "7"
      },
      {
        "ImageUrl": "http://img1.hecha.cn/UploadImages/20151013/20151013163149_2422_m.jpg",
        "ImageType": 3,
        "ImageSort": "8"
      },
      {
        "ImageUrl": "http://img1.hecha.cn/UploadImages/20151013/20151013163149_3242_m.jpg",
        "ImageType": 3,
        "ImageSort": "9"
      },
      {
        "ImageUrl": "http://img1.hecha.cn/UploadImages/20151013/20151013163149_4412_m.jpg",
        "ImageType": 3,
        "ImageSort": "10"
      },
      {
        "ImageUrl": "http://img1.hecha.cn/UploadImages/20151126/20151126101643_7804_m.jpg",
        "ImageType": 3,
        "ImageSort": "11"
      },
      {
        "ImageUrl": "http://img1.hecha.cn/UploadImages/20151013/20151013163149_5612_m.jpg",
        "ImageType": 3,
        "ImageSort": "12"
      },
      {
        "ImageUrl": "http://img1.hecha.cn/UploadImages/20151126/20151126101643_8174_m.jpg",
        "ImageType": 3,
        "ImageSort": "13"
      }
    ],
    "ProductParamList": [
      {
        "ParamName": "品牌商家",
        "ParamValue": "顶峰",
        "ParamSort": "0"
      },
      {
        "ParamName": "产地",
        "ParamValue": "浙江杭州",
        "ParamSort": "1"
      },
      {
        "ParamName": "等级",
        "ParamValue": "明前特级",
        "ParamSort": "2"
      },
      {
        "ParamName": "保质期",
        "ParamValue": "12个月",
        "ParamSort": "3"
      },
      {
        "ParamName": "货号",
        "ParamValue": "NDF-1C1032",
        "ParamSort": "4"
      },
      {
        "ParamName": "产品规格",
        "ParamValue": "50g/罐",
        "ParamSort": "5"
      },
      {
        "ParamName": "存储方法",
        "ParamValue": "存放于清洁、通风、避光、干燥、无异味环境",
        "ParamSort": "6"
      }
    ]
  },{
    "ProductId": "010102",
    "ProductName": "【滋恩】2015新茶 明前特级三星馨芽龙井铁罐50g",
    "ProductImageList": [
      {
        "ImageUrl": "http://img1.hecha.cn/ProductImages/203c8b0d-7ead-4d30-b79c-dc9c061cae92/20150519023629_m.JPG",
        "ImageType": 0,
        "ImageSort": "0"
      },
      {
        "ImageUrl": "http://img1.hecha.cn/ProductImages/203c8b0d-7ead-4d30-b79c-dc9c061cae92/20150813015435_m.JPG",
        "ImageType": 0,
        "ImageSort": "1"
      },
      {
        "ImageUrl": "http://img1.hecha.cn/ProductImages/203c8b0d-7ead-4d30-b79c-dc9c061cae92/20150519023639_m.JPG",
        "ImageType": 0,
        "ImageSort": "2"
      },
      {
        "ImageUrl": "http://img1.hecha.cn/ProductImages/203c8b0d-7ead-4d30-b79c-dc9c061cae92/20150519023649_m.JPG",
        "ImageType": 0,
        "ImageSort": "3"
      },
      {
        "ImageUrl": "http://img1.hecha.cn/ProductImages/203c8b0d-7ead-4d30-b79c-dc9c061cae92/20150519024411_m.JPG",
        "ImageType": 0,
        "ImageSort": "4"
      },
      {
        "ImageUrl": "http://img1.hecha.cn/UploadImages/20151126/20151126101919_8864_m.jpg",
        "ImageType": 3,
        "ImageSort": "0"
      },
      {
        "ImageUrl": "http://img1.hecha.cn/UploadImages/20151126/20151126101919_9754_m.jpg",
        "ImageType": 3,
        "ImageSort": "1"
      },
      {
        "ImageUrl": "http://img1.hecha.cn/UploadImages/20151126/20151126101920_0274_m.jpg",
        "ImageType": 3,
        "ImageSort": "2"
      },
      {
        "ImageUrl": "http://img1.hecha.cn/UploadImages/20151126/20151126101920_0924_m.jpg",
        "ImageType": 3,
        "ImageSort": "3"
      },
      {
        "ImageUrl": "http://img1.hecha.cn/UploadImages/20151126/20151126101920_1824_m.jpg",
        "ImageType": 3,
        "ImageSort": "4"
      },
      {
        "ImageUrl": "http://img1.hecha.cn/UploadImages/20151126/20151126101920_2704_m.jpg",
        "ImageType": 3,
        "ImageSort": "5"
      },
      {
        "ImageUrl": "http://img1.hecha.cn/UploadImages/20151126/20151126101920_3764_m.jpg",
        "ImageType": 3,
        "ImageSort": "6"
      },
      {
        "ImageUrl": "http://img1.hecha.cn/UploadImages/20151126/20151126101920_5054_m.jpg",
        "ImageType": 3,
        "ImageSort": "7"
      },
      {
        "ImageUrl": "http://img1.hecha.cn/UploadImages/20151126/20151126101920_5974_m.jpg",
        "ImageType": 3,
        "ImageSort": "8"
      },
      {
        "ImageUrl": "http://img1.hecha.cn/UploadImages/20151126/20151126101920_7544_m.jpg",
        "ImageType": 3,
        "ImageSort": "9"
      },
      {
        "ImageUrl": "http://img1.hecha.cn/UploadImages/20151126/20151126101920_8324_m.jpg",
        "ImageType": 3,
        "ImageSort": "10"
      },
      {
        "ImageUrl": "http://img1.hecha.cn/UploadImages/20151126/20151126101920_9634_m.jpg",
        "ImageType": 3,
        "ImageSort": "11"
      },
      {
        "ImageUrl": "http://img1.hecha.cn/UploadImages/20151126/20151126101921_1154_m.jpg",
        "ImageType": 3,
        "ImageSort": "12"
      }
    ],
    "ProductParamList": [
      {
        "ParamName": "品牌商家",
        "ParamValue": "滋恩",
        "ParamSort": "0"
      },
      {
        "ParamName": "产地",
        "ParamValue": "杭州",
        "ParamSort": "1"
      },
      {
        "ParamName": "等级",
        "ParamValue": "明前特级三星",
        "ParamSort": "2"
      },
      {
        "ParamName": "保质期",
        "ParamValue": "12个月",
        "ParamSort": "3"
      },
      {
        "ParamName": "货号",
        "ParamValue": "NZE-1C1083",
        "ParamSort": "4"
      },
      {
        "ParamName": "产品规格",
        "ParamValue": "50g/罐",
        "ParamSort": "5"
      },
      {
        "ParamName": "存储方法",
        "ParamValue": "存放于清洁、通风、避光、干燥、无异味环境。",
        "ParamSort": "6"
      }
    ]
  },{
    "ProductId": "010103",
    "ProductName": "【滋恩】2015新茶 明前特级三星馨芽龙井铁罐50g",
    "ProductImageList": [
      {
        "ImageUrl": "http://img1.hecha.cn/ProductImages/203c8b0d-7ead-4d30-b79c-dc9c061cae92/20150519023629_m.JPG",
        "ImageType": 0,
        "ImageSort": "0"
      },
      {
        "ImageUrl": "http://img1.hecha.cn/ProductImages/203c8b0d-7ead-4d30-b79c-dc9c061cae92/20150813015435_m.JPG",
        "ImageType": 0,
        "ImageSort": "1"
      },
      {
        "ImageUrl": "http://img1.hecha.cn/ProductImages/203c8b0d-7ead-4d30-b79c-dc9c061cae92/20150519023639_m.JPG",
        "ImageType": 0,
        "ImageSort": "2"
      },
      {
        "ImageUrl": "http://img1.hecha.cn/ProductImages/203c8b0d-7ead-4d30-b79c-dc9c061cae92/20150519023649_m.JPG",
        "ImageType": 0,
        "ImageSort": "3"
      },
      {
        "ImageUrl": "http://img1.hecha.cn/ProductImages/203c8b0d-7ead-4d30-b79c-dc9c061cae92/20150519024411_m.JPG",
        "ImageType": 0,
        "ImageSort": "4"
      },
      {
        "ImageUrl": "http://img1.hecha.cn/UploadImages/20151126/20151126101919_8864_m.jpg",
        "ImageType": 3,
        "ImageSort": "0"
      },
      {
        "ImageUrl": "http://img1.hecha.cn/UploadImages/20151126/20151126101919_9754_m.jpg",
        "ImageType": 3,
        "ImageSort": "1"
      },
      {
        "ImageUrl": "http://img1.hecha.cn/UploadImages/20151126/20151126101920_0274_m.jpg",
        "ImageType": 3,
        "ImageSort": "2"
      },
      {
        "ImageUrl": "http://img1.hecha.cn/UploadImages/20151126/20151126101920_0924_m.jpg",
        "ImageType": 3,
        "ImageSort": "3"
      },
      {
        "ImageUrl": "http://img1.hecha.cn/UploadImages/20151126/20151126101920_1824_m.jpg",
        "ImageType": 3,
        "ImageSort": "4"
      },
      {
        "ImageUrl": "http://img1.hecha.cn/UploadImages/20151126/20151126101920_2704_m.jpg",
        "ImageType": 3,
        "ImageSort": "5"
      },
      {
        "ImageUrl": "http://img1.hecha.cn/UploadImages/20151126/20151126101920_3764_m.jpg",
        "ImageType": 3,
        "ImageSort": "6"
      },
      {
        "ImageUrl": "http://img1.hecha.cn/UploadImages/20151126/20151126101920_5054_m.jpg",
        "ImageType": 3,
        "ImageSort": "7"
      },
      {
        "ImageUrl": "http://img1.hecha.cn/UploadImages/20151126/20151126101920_5974_m.jpg",
        "ImageType": 3,
        "ImageSort": "8"
      },
      {
        "ImageUrl": "http://img1.hecha.cn/UploadImages/20151126/20151126101920_7544_m.jpg",
        "ImageType": 3,
        "ImageSort": "9"
      },
      {
        "ImageUrl": "http://img1.hecha.cn/UploadImages/20151126/20151126101920_8324_m.jpg",
        "ImageType": 3,
        "ImageSort": "10"
      },
      {
        "ImageUrl": "http://img1.hecha.cn/UploadImages/20151126/20151126101920_9634_m.jpg",
        "ImageType": 3,
        "ImageSort": "11"
      },
      {
        "ImageUrl": "http://img1.hecha.cn/UploadImages/20151126/20151126101921_1154_m.jpg",
        "ImageType": 3,
        "ImageSort": "12"
      }
    ],
    "ProductParamList": [
      {
        "ParamName": "品牌商家",
        "ParamValue": "滋恩",
        "ParamSort": "0"
      },
      {
        "ParamName": "产地",
        "ParamValue": "杭州",
        "ParamSort": "1"
      },
      {
        "ParamName": "等级",
        "ParamValue": "明前特级三星",
        "ParamSort": "2"
      },
      {
        "ParamName": "保质期",
        "ParamValue": "12个月",
        "ParamSort": "3"
      },
      {
        "ParamName": "货号",
        "ParamValue": "NZE-1C1083",
        "ParamSort": "4"
      },
      {
        "ParamName": "产品规格",
        "ParamValue": "50g/罐",
        "ParamSort": "5"
      },
      {
        "ParamName": "存储方法",
        "ParamValue": "存放于清洁、通风、避光、干燥、无异味环境。",
        "ParamSort": "6"
      }
    ]
  },{
    "ProductId": "010104",
    "ProductName": "【顶峰】2015新茶 明前特级-坐忘-西湖龙井铁盒装80g",
    "ProductImageList": [
      {
        "ImageUrl": "http://img1.hecha.cn/ProductImages/81f6d833-4f82-4122-9c82-a0fdb8303b7e/20150520043929_m.JPG",
        "ImageType": 0,
        "ImageSort": "1"
      },
      {
        "ImageUrl": "http://img1.hecha.cn/ProductImages/81f6d833-4f82-4122-9c82-a0fdb8303b7e/20150520043951_m.JPG",
        "ImageType": 0,
        "ImageSort": "3"
      },
      {
        "ImageUrl": "http://img1.hecha.cn/ProductImages/81f6d833-4f82-4122-9c82-a0fdb8303b7e/20150520043956_m.JPG",
        "ImageType": 0,
        "ImageSort": "4"
      },
      {
        "ImageUrl": "http://img1.hecha.cn/ProductImages/81f6d833-4f82-4122-9c82-a0fdb8303b7e/20150520044004_m.JPG",
        "ImageType": 0,
        "ImageSort": "5"
      },
      {
        "ImageUrl": "http://img1.hecha.cn/ProductImages/81f6d833-4f82-4122-9c82-a0fdb8303b7e/20150520044013_m.JPG",
        "ImageType": 0,
        "ImageSort": "6"
      },
      {
        "ImageUrl": "http://img1.hecha.cn/ProductImages/81f6d833-4f82-4122-9c82-a0fdb8303b7e/20150520044019_m.JPG",
        "ImageType": 0,
        "ImageSort": "7"
      },
      {
        "ImageUrl": "http://img1.hecha.cn/ProductImages/81f6d833-4f82-4122-9c82-a0fdb8303b7e/20150520043946_m.JPG",
        "ImageType": 0,
        "ImageSort": "7"
      },
      {
        "ImageUrl": "http://img1.hecha.cn/UploadImages/20151126/20151126112415_4162_m.jpg",
        "ImageType": 3,
        "ImageSort": "0"
      },
      {
        "ImageUrl": "http://img1.hecha.cn/UploadImages/20151013/20151013160354_5534_m.jpg",
        "ImageType": 3,
        "ImageSort": "1"
      },
      {
        "ImageUrl": "http://img1.hecha.cn/UploadImages/20151013/20151013160354_6294_m.jpg",
        "ImageType": 3,
        "ImageSort": "2"
      },
      {
        "ImageUrl": "http://img1.hecha.cn/UploadImages/20151013/20151013160354_7254_m.jpg",
        "ImageType": 3,
        "ImageSort": "3"
      },
      {
        "ImageUrl": "http://img1.hecha.cn/UploadImages/20151013/20151013160354_8304_m.jpg",
        "ImageType": 3,
        "ImageSort": "4"
      },
      {
        "ImageUrl": "http://img1.hecha.cn/UploadImages/20151013/20151013160354_9174_m.jpg",
        "ImageType": 3,
        "ImageSort": "5"
      },
      {
        "ImageUrl": "http://img1.hecha.cn/UploadImages/20151013/20151013160355_0354_m.jpg",
        "ImageType": 3,
        "ImageSort": "6"
      },
      {
        "ImageUrl": "http://img1.hecha.cn/UploadImages/20151013/20151013160355_1574_m.jpg",
        "ImageType": 3,
        "ImageSort": "7"
      },
      {
        "ImageUrl": "http://img1.hecha.cn/UploadImages/20151013/20151013160355_2554_m.jpg",
        "ImageType": 3,
        "ImageSort": "8"
      },
      {
        "ImageUrl": "http://img1.hecha.cn/UploadImages/20151013/20151013160355_3484_m.jpg",
        "ImageType": 3,
        "ImageSort": "9"
      },
      {
        "ImageUrl": "http://img1.hecha.cn/UploadImages/20151126/20151126112433_3752_m.jpg",
        "ImageType": 3,
        "ImageSort": "10"
      },
      {
        "ImageUrl": "http://img1.hecha.cn/UploadImages/20151013/20151013160355_5554_m.jpg",
        "ImageType": 3,
        "ImageSort": "11"
      },
      {
        "ImageUrl": "http://img1.hecha.cn/UploadImages/20151126/20151126112433_4852_m.jpg",
        "ImageType": 3,
        "ImageSort": "12"
      },
      {
        "ImageUrl": "http://img1.hecha.cn/ProductImages/81f6d833-4f82-4122-9c82-a0fdb8303b7e/20150526042619_m.JPG",
        "ImageType": 2,
        "ImageSort": "0"
      }
    ],
    "ProductParamList": [
      {
        "ParamName": "品牌商家",
        "ParamValue": "顶峰",
        "ParamSort": "0"
      },
      {
        "ParamName": "产地",
        "ParamValue": "杭州",
        "ParamSort": "1"
      },
      {
        "ParamName": "等级",
        "ParamValue": "明前特级",
        "ParamSort": "2"
      },
      {
        "ParamName": "保质期",
        "ParamValue": "12个月",
        "ParamSort": "3"
      },
      {
        "ParamName": "货号",
        "ParamValue": "NDF-1C1044",
        "ParamSort": "4"
      },
      {
        "ParamName": "产品规格",
        "ParamValue": "80g/盒",
        "ParamSort": "5"
      },
      {
        "ParamName": "存储方法",
        "ParamValue": "存放于清洁、通风、避光、干燥、无异味环境。",
        "ParamSort": "6"
      }
    ]
  },{
    "ProductId": "010105",
    "ProductName": "【顶峰】2015新茶 雨前经济-静思-西湖龙井单罐",
    "ProductImageList": [
      {
        "ImageUrl": "http://img1.hecha.cn/ProductImages/9ca07985-8b40-4b12-a690-3e5e8b428f90/20150819112553_m.JPG",
        "ImageType": 0,
        "ImageSort": "0"
      },
      {
        "ImageUrl": "http://img1.hecha.cn/ProductImages/9ca07985-8b40-4b12-a690-3e5e8b428f90/20150819112558_m.JPG",
        "ImageType": 0,
        "ImageSort": "1"
      },
      {
        "ImageUrl": "http://img1.hecha.cn/ProductImages/9ca07985-8b40-4b12-a690-3e5e8b428f90/20150819112604_m.JPG",
        "ImageType": 0,
        "ImageSort": "2"
      },
      {
        "ImageUrl": "http://img1.hecha.cn/ProductImages/9ca07985-8b40-4b12-a690-3e5e8b428f90/20150215073057_m.JPG",
        "ImageType": 0,
        "ImageSort": "3"
      },
      {
        "ImageUrl": "http://img1.hecha.cn/ProductImages/9ca07985-8b40-4b12-a690-3e5e8b428f90/20150819112609_m.JPG",
        "ImageType": 0,
        "ImageSort": "4"
      },
      {
        "ImageUrl": "http://img1.hecha.cn/ProductImages/9ca07985-8b40-4b12-a690-3e5e8b428f90/20150819112613_m.JPG",
        "ImageType": 0,
        "ImageSort": "5"
      },
      {
        "ImageUrl": "http://img1.hecha.cn/ProductImages/9ca07985-8b40-4b12-a690-3e5e8b428f90/20150215073059_m.JPG",
        "ImageType": 0,
        "ImageSort": "6"
      },
      {
        "ImageUrl": "http://img1.hecha.cn/UploadImages/20150930/20150930101856_9358_m.jpg",
        "ImageType": 3,
        "ImageSort": "0"
      },
      {
        "ImageUrl": "http://img1.hecha.cn/UploadImages/20150930/20150930101847_2213_m.jpg",
        "ImageType": 3,
        "ImageSort": "1"
      },
      {
        "ImageUrl": "http://img1.hecha.cn/UploadImages/20150930/20150930101847_3343_m.jpg",
        "ImageType": 3,
        "ImageSort": "2"
      },
      {
        "ImageUrl": "http://img1.hecha.cn/UploadImages/20150930/20150930101847_4253_m.jpg",
        "ImageType": 3,
        "ImageSort": "3"
      },
      {
        "ImageUrl": "http://img1.hecha.cn/UploadImages/20150930/20150930101847_5183_m.jpg",
        "ImageType": 3,
        "ImageSort": "4"
      },
      {
        "ImageUrl": "http://img1.hecha.cn/UploadImages/20150930/20150930101847_6393_m.jpg",
        "ImageType": 3,
        "ImageSort": "5"
      },
      {
        "ImageUrl": "http://img1.hecha.cn/UploadImages/20150930/20150930101847_7393_m.jpg",
        "ImageType": 3,
        "ImageSort": "6"
      },
      {
        "ImageUrl": "http://img1.hecha.cn/UploadImages/20150930/20150930101847_8703_m.jpg",
        "ImageType": 3,
        "ImageSort": "7"
      },
      {
        "ImageUrl": "http://img1.hecha.cn/UploadImages/20150930/20150930101847_9363_m.jpg",
        "ImageType": 3,
        "ImageSort": "8"
      },
      {
        "ImageUrl": "http://img1.hecha.cn/UploadImages/20151126/20151126101450_0559_m.jpg",
        "ImageType": 3,
        "ImageSort": "9"
      },
      {
        "ImageUrl": "http://img1.hecha.cn/UploadImages/20150930/20150930101848_0993_m.jpg",
        "ImageType": 3,
        "ImageSort": "10"
      },
      {
        "ImageUrl": "http://img1.hecha.cn/UploadImages/20151126/20151126101517_9995_m.jpg",
        "ImageType": 3,
        "ImageSort": "11"
      }
    ],
    "ProductParamList": [
      {
        "ParamName": "品牌商家",
        "ParamValue": "顶峰",
        "ParamSort": "0"
      },
      {
        "ParamName": "产地",
        "ParamValue": "浙江杭州",
        "ParamSort": "1"
      },
      {
        "ParamName": "等级",
        "ParamValue": "雨前特级",
        "ParamSort": "2"
      },
      {
        "ParamName": "保质期",
        "ParamValue": "18个月",
        "ParamSort": "3"
      },
      {
        "ParamName": "货号",
        "ParamValue": "NDF-1C1031",
        "ParamSort": "4"
      },
      {
        "ParamName": "产品规格",
        "ParamValue": "100g/罐",
        "ParamSort": "5"
      },
      {
        "ParamName": "存储方法",
        "ParamValue": "存放于清洁、通风、避光、干燥、无异味环境。",
        "ParamSort": "6"
      }
    ]
  },{
    "ProductId": "010106",
    "ProductName": "【滋恩】2015新茶 雨前龙井牛皮纸250g（绿）",
    "ProductImageList": [
      {
        "ImageUrl": "http://img1.hecha.cn/ProductImages/9cc691c9-49c4-4210-8023-869567c40c0c/20150226093803_m.JPG",
        "ImageType": 0,
        "ImageSort": "1"
      },
      {
        "ImageUrl": "http://img1.hecha.cn/ProductImages/9cc691c9-49c4-4210-8023-869567c40c0c/20150226093808_m.JPG",
        "ImageType": 0,
        "ImageSort": "2"
      },
      {
        "ImageUrl": "http://img1.hecha.cn/ProductImages/9cc691c9-49c4-4210-8023-869567c40c0c/20150226093813_m.JPG",
        "ImageType": 0,
        "ImageSort": "3"
      },
      {
        "ImageUrl": "http://img1.hecha.cn/ProductImages/9cc691c9-49c4-4210-8023-869567c40c0c/20150226093817_m.JPG",
        "ImageType": 0,
        "ImageSort": "4"
      },
      {
        "ImageUrl": "http://img1.hecha.cn/ProductImages/9cc691c9-49c4-4210-8023-869567c40c0c/20150813015603_m.JPG",
        "ImageType": 0,
        "ImageSort": "5"
      },
      {
        "ImageUrl": "http://img1.hecha.cn/UploadImages/20151126/20151126103748_0588_m.jpg",
        "ImageType": 3,
        "ImageSort": "0"
      },
      {
        "ImageUrl": "http://img1.hecha.cn/UploadImages/20150930/20150930141746_5104_m.jpg",
        "ImageType": 3,
        "ImageSort": "1"
      },
      {
        "ImageUrl": "http://img1.hecha.cn/UploadImages/20150930/20150930141746_5945_m.jpg",
        "ImageType": 3,
        "ImageSort": "2"
      },
      {
        "ImageUrl": "http://img1.hecha.cn/UploadImages/20150930/20150930141746_6655_m.jpg",
        "ImageType": 3,
        "ImageSort": "3"
      },
      {
        "ImageUrl": "http://img1.hecha.cn/UploadImages/20150930/20150930141746_7275_m.jpg",
        "ImageType": 3,
        "ImageSort": "4"
      },
      {
        "ImageUrl": "http://img1.hecha.cn/UploadImages/20150930/20150930141746_7915_m.jpg",
        "ImageType": 3,
        "ImageSort": "5"
      },
      {
        "ImageUrl": "http://img1.hecha.cn/UploadImages/20151126/20151126103812_3301_m.jpg",
        "ImageType": 3,
        "ImageSort": "6"
      },
      {
        "ImageUrl": "http://img1.hecha.cn/UploadImages/20151126/20151126103812_4212_m.jpg",
        "ImageType": 3,
        "ImageSort": "7"
      },
      {
        "ImageUrl": "http://img1.hecha.cn/ProductImages/9cc691c9-49c4-4210-8023-869567c40c0c/20150226093758_m.JPG",
        "ImageType": 2,
        "ImageSort": "0"
      }
    ],
    "ProductParamList": [
      {
        "ParamName": "品牌商家",
        "ParamValue": "滋恩",
        "ParamSort": "0"
      },
      {
        "ParamName": "产地",
        "ParamValue": "浙江",
        "ParamSort": "1"
      },
      {
        "ParamName": "等级",
        "ParamValue": "三级",
        "ParamSort": "2"
      },
      {
        "ParamName": "保质期",
        "ParamValue": "18个月",
        "ParamSort": "3"
      },
      {
        "ParamName": "货号",
        "ParamValue": "NZE-1C1117",
        "ParamSort": "4"
      },
      {
        "ParamName": "产品规格",
        "ParamValue": "250g/包",
        "ParamSort": "5"
      },
      {
        "ParamName": "存储方法",
        "ParamValue": "存放于清洁、通风、避光、干燥、无异味环境。",
        "ParamSort": "6"
      }
    ]
  }, {
    "ProductId": "020101",
    "ProductName": "【雅丽百花缘】雪菊圆罐装30g*2罐特惠装",
    "ProductImageList": [
      {
        "ImageUrl": "http://img1.hecha.cn/ProductImages/1b0528bd-d94c-4a97-a11b-5e85c9c74e36/20150604105634_m.JPG",
        "ImageType": 0,
        "ImageSort": "1"
      },
      {
        "ImageUrl": "http://img1.hecha.cn/ProductImages/1b0528bd-d94c-4a97-a11b-5e85c9c74e36/20150604105638_m.JPG",
        "ImageType": 0,
        "ImageSort": "2"
      },
      {
        "ImageUrl": "http://img1.hecha.cn/ProductImages/1b0528bd-d94c-4a97-a11b-5e85c9c74e36/20150604105642_m.JPG",
        "ImageType": 0,
        "ImageSort": "3"
      },
      {
        "ImageUrl": "http://img1.hecha.cn/ProductImages/1b0528bd-d94c-4a97-a11b-5e85c9c74e36/20150604105645_m.JPG",
        "ImageType": 0,
        "ImageSort": "4"
      },
      {
        "ImageUrl": "http://img1.hecha.cn/UploadImages/20150604/20150604105547_7971_m.jpg",
        "ImageType": 3,
        "ImageSort": "0"
      },
      {
        "ImageUrl": "http://img1.hecha.cn/UploadImages/20150604/20150604105547_8907_m.jpg",
        "ImageType": 3,
        "ImageSort": "1"
      },
      {
        "ImageUrl": "http://img1.hecha.cn/UploadImages/20150604/20150604105548_0155_m.jpg",
        "ImageType": 3,
        "ImageSort": "2"
      },
      {
        "ImageUrl": "http://img1.hecha.cn/UploadImages/20150604/20150604105548_1716_m.jpg",
        "ImageType": 3,
        "ImageSort": "3"
      },
      {
        "ImageUrl": "http://img1.hecha.cn/UploadImages/20150604/20150604105548_2964_m.jpg",
        "ImageType": 3,
        "ImageSort": "4"
      },
      {
        "ImageUrl": "http://img1.hecha.cn/UploadImages/20150604/20150604105548_4368_m.jpg",
        "ImageType": 3,
        "ImageSort": "5"
      },
      {
        "ImageUrl": "http://img1.hecha.cn/UploadImages/20150604/20150604105548_5616_m.jpg",
        "ImageType": 3,
        "ImageSort": "6"
      },
      {
        "ImageUrl": "http://img1.hecha.cn/ProductImages/1b0528bd-d94c-4a97-a11b-5e85c9c74e36/20150604105629_m.JPG",
        "ImageType": 2,
        "ImageSort": "0"
      }
    ],
    "ProductParamList": [
      {
        "ParamName": "品牌商家",
        "ParamValue": "雅丽百花缘",
        "ParamSort": "0"
      },
      {
        "ParamName": "产地",
        "ParamValue": "天山",
        "ParamSort": "1"
      },
      {
        "ParamName": "保质期",
        "ParamValue": "18个月",
        "ParamSort": "2"
      },
      {
        "ParamName": "产品规格",
        "ParamValue": "30g/罐*2",
        "ParamSort": "3"
      },
      {
        "ParamName": "货号",
        "ParamValue": "hcw005579",
        "ParamSort": "4"
      },
      {
        "ParamName": "存储方法",
        "ParamValue": "存放于清洁、通风、避光、干燥、无异味环境。",
        "ParamSort": "5"
      }
    ]
  },{
    "ProductId": "020102",
    "ProductName": "【雅丽百花缘】雪菊3罐礼盒装",
    "ProductImageList": [
      {
        "ImageUrl": "http://img1.hecha.cn/ProductImages/fa455867-2f67-4943-bfa8-bc63bdea96c8/20150605024145_m.JPG",
        "ImageType": 0,
        "ImageSort": "1"
      },
      {
        "ImageUrl": "http://img1.hecha.cn/ProductImages/fa455867-2f67-4943-bfa8-bc63bdea96c8/20150605024148_m.JPG",
        "ImageType": 0,
        "ImageSort": "2"
      },
      {
        "ImageUrl": "http://img1.hecha.cn/ProductImages/fa455867-2f67-4943-bfa8-bc63bdea96c8/20150605024152_m.JPG",
        "ImageType": 0,
        "ImageSort": "3"
      },
      {
        "ImageUrl": "http://img1.hecha.cn/ProductImages/fa455867-2f67-4943-bfa8-bc63bdea96c8/20150605024156_m.JPG",
        "ImageType": 0,
        "ImageSort": "4"
      },
      {
        "ImageUrl": "http://img1.hecha.cn/UploadImages/20150605/20150605115502_8757_m.jpg",
        "ImageType": 3,
        "ImageSort": "0"
      },
      {
        "ImageUrl": "http://img1.hecha.cn/UploadImages/20150605/20150605115503_0161_m.jpg",
        "ImageType": 3,
        "ImageSort": "1"
      },
      {
        "ImageUrl": "http://img1.hecha.cn/UploadImages/20150605/20150605115503_2657_m.jpg",
        "ImageType": 3,
        "ImageSort": "2"
      },
      {
        "ImageUrl": "http://img1.hecha.cn/UploadImages/20150605/20150605115503_5153_m.jpg",
        "ImageType": 3,
        "ImageSort": "3"
      },
      {
        "ImageUrl": "http://img1.hecha.cn/UploadImages/20150605/20150605115503_5777_m.jpg",
        "ImageType": 3,
        "ImageSort": "4"
      },
      {
        "ImageUrl": "http://img1.hecha.cn/ProductImages/fa455867-2f67-4943-bfa8-bc63bdea96c8/20150605024140_m.JPG",
        "ImageType": 2,
        "ImageSort": "0"
      }
    ],
    "ProductParamList": [
      {
        "ParamName": "品牌商家",
        "ParamValue": "雅丽百花缘",
        "ParamSort": "0"
      },
      {
        "ParamName": "保质期",
        "ParamValue": "18个月",
        "ParamSort": "1"
      },
      {
        "ParamName": "产品规格",
        "ParamValue": "90g/盒",
        "ParamSort": "2"
      },
      {
        "ParamName": "存储方法",
        "ParamValue": "存放于清洁、通风、避光、干燥、无异味环境。",
        "ParamSort": "3"
      }
    ]
  },{
    "ProductId": "020103",
    "ProductName": "【雅丽百花缘】雪菊玫瑰花组合装40g+30g",
    "ProductImageList": [
      {
        "ImageUrl": "http://img1.hecha.cn/ProductImages/109ebc4c-170d-464a-bcc7-3938f60f0cfc/20150605021935_m.JPG",
        "ImageType": 0,
        "ImageSort": "1"
      },
      {
        "ImageUrl": "http://img1.hecha.cn/ProductImages/109ebc4c-170d-464a-bcc7-3938f60f0cfc/20150605021940_m.JPG",
        "ImageType": 0,
        "ImageSort": "2"
      },
      {
        "ImageUrl": "http://img1.hecha.cn/ProductImages/109ebc4c-170d-464a-bcc7-3938f60f0cfc/20150605021944_m.JPG",
        "ImageType": 0,
        "ImageSort": "3"
      },
      {
        "ImageUrl": "http://img1.hecha.cn/ProductImages/109ebc4c-170d-464a-bcc7-3938f60f0cfc/20150605021948_m.JPG",
        "ImageType": 0,
        "ImageSort": "4"
      },
      {
        "ImageUrl": "http://img1.hecha.cn/UploadImages/20151126/20151126165643_6222_m.jpg",
        "ImageType": 3,
        "ImageSort": "0"
      },
      {
        "ImageUrl": "http://img1.hecha.cn/UploadImages/20151126/20151126165643_6612_m.jpg",
        "ImageType": 3,
        "ImageSort": "1"
      },
      {
        "ImageUrl": "http://img1.hecha.cn/UploadImages/20151126/20151126165643_7432_m.jpg",
        "ImageType": 3,
        "ImageSort": "2"
      },
      {
        "ImageUrl": "http://img1.hecha.cn/UploadImages/20151126/20151126165643_8002_m.jpg",
        "ImageType": 3,
        "ImageSort": "3"
      },
      {
        "ImageUrl": "http://img1.hecha.cn/UploadImages/20151126/20151126165643_8952_m.jpg",
        "ImageType": 3,
        "ImageSort": "4"
      },
      {
        "ImageUrl": "http://img1.hecha.cn/UploadImages/20151126/20151126165643_9332_m.jpg",
        "ImageType": 3,
        "ImageSort": "5"
      },
      {
        "ImageUrl": "http://img1.hecha.cn/UploadImages/20151126/20151126165644_0062_m.jpg",
        "ImageType": 3,
        "ImageSort": "6"
      },
      {
        "ImageUrl": "http://img1.hecha.cn/UploadImages/20151126/20151126165644_0732_m.jpg",
        "ImageType": 3,
        "ImageSort": "7"
      },
      {
        "ImageUrl": "http://img1.hecha.cn/UploadImages/20151126/20151126165644_1452_m.jpg",
        "ImageType": 3,
        "ImageSort": "8"
      },
      {
        "ImageUrl": "http://img1.hecha.cn/UploadImages/20151126/20151126165644_2182_m.jpg",
        "ImageType": 3,
        "ImageSort": "9"
      },
      {
        "ImageUrl": "http://img1.hecha.cn/UploadImages/20151126/20151126165644_2592_m.jpg",
        "ImageType": 3,
        "ImageSort": "10"
      },
      {
        "ImageUrl": "http://img1.hecha.cn/ProductImages/109ebc4c-170d-464a-bcc7-3938f60f0cfc/20150605021922_m.JPG",
        "ImageType": 2,
        "ImageSort": "0"
      }
    ],
    "ProductParamList": [
      {
        "ParamName": "品牌商家",
        "ParamValue": "雅丽百花缘",
        "ParamSort": "0"
      },
      {
        "ParamName": "保质期",
        "ParamValue": "18个月",
        "ParamSort": "1"
      },
      {
        "ParamName": "产品规格",
        "ParamValue": "70g/盒",
        "ParamSort": "2"
      },
      {
        "ParamName": "存储方法",
        "ParamValue": "存放于清洁、通风、避光、干燥、无异味环境。",
        "ParamSort": "3"
      }
    ]
  }, {
    "ProductId": "020201",
    "ProductName": "【雅丽百花缘】胎菊圆罐装40g*2罐装",
    "ProductImageList": [
      {
        "ImageUrl": "http://img1.hecha.cn/ProductImages/88a9281d-6462-496e-bc18-500d9d644861/20150604110348_m.JPG",
        "ImageType": 0,
        "ImageSort": "1"
      },
      {
        "ImageUrl": "http://img1.hecha.cn/ProductImages/88a9281d-6462-496e-bc18-500d9d644861/20150604110353_m.JPG",
        "ImageType": 0,
        "ImageSort": "2"
      },
      {
        "ImageUrl": "http://img1.hecha.cn/ProductImages/88a9281d-6462-496e-bc18-500d9d644861/20150604110357_m.JPG",
        "ImageType": 0,
        "ImageSort": "3"
      },
      {
        "ImageUrl": "http://img1.hecha.cn/ProductImages/88a9281d-6462-496e-bc18-500d9d644861/20150604110401_m.JPG",
        "ImageType": 0,
        "ImageSort": "4"
      },
      {
        "ImageUrl": "http://img1.hecha.cn/UploadImages/20150604/20150604110326_9216_m.jpg",
        "ImageType": 3,
        "ImageSort": "0"
      },
      {
        "ImageUrl": "http://img1.hecha.cn/UploadImages/20150604/20150604110327_0152_m.jpg",
        "ImageType": 3,
        "ImageSort": "1"
      },
      {
        "ImageUrl": "http://img1.hecha.cn/UploadImages/20150604/20150604110327_0932_m.jpg",
        "ImageType": 3,
        "ImageSort": "2"
      },
      {
        "ImageUrl": "http://img1.hecha.cn/UploadImages/20150604/20150604110327_2024_m.jpg",
        "ImageType": 3,
        "ImageSort": "3"
      },
      {
        "ImageUrl": "http://img1.hecha.cn/UploadImages/20150604/20150604110327_3428_m.jpg",
        "ImageType": 3,
        "ImageSort": "4"
      },
      {
        "ImageUrl": "http://img1.hecha.cn/UploadImages/20150604/20150604110327_4364_m.jpg",
        "ImageType": 3,
        "ImageSort": "5"
      },
      {
        "ImageUrl": "http://img1.hecha.cn/ProductImages/88a9281d-6462-496e-bc18-500d9d644861/20150604110343_m.JPG",
        "ImageType": 2,
        "ImageSort": "0"
      }
    ],
    "ProductParamList": [
      {
        "ParamName": "品牌商家",
        "ParamValue": "雅丽百花缘",
        "ParamSort": "0"
      },
      {
        "ParamName": "产地",
        "ParamValue": "桐乡",
        "ParamSort": "1"
      },
      {
        "ParamName": "保质期",
        "ParamValue": "18个月",
        "ParamSort": "2"
      },
      {
        "ParamName": "产品规格",
        "ParamValue": "40g/罐*2",
        "ParamSort": "3"
      },
      {
        "ParamName": "货号",
        "ParamValue": "hcw005578",
        "ParamSort": "4"
      },
      {
        "ParamName": "存储方法",
        "ParamValue": "存放于清洁、通风、避光、干燥、无异味环境。",
        "ParamSort": "5"
      }
    ]
  },{
    "ProductId": "020202",
    "ProductName": "【雅丽百花缘】清肝明目组合礼包",
    "ProductImageList": [
      {
        "ImageUrl": "http://img1.hecha.cn/ProductImages/2e9e122b-1974-4dc8-9ce8-9082fb567cf1/20150605023745_m.JPG",
        "ImageType": 0,
        "ImageSort": "1"
      },
      {
        "ImageUrl": "http://img1.hecha.cn/ProductImages/2e9e122b-1974-4dc8-9ce8-9082fb567cf1/20150605023749_m.JPG",
        "ImageType": 0,
        "ImageSort": "2"
      },
      {
        "ImageUrl": "http://img1.hecha.cn/ProductImages/2e9e122b-1974-4dc8-9ce8-9082fb567cf1/20150605023753_m.JPG",
        "ImageType": 0,
        "ImageSort": "3"
      },
      {
        "ImageUrl": "http://img1.hecha.cn/ProductImages/2e9e122b-1974-4dc8-9ce8-9082fb567cf1/20150605023757_m.JPG",
        "ImageType": 0,
        "ImageSort": "4"
      },
      {
        "ImageUrl": "http://img1.hecha.cn/UploadImages/20150605/20150605110700_8331_m.jpg",
        "ImageType": 3,
        "ImageSort": "0"
      },
      {
        "ImageUrl": "http://img1.hecha.cn/UploadImages/20150605/20150605110700_9579_m.jpg",
        "ImageType": 3,
        "ImageSort": "1"
      },
      {
        "ImageUrl": "http://img1.hecha.cn/UploadImages/20150605/20150605110701_5039_m.jpg",
        "ImageType": 3,
        "ImageSort": "2"
      },
      {
        "ImageUrl": "http://img1.hecha.cn/UploadImages/20150605/20150605110701_7067_m.jpg",
        "ImageType": 3,
        "ImageSort": "3"
      },
      {
        "ImageUrl": "http://img1.hecha.cn/UploadImages/20150605/20150605110701_8315_m.jpg",
        "ImageType": 3,
        "ImageSort": "4"
      },
      {
        "ImageUrl": "http://img1.hecha.cn/ProductImages/2e9e122b-1974-4dc8-9ce8-9082fb567cf1/20150605023741_m.JPG",
        "ImageType": 2,
        "ImageSort": "0"
      }
    ],
    "ProductParamList": [
      {
        "ParamName": "品牌商家",
        "ParamValue": "雅丽百花缘",
        "ParamSort": "0"
      },
      {
        "ParamName": "保质期",
        "ParamValue": "18个月",
        "ParamSort": "1"
      },
      {
        "ParamName": "产品规格",
        "ParamValue": "180g/盒",
        "ParamSort": "2"
      },
      {
        "ParamName": "存储方法",
        "ParamValue": "存放于清洁、通风、避光、干燥、无异味环境。",
        "ParamSort": "3"
      }
    ]
  }, {
    "ProductId": "020203",
    "ProductName": "【雅丽百花缘】水润如初礼盒3罐装140g",
    "ProductImageList": [
      {
        "ImageUrl": "http://img1.hecha.cn/ProductImages/0855ac29-b0dd-453f-b247-52c125bf4cbf/20150605023653_m.JPG",
        "ImageType": 0,
        "ImageSort": "1"
      },
      {
        "ImageUrl": "http://img1.hecha.cn/ProductImages/0855ac29-b0dd-453f-b247-52c125bf4cbf/20150605023705_m.JPG",
        "ImageType": 0,
        "ImageSort": "2"
      },
      {
        "ImageUrl": "http://img1.hecha.cn/ProductImages/0855ac29-b0dd-453f-b247-52c125bf4cbf/20150605023710_m.JPG",
        "ImageType": 0,
        "ImageSort": "3"
      },
      {
        "ImageUrl": "http://img1.hecha.cn/ProductImages/0855ac29-b0dd-453f-b247-52c125bf4cbf/20150605023715_m.JPG",
        "ImageType": 0,
        "ImageSort": "4"
      },
      {
        "ImageUrl": "http://img1.hecha.cn/ProductImages/0855ac29-b0dd-453f-b247-52c125bf4cbf/20150605023720_m.JPG",
        "ImageType": 0,
        "ImageSort": "5"
      },
      {
        "ImageUrl": "http://img1.hecha.cn/UploadImages/20150605/20150605110419_1232_m.jpg",
        "ImageType": 3,
        "ImageSort": "0"
      },
      {
        "ImageUrl": "http://img1.hecha.cn/UploadImages/20150605/20150605110419_2012_m.jpg",
        "ImageType": 3,
        "ImageSort": "1"
      },
      {
        "ImageUrl": "http://img1.hecha.cn/UploadImages/20150605/20150605110419_3884_m.jpg",
        "ImageType": 3,
        "ImageSort": "2"
      },
      {
        "ImageUrl": "http://img1.hecha.cn/UploadImages/20150605/20150605110419_5132_m.jpg",
        "ImageType": 3,
        "ImageSort": "3"
      },
      {
        "ImageUrl": "http://img1.hecha.cn/UploadImages/20150605/20150605110419_6380_m.jpg",
        "ImageType": 3,
        "ImageSort": "4"
      },
      {
        "ImageUrl": "http://img1.hecha.cn/ProductImages/0855ac29-b0dd-453f-b247-52c125bf4cbf/20150605023348_m.JPG",
        "ImageType": 2,
        "ImageSort": "0"
      }
    ],
    "ProductParamList": [
      {
        "ParamName": "品牌商家",
        "ParamValue": "雅丽百花缘",
        "ParamSort": "0"
      },
      {
        "ParamName": "保质期",
        "ParamValue": "18个月",
        "ParamSort": "1"
      },
      {
        "ParamName": "产品规格",
        "ParamValue": "140g/盒",
        "ParamSort": "2"
      },
      {
        "ParamName": "存储方法",
        "ParamValue": "存放于清洁、通风、避光、干燥、无异味环境。",
        "ParamSort": "3"
      }
    ]
  },{
    "ProductId": "020204",
    "ProductName": "【顶峰】桐乡胎菊王单听50g",
    "ProductImageList": [
      {
        "ImageUrl": "http://img1.hecha.cn/ProductImages/b3b2f6f3-6eb8-4a1f-8c8e-116a72fbed2e/20150211043639_m.JPG",
        "ImageType": 0,
        "ImageSort": "1"
      },
      {
        "ImageUrl": "http://img1.hecha.cn/ProductImages/b3b2f6f3-6eb8-4a1f-8c8e-116a72fbed2e/20150211043645_m.JPG",
        "ImageType": 0,
        "ImageSort": "2"
      },
      {
        "ImageUrl": "http://img1.hecha.cn/ProductImages/b3b2f6f3-6eb8-4a1f-8c8e-116a72fbed2e/20150211043648_m.JPG",
        "ImageType": 0,
        "ImageSort": "3"
      },
      {
        "ImageUrl": "http://img1.hecha.cn/ProductImages/b3b2f6f3-6eb8-4a1f-8c8e-116a72fbed2e/20150211043651_m.JPG",
        "ImageType": 0,
        "ImageSort": "4"
      },
      {
        "ImageUrl": "http://img1.hecha.cn/ProductImages/b3b2f6f3-6eb8-4a1f-8c8e-116a72fbed2e/20150211043655_m.JPG",
        "ImageType": 0,
        "ImageSort": "5"
      },
      {
        "ImageUrl": "http://img1.hecha.cn/UploadImages/20150211/20150211163618_0749_m.jpg",
        "ImageType": 3,
        "ImageSort": "0"
      },
      {
        "ImageUrl": "http://img1.hecha.cn/UploadImages/20150211/20150211163618_0905_m.jpg",
        "ImageType": 3,
        "ImageSort": "1"
      },
      {
        "ImageUrl": "http://img1.hecha.cn/UploadImages/20150211/20150211163618_1529_m.jpg",
        "ImageType": 3,
        "ImageSort": "2"
      },
      {
        "ImageUrl": "http://img1.hecha.cn/UploadImages/20150211/20150211163618_2309_m.jpg",
        "ImageType": 3,
        "ImageSort": "3"
      },
      {
        "ImageUrl": "http://img1.hecha.cn/UploadImages/20150211/20150211163618_3089_m.jpg",
        "ImageType": 3,
        "ImageSort": "4"
      },
      {
        "ImageUrl": "http://img1.hecha.cn/UploadImages/20150211/20150211163618_3557_m.jpg",
        "ImageType": 3,
        "ImageSort": "5"
      },
      {
        "ImageUrl": "http://img1.hecha.cn/UploadImages/20150211/20150211163618_4337_m.jpg",
        "ImageType": 3,
        "ImageSort": "6"
      },
      {
        "ImageUrl": "http://img1.hecha.cn/UploadImages/20150211/20150211163618_4961_m.jpg",
        "ImageType": 3,
        "ImageSort": "7"
      },
      {
        "ImageUrl": "http://img1.hecha.cn/UploadImages/20150211/20150211163618_5741_m.jpg",
        "ImageType": 3,
        "ImageSort": "8"
      },
      {
        "ImageUrl": "http://img1.hecha.cn/UploadImages/20150211/20150211163618_6365_m.jpg",
        "ImageType": 3,
        "ImageSort": "9"
      },
      {
        "ImageUrl": "http://img1.hecha.cn/ProductImages/b3b2f6f3-6eb8-4a1f-8c8e-116a72fbed2e/20150211043636_m.JPG",
        "ImageType": 2,
        "ImageSort": "0"
      }
    ],
    "ProductParamList": [
      {
        "ParamName": "品牌商家",
        "ParamValue": "顶峰",
        "ParamSort": "0"
      },
      {
        "ParamName": "产地",
        "ParamValue": "杭州",
        "ParamSort": "1"
      },
      {
        "ParamName": "等级",
        "ParamValue": "特级",
        "ParamSort": "2"
      },
      {
        "ParamName": "保质期",
        "ParamValue": "18个月",
        "ParamSort": "3"
      },
      {
        "ParamName": "货号",
        "ParamValue": "DFDX-1A1022",
        "ParamSort": "4"
      },
      {
        "ParamName": "产品规格",
        "ParamValue": "50g/罐",
        "ParamSort": "5"
      },
      {
        "ParamName": "存储方法",
        "ParamValue": "存放于清洁、通风、避光、干燥、无异味环境",
        "ParamSort": "6"
      }
    ]
  },{
    "ProductId": "020205",
    "ProductName": "【顶峰】桐乡胎菊王礼盒200g",
    "ProductImageList": [
      {
        "ImageUrl": "http://img1.hecha.cn/ProductImages/91c6647c-df0c-421f-be00-03fb2d825853/20150211044828_m.JPG",
        "ImageType": 0,
        "ImageSort": "1"
      },
      {
        "ImageUrl": "http://img1.hecha.cn/ProductImages/91c6647c-df0c-421f-be00-03fb2d825853/20150211044832_m.JPG",
        "ImageType": 0,
        "ImageSort": "2"
      },
      {
        "ImageUrl": "http://img1.hecha.cn/ProductImages/91c6647c-df0c-421f-be00-03fb2d825853/20150211044835_m.JPG",
        "ImageType": 0,
        "ImageSort": "3"
      },
      {
        "ImageUrl": "http://img1.hecha.cn/ProductImages/91c6647c-df0c-421f-be00-03fb2d825853/20150211044841_m.JPG",
        "ImageType": 0,
        "ImageSort": "4"
      },
      {
        "ImageUrl": "http://img1.hecha.cn/ProductImages/91c6647c-df0c-421f-be00-03fb2d825853/20150821111829_m.JPG",
        "ImageType": 0,
        "ImageSort": "5"
      },
      {
        "ImageUrl": "http://img1.hecha.cn/UploadImages/20150211/20150211164804_1348_m.jpg",
        "ImageType": 3,
        "ImageSort": "0"
      },
      {
        "ImageUrl": "http://img1.hecha.cn/UploadImages/20150211/20150211164804_2128_m.jpg",
        "ImageType": 3,
        "ImageSort": "1"
      },
      {
        "ImageUrl": "http://img1.hecha.cn/UploadImages/20150211/20150211164804_2752_m.jpg",
        "ImageType": 3,
        "ImageSort": "2"
      },
      {
        "ImageUrl": "http://img1.hecha.cn/UploadImages/20150211/20150211164804_3376_m.jpg",
        "ImageType": 3,
        "ImageSort": "3"
      },
      {
        "ImageUrl": "http://img1.hecha.cn/UploadImages/20150211/20150211164804_4156_m.jpg",
        "ImageType": 3,
        "ImageSort": "4"
      },
      {
        "ImageUrl": "http://img1.hecha.cn/UploadImages/20150211/20150211164804_4780_m.jpg",
        "ImageType": 3,
        "ImageSort": "5"
      },
      {
        "ImageUrl": "http://img1.hecha.cn/UploadImages/20150211/20150211164804_5404_m.jpg",
        "ImageType": 3,
        "ImageSort": "6"
      },
      {
        "ImageUrl": "http://img1.hecha.cn/UploadImages/20150211/20150211164804_6028_m.jpg",
        "ImageType": 3,
        "ImageSort": "7"
      },
      {
        "ImageUrl": "http://img1.hecha.cn/UploadImages/20150211/20150211164804_6652_m.jpg",
        "ImageType": 3,
        "ImageSort": "8"
      },
      {
        "ImageUrl": "http://img1.hecha.cn/UploadImages/20150211/20150211164804_7276_m.jpg",
        "ImageType": 3,
        "ImageSort": "9"
      },
      {
        "ImageUrl": "http://img1.hecha.cn/ProductImages/91c6647c-df0c-421f-be00-03fb2d825853/20150211044824_m.JPG",
        "ImageType": 2,
        "ImageSort": "0"
      }
    ],
    "ProductParamList": [
      {
        "ParamName": "品牌商家",
        "ParamValue": "顶峰",
        "ParamSort": "0"
      },
      {
        "ParamName": "产地",
        "ParamValue": "杭州",
        "ParamSort": "1"
      },
      {
        "ParamName": "等级",
        "ParamValue": "特级",
        "ParamSort": "2"
      },
      {
        "ParamName": "保质期",
        "ParamValue": "18个月",
        "ParamSort": "3"
      },
      {
        "ParamName": "货号",
        "ParamValue": "DFDX-1A1021",
        "ParamSort": "4"
      },
      {
        "ParamName": "产品规格",
        "ParamValue": "200g/盒",
        "ParamSort": "5"
      },
      {
        "ParamName": "存储方法",
        "ParamValue": "存放于清洁、通风、避光、干燥、无异味环境",
        "ParamSort": "6"
      }
    ]
  },{
    "ProductId": "020301",
    "ProductName": "【雅丽百花缘】冻干柠檬片圆罐装60g*2罐",
    "ProductImageList": [
      {
        "ImageUrl": "http://img1.hecha.cn/ProductImages/c8139f3e-111f-4251-a7b7-fa17fd155eac/20150604110634_m.JPG",
        "ImageType": 0,
        "ImageSort": "1"
      },
      {
        "ImageUrl": "http://img1.hecha.cn/ProductImages/c8139f3e-111f-4251-a7b7-fa17fd155eac/20150604110637_m.JPG",
        "ImageType": 0,
        "ImageSort": "2"
      },
      {
        "ImageUrl": "http://img1.hecha.cn/ProductImages/c8139f3e-111f-4251-a7b7-fa17fd155eac/20150604110643_m.JPG",
        "ImageType": 0,
        "ImageSort": "3"
      },
      {
        "ImageUrl": "http://img1.hecha.cn/ProductImages/c8139f3e-111f-4251-a7b7-fa17fd155eac/20150604110647_m.JPG",
        "ImageType": 0,
        "ImageSort": "4"
      },
      {
        "ImageUrl": "http://img1.hecha.cn/UploadImages/20150604/20150604110604_9810_m.jpg",
        "ImageType": 3,
        "ImageSort": "0"
      },
      {
        "ImageUrl": "http://img1.hecha.cn/UploadImages/20150604/20150604110605_1214_m.jpg",
        "ImageType": 3,
        "ImageSort": "1"
      },
      {
        "ImageUrl": "http://img1.hecha.cn/UploadImages/20150604/20150604110605_3866_m.jpg",
        "ImageType": 3,
        "ImageSort": "2"
      },
      {
        "ImageUrl": "http://img1.hecha.cn/UploadImages/20150604/20150604110605_5270_m.jpg",
        "ImageType": 3,
        "ImageSort": "3"
      },
      {
        "ImageUrl": "http://img1.hecha.cn/UploadImages/20150604/20150604110605_6830_m.jpg",
        "ImageType": 3,
        "ImageSort": "4"
      },
      {
        "ImageUrl": "http://img1.hecha.cn/ProductImages/c8139f3e-111f-4251-a7b7-fa17fd155eac/20150605024708_m.JPG",
        "ImageType": 2,
        "ImageSort": "0"
      }
    ],
    "ProductParamList": [
      {
        "ParamName": "品牌商家",
        "ParamValue": "雅丽百花缘",
        "ParamSort": "0"
      },
      {
        "ParamName": "保质期",
        "ParamValue": "18个月",
        "ParamSort": "1"
      },
      {
        "ParamName": "产品规格",
        "ParamValue": "60g/罐*2",
        "ParamSort": "2"
      },
      {
        "ParamName": "存储方法",
        "ParamValue": "存放于清洁、通风、避光、干燥、无异味环境。",
        "ParamSort": "3"
      }
    ]
  },{
    "ProductId": "020302",
    "ProductName": "【雅丽百花缘】水润如初礼盒3罐装140g",
    "ProductImageList": [
      {
        "ImageUrl": "http://img1.hecha.cn/ProductImages/0855ac29-b0dd-453f-b247-52c125bf4cbf/20150605023653_m.JPG",
        "ImageType": 0,
        "ImageSort": "1"
      },
      {
        "ImageUrl": "http://img1.hecha.cn/ProductImages/0855ac29-b0dd-453f-b247-52c125bf4cbf/20150605023705_m.JPG",
        "ImageType": 0,
        "ImageSort": "2"
      },
      {
        "ImageUrl": "http://img1.hecha.cn/ProductImages/0855ac29-b0dd-453f-b247-52c125bf4cbf/20150605023710_m.JPG",
        "ImageType": 0,
        "ImageSort": "3"
      },
      {
        "ImageUrl": "http://img1.hecha.cn/ProductImages/0855ac29-b0dd-453f-b247-52c125bf4cbf/20150605023715_m.JPG",
        "ImageType": 0,
        "ImageSort": "4"
      },
      {
        "ImageUrl": "http://img1.hecha.cn/ProductImages/0855ac29-b0dd-453f-b247-52c125bf4cbf/20150605023720_m.JPG",
        "ImageType": 0,
        "ImageSort": "5"
      },
      {
        "ImageUrl": "http://img1.hecha.cn/UploadImages/20150605/20150605110419_1232_m.jpg",
        "ImageType": 3,
        "ImageSort": "0"
      },
      {
        "ImageUrl": "http://img1.hecha.cn/UploadImages/20150605/20150605110419_2012_m.jpg",
        "ImageType": 3,
        "ImageSort": "1"
      },
      {
        "ImageUrl": "http://img1.hecha.cn/UploadImages/20150605/20150605110419_3884_m.jpg",
        "ImageType": 3,
        "ImageSort": "2"
      },
      {
        "ImageUrl": "http://img1.hecha.cn/UploadImages/20150605/20150605110419_5132_m.jpg",
        "ImageType": 3,
        "ImageSort": "3"
      },
      {
        "ImageUrl": "http://img1.hecha.cn/UploadImages/20150605/20150605110419_6380_m.jpg",
        "ImageType": 3,
        "ImageSort": "4"
      },
      {
        "ImageUrl": "http://img1.hecha.cn/ProductImages/0855ac29-b0dd-453f-b247-52c125bf4cbf/20150605023348_m.JPG",
        "ImageType": 2,
        "ImageSort": "0"
      }
    ],
    "ProductParamList": [
      {
        "ParamName": "品牌商家",
        "ParamValue": "雅丽百花缘",
        "ParamSort": "0"
      },
      {
        "ParamName": "保质期",
        "ParamValue": "18个月",
        "ParamSort": "1"
      },
      {
        "ParamName": "产品规格",
        "ParamValue": "140g/盒",
        "ParamSort": "2"
      },
      {
        "ParamName": "存储方法",
        "ParamValue": "存放于清洁、通风、避光、干燥、无异味环境。",
        "ParamSort": "3"
      }
    ]
  }, {
    "ProductId": "020303",
    "ProductName": "【雅丽百花缘】冻干柠檬片礼盒3罐装180g",
    "ProductImageList": [
      {
        "ImageUrl": "http://img1.hecha.cn/ProductImages/1d8523c6-a638-4e7c-8c7a-095abd3b3f90/20150605023016_m.JPG",
        "ImageType": 0,
        "ImageSort": "1"
      },
      {
        "ImageUrl": "http://img1.hecha.cn/ProductImages/1d8523c6-a638-4e7c-8c7a-095abd3b3f90/20150605023020_m.JPG",
        "ImageType": 0,
        "ImageSort": "2"
      },
      {
        "ImageUrl": "http://img1.hecha.cn/ProductImages/1d8523c6-a638-4e7c-8c7a-095abd3b3f90/20150605023024_m.JPG",
        "ImageType": 0,
        "ImageSort": "3"
      },
      {
        "ImageUrl": "http://img1.hecha.cn/ProductImages/1d8523c6-a638-4e7c-8c7a-095abd3b3f90/20150605023028_m.JPG",
        "ImageType": 0,
        "ImageSort": "4"
      },
      {
        "ImageUrl": "http://img1.hecha.cn/UploadImages/20150605/20150605110126_3997_m.jpg",
        "ImageType": 3,
        "ImageSort": "0"
      },
      {
        "ImageUrl": "http://img1.hecha.cn/UploadImages/20150605/20150605110126_4777_m.jpg",
        "ImageType": 3,
        "ImageSort": "1"
      },
      {
        "ImageUrl": "http://img1.hecha.cn/UploadImages/20150605/20150605110126_6649_m.jpg",
        "ImageType": 3,
        "ImageSort": "2"
      },
      {
        "ImageUrl": "http://img1.hecha.cn/UploadImages/20150605/20150605110126_7741_m.jpg",
        "ImageType": 3,
        "ImageSort": "3"
      },
      {
        "ImageUrl": "http://img1.hecha.cn/UploadImages/20150605/20150605110126_8521_m.jpg",
        "ImageType": 3,
        "ImageSort": "4"
      },
      {
        "ImageUrl": "http://img1.hecha.cn/ProductImages/1d8523c6-a638-4e7c-8c7a-095abd3b3f90/20150605023011_m.JPG",
        "ImageType": 2,
        "ImageSort": "0"
      }
    ],
    "ProductParamList": [
      {
        "ParamName": "品牌商家",
        "ParamValue": "雅丽百花缘",
        "ParamSort": "0"
      },
      {
        "ParamName": "保质期",
        "ParamValue": "18个月",
        "ParamSort": "1"
      },
      {
        "ParamName": "产品规格",
        "ParamValue": "180g/盒",
        "ParamSort": "2"
      },
      {
        "ParamName": "存储方法",
        "ParamValue": "存放于清洁、通风、避光、干燥、无异味环境。",
        "ParamSort": "3"
      }
    ]
  },{
    "ProductId": "020401",
    "ProductName": "【雅丽百花缘】法兰西玫瑰3罐礼盒装",
    "ProductImageList": [
      {
        "ImageUrl": "http://img1.hecha.cn/ProductImages/c8745003-de93-4d57-96f0-c3046c13b14c/20150605024112_m.JPG",
        "ImageType": 0,
        "ImageSort": "0"
      },
      {
        "ImageUrl": "http://img1.hecha.cn/ProductImages/c8745003-de93-4d57-96f0-c3046c13b14c/20150605024115_m.JPG",
        "ImageType": 0,
        "ImageSort": "1"
      },
      {
        "ImageUrl": "http://img1.hecha.cn/ProductImages/c8745003-de93-4d57-96f0-c3046c13b14c/20150605024119_m.JPG",
        "ImageType": 0,
        "ImageSort": "2"
      },
      {
        "ImageUrl": "http://img1.hecha.cn/ProductImages/c8745003-de93-4d57-96f0-c3046c13b14c/20150605024123_m.JPG",
        "ImageType": 0,
        "ImageSort": "3"
      },
      {
        "ImageUrl": "http://img1.hecha.cn/UploadImages/20150605/20150605115238_2479_m.jpg",
        "ImageType": 3,
        "ImageSort": "0"
      },
      {
        "ImageUrl": "http://img1.hecha.cn/UploadImages/20150605/20150605115238_3727_m.jpg",
        "ImageType": 3,
        "ImageSort": "1"
      },
      {
        "ImageUrl": "http://img1.hecha.cn/UploadImages/20150605/20150605115238_4663_m.jpg",
        "ImageType": 3,
        "ImageSort": "2"
      },
      {
        "ImageUrl": "http://img1.hecha.cn/UploadImages/20150605/20150605115238_7003_m.jpg",
        "ImageType": 3,
        "ImageSort": "3"
      },
      {
        "ImageUrl": "http://img1.hecha.cn/UploadImages/20150605/20150605115238_7783_m.jpg",
        "ImageType": 3,
        "ImageSort": "4"
      },
      {
        "ImageUrl": "http://img1.hecha.cn/UploadImages/20150605/20150605115238_9499_m.jpg",
        "ImageType": 3,
        "ImageSort": "5"
      }
    ],
    "ProductParamList": [
      {
        "ParamName": "品牌商家",
        "ParamValue": "雅丽百花缘",
        "ParamSort": "0"
      },
      {
        "ParamName": "保质期",
        "ParamValue": "18个月",
        "ParamSort": "1"
      },
      {
        "ParamName": "产品规格",
        "ParamValue": "120g/盒",
        "ParamSort": "2"
      },
      {
        "ParamName": "存储方法",
        "ParamValue": "存放于清洁、通风、避光、干燥、无异味环境。",
        "ParamSort": "3"
      }
    ]
  },{
    "ProductId": "020403",
    "ProductName": "【雅丽百花缘】雪菊玫瑰花组合装40g+30g",
    "ProductImageList": [
      {
        "ImageUrl": "http://img1.hecha.cn/ProductImages/109ebc4c-170d-464a-bcc7-3938f60f0cfc/20150605021935_m.JPG",
        "ImageType": 0,
        "ImageSort": "1"
      },
      {
        "ImageUrl": "http://img1.hecha.cn/ProductImages/109ebc4c-170d-464a-bcc7-3938f60f0cfc/20150605021940_m.JPG",
        "ImageType": 0,
        "ImageSort": "2"
      },
      {
        "ImageUrl": "http://img1.hecha.cn/ProductImages/109ebc4c-170d-464a-bcc7-3938f60f0cfc/20150605021944_m.JPG",
        "ImageType": 0,
        "ImageSort": "3"
      },
      {
        "ImageUrl": "http://img1.hecha.cn/ProductImages/109ebc4c-170d-464a-bcc7-3938f60f0cfc/20150605021948_m.JPG",
        "ImageType": 0,
        "ImageSort": "4"
      },
      {
        "ImageUrl": "http://img1.hecha.cn/UploadImages/20151126/20151126165643_6222_m.jpg",
        "ImageType": 3,
        "ImageSort": "0"
      },
      {
        "ImageUrl": "http://img1.hecha.cn/UploadImages/20151126/20151126165643_6612_m.jpg",
        "ImageType": 3,
        "ImageSort": "1"
      },
      {
        "ImageUrl": "http://img1.hecha.cn/UploadImages/20151126/20151126165643_7432_m.jpg",
        "ImageType": 3,
        "ImageSort": "2"
      },
      {
        "ImageUrl": "http://img1.hecha.cn/UploadImages/20151126/20151126165643_8002_m.jpg",
        "ImageType": 3,
        "ImageSort": "3"
      },
      {
        "ImageUrl": "http://img1.hecha.cn/UploadImages/20151126/20151126165643_8952_m.jpg",
        "ImageType": 3,
        "ImageSort": "4"
      },
      {
        "ImageUrl": "http://img1.hecha.cn/UploadImages/20151126/20151126165643_9332_m.jpg",
        "ImageType": 3,
        "ImageSort": "5"
      },
      {
        "ImageUrl": "http://img1.hecha.cn/UploadImages/20151126/20151126165644_0062_m.jpg",
        "ImageType": 3,
        "ImageSort": "6"
      },
      {
        "ImageUrl": "http://img1.hecha.cn/UploadImages/20151126/20151126165644_0732_m.jpg",
        "ImageType": 3,
        "ImageSort": "7"
      },
      {
        "ImageUrl": "http://img1.hecha.cn/UploadImages/20151126/20151126165644_1452_m.jpg",
        "ImageType": 3,
        "ImageSort": "8"
      },
      {
        "ImageUrl": "http://img1.hecha.cn/UploadImages/20151126/20151126165644_2182_m.jpg",
        "ImageType": 3,
        "ImageSort": "9"
      },
      {
        "ImageUrl": "http://img1.hecha.cn/UploadImages/20151126/20151126165644_2592_m.jpg",
        "ImageType": 3,
        "ImageSort": "10"
      },
      {
        "ImageUrl": "http://img1.hecha.cn/ProductImages/109ebc4c-170d-464a-bcc7-3938f60f0cfc/20150605021922_m.JPG",
        "ImageType": 2,
        "ImageSort": "0"
      }
    ],
    "ProductParamList": [
      {
        "ParamName": "品牌商家",
        "ParamValue": "雅丽百花缘",
        "ParamSort": "0"
      },
      {
        "ParamName": "保质期",
        "ParamValue": "18个月",
        "ParamSort": "1"
      },
      {
        "ParamName": "产品规格",
        "ParamValue": "70g/盒",
        "ParamSort": "2"
      },
      {
        "ParamName": "存储方法",
        "ParamValue": "存放于清洁、通风、避光、干燥、无异味环境。",
        "ParamSort": "3"
      }
    ]
  },{
    "ProductId": "020501",
    "ProductName": "【雅丽百花缘】红糖姜茶圆罐装100g*2罐",
    "ProductImageList": [
      {
        "ImageUrl": "http://img1.hecha.cn/ProductImages/d5ec0ca6-a7bb-4ad5-bb28-e7e6464248de/20150604105334_m.JPG",
        "ImageType": 0,
        "ImageSort": "1"
      },
      {
        "ImageUrl": "http://img1.hecha.cn/ProductImages/d5ec0ca6-a7bb-4ad5-bb28-e7e6464248de/20150604105339_m.JPG",
        "ImageType": 0,
        "ImageSort": "2"
      },
      {
        "ImageUrl": "http://img1.hecha.cn/ProductImages/d5ec0ca6-a7bb-4ad5-bb28-e7e6464248de/20150604105343_m.JPG",
        "ImageType": 0,
        "ImageSort": "3"
      },
      {
        "ImageUrl": "http://img1.hecha.cn/ProductImages/d5ec0ca6-a7bb-4ad5-bb28-e7e6464248de/20150604105348_m.JPG",
        "ImageType": 0,
        "ImageSort": "4"
      },
      {
        "ImageUrl": "http://img1.hecha.cn/UploadImages/20151126/20151126165810_7171_m.jpg",
        "ImageType": 3,
        "ImageSort": "0"
      },
      {
        "ImageUrl": "http://img1.hecha.cn/UploadImages/20151126/20151126165810_7981_m.jpg",
        "ImageType": 3,
        "ImageSort": "1"
      },
      {
        "ImageUrl": "http://img1.hecha.cn/UploadImages/20151126/20151126165810_9002_m.jpg",
        "ImageType": 3,
        "ImageSort": "2"
      },
      {
        "ImageUrl": "http://img1.hecha.cn/UploadImages/20151126/20151126165811_0232_m.jpg",
        "ImageType": 3,
        "ImageSort": "3"
      },
      {
        "ImageUrl": "http://img1.hecha.cn/UploadImages/20151126/20151126165811_0682_m.jpg",
        "ImageType": 3,
        "ImageSort": "4"
      },
      {
        "ImageUrl": "http://img1.hecha.cn/UploadImages/20151126/20151126165811_1382_m.jpg",
        "ImageType": 3,
        "ImageSort": "5"
      },
      {
        "ImageUrl": "http://img1.hecha.cn/UploadImages/20151126/20151126165811_2042_m.jpg",
        "ImageType": 3,
        "ImageSort": "6"
      },
      {
        "ImageUrl": "http://img1.hecha.cn/UploadImages/20151126/20151126165811_2772_m.jpg",
        "ImageType": 3,
        "ImageSort": "7"
      },
      {
        "ImageUrl": "http://img1.hecha.cn/ProductImages/d5ec0ca6-a7bb-4ad5-bb28-e7e6464248de/20150604105329_m.JPG",
        "ImageType": 2,
        "ImageSort": "0"
      }
    ],
    "ProductParamList": [
      {
        "ParamName": "品牌商家",
        "ParamValue": "雅丽百花缘",
        "ParamSort": "0"
      },
      {
        "ParamName": "产地",
        "ParamValue": "浙江",
        "ParamSort": "1"
      },
      {
        "ParamName": "保质期",
        "ParamValue": "18个月",
        "ParamSort": "2"
      },
      {
        "ParamName": "产品规格",
        "ParamValue": "200g/罐*2",
        "ParamSort": "3"
      },
      {
        "ParamName": "货号",
        "ParamValue": "hcw005582",
        "ParamSort": "4"
      },
      {
        "ParamName": "存储方法",
        "ParamValue": "存放于清洁、通风、避光、干燥、无异味环境。",
        "ParamSort": "5"
      }
    ]
  }]
