[
    {
       "ProductId": "020101",
       "ProductName": "【雅丽百花缘】雪菊圆罐装30g*2罐特惠装",
       "ProductImage": "http://img1.hecha.cn/ProductImages/1b0528bd-d94c-4a97-a11b-5e85c9c74e36/20150604105629_m.JPG",
       "ProductUrl": "",
       "ProductSaleRule": "1件包邮",
       "ProductSalePrice": "69.00",
       "ProductMarketPrice": "216.00",
       "ProductComment": "64239",
       "ProductScore": "4.75",
       "ProductSaleCount": 28
   },
   {
       "ProductId": "020102",
       "ProductName": "【雅丽百花缘】雪菊3罐礼盒装",
       "ProductImage": "http://img1.hecha.cn/ProductImages/fa455867-2f67-4943-bfa8-bc63bdea96c8/20150605024140_m.JPG",
       "ProductUrl": "",
       "ProductSaleRule": "1件包邮",
       "ProductSalePrice": "139.00",
       "ProductMarketPrice": "278.00",
       "ProductComment": "33316",
       "ProductScore": "4.75",
       "ProductSaleCount": 0
   },
   {
       "ProductId": "020103",
       "ProductName": "【雅丽百花缘】雪菊玫瑰花组合装40g+30g",
       "ProductImage": "http://img1.hecha.cn/ProductImages/109ebc4c-170d-464a-bcc7-3938f60f0cfc/20150605021922_m.JPG",
       "ProductUrl": "",
       "ProductSaleRule": "1件包邮",
       "ProductSalePrice": "49.00",
       "ProductMarketPrice": "119.00",
       "ProductComment": "31665",
       "ProductScore": "4.75",
       "ProductSaleCount": 19
   },
   {
       "ProductId": "020201",
       "ProductName": "【雅丽百花缘】胎菊圆罐装40g*2罐装",
       "ProductImage": "http://img1.hecha.cn/ProductImages/88a9281d-6462-496e-bc18-500d9d644861/20150604110343_m.JPG",
       "ProductUrl": "",
       "ProductSaleRule": "1件包邮",
       "ProductSalePrice": "59.00",
       "ProductMarketPrice": "216.00",
       "ProductComment": "12638",
       "ProductScore": "4.75",
       "ProductSaleCount": 33
   },
   {
       "ProductId": "020202",
       "ProductName": "【雅丽百花缘】清肝明目组合礼包",
       "ProductImage": "http://img1.hecha.cn/ProductImages/2e9e122b-1974-4dc8-9ce8-9082fb567cf1/20150605023741_m.JPG",
       "ProductUrl": "",
       "ProductSaleRule": "1件包邮",
       "ProductSalePrice": "59.00",
       "ProductMarketPrice": "288.00",
       "ProductComment": "11572",
       "ProductScore": "4.75",
       "ProductSaleCount": 8
   },
   {
       "ProductId": "020203",
       "ProductName": "【雅丽百花缘】水润如初礼盒3罐装140g",
       "ProductImage": "http://img1.hecha.cn/ProductImages/0855ac29-b0dd-453f-b247-52c125bf4cbf/20150605023348_m.JPG",
       "ProductUrl": "",
       "ProductSaleRule": "1件包邮",
       "ProductSalePrice": "149.00",
       "ProductMarketPrice": "298.00",
       "ProductComment": "34654",
       "ProductScore": "4.75",
       "ProductSaleCount": 0
   },
   {
       "ProductId": "020204",
       "ProductName": "【顶峰】特级桐乡胎菊王单听50g",
       "ProductImage": "http://img1.hecha.cn/ProductImages/b3b2f6f3-6eb8-4a1f-8c8e-116a72fbed2e/20150211043636_m.JPG",
       "ProductUrl": "",
       "ProductSaleRule": "",
       "ProductSalePrice": "69.00",
       "ProductMarketPrice": "95.00",
       "ProductComment": "24721",
       "ProductScore": "4.76",
       "ProductSaleCount": 44
   },
   {
       "ProductId": "020205",
       "ProductName": "【顶峰】桐乡胎菊王礼盒200g",
       "ProductImage": "http://img1.hecha.cn/ProductImages/91c6647c-df0c-421f-be00-03fb2d825853/20150211044824_m.JPG",
       "ProductUrl": "",
       "ProductSaleRule": "1件包邮",
       "ProductSalePrice": "299.00",
       "ProductMarketPrice": "425.00",
       "ProductComment": "35174",
       "ProductScore": "4.75",
       "ProductSaleCount": 11
   },
   {
       "ProductId": "020301",
       "ProductName": "【雅丽百花缘】冻干柠檬片圆罐装60g*2罐",
       "ProductImage": "http://img1.hecha.cn/ProductImages/c8139f3e-111f-4251-a7b7-fa17fd155eac/20150605024708_m.JPG",
       "ProductUrl": "",
       "ProductSaleRule": "1件包邮",
       "ProductSalePrice": "65.00",
       "ProductMarketPrice": "216.00",
       "ProductComment": "147505",
       "ProductScore": "4.75",
       "ProductSaleCount": 25
   },
   {
       "ProductId": "020302",
       "ProductName": "【雅丽百花缘】水润如初礼盒3罐装140g",
       "ProductImage": "http://img1.hecha.cn/ProductImages/0855ac29-b0dd-453f-b247-52c125bf4cbf/20150605023348_m.JPG",
       "ProductUrl": "",
       "ProductSaleRule": "1件包邮",
       "ProductSalePrice": "149.00",
       "ProductMarketPrice": "298.00",
       "ProductComment": "34654",
       "ProductScore": "4.75",
       "ProductSaleCount": 0
   },
   {
       "ProductId": "020303",
       "ProductName": "【雅丽百花缘】冻干柠檬片礼盒3罐装180g",
       "ProductImage": "http://img1.hecha.cn/ProductImages/1d8523c6-a638-4e7c-8c7a-095abd3b3f90/20150605023011_m.JPG",
       "ProductUrl": "",
       "ProductSaleRule": "1件包邮",
       "ProductSalePrice": "69.00",
       "ProductMarketPrice": "298.00",
       "ProductComment": "43294",
       "ProductScore": "4.75",
       "ProductSaleCount": 6
   },
   {
      "ProductId": "020401",
      "ProductName": "【雅丽百花缘】法兰西玫瑰3罐礼盒装",
      "ProductImage": "http://img1.hecha.cn/ProductImages/c8745003-de93-4d57-96f0-c3046c13b14c/20150605024107_m.JPG",
      "ProductUrl": "",
      "ProductSaleRule": "1件包邮",
      "ProductSalePrice": "108.00",
      "ProductMarketPrice": "298.00",
      "ProductComment": "23132",
      "ProductScore": "4.75",
      "ProductSaleCount": 2
  },
  {
      "ProductId": "020402",
      "ProductName": "【雅丽百花缘】水润如初礼盒3罐装140g",
      "ProductImage": "http://img1.hecha.cn/ProductImages/0855ac29-b0dd-453f-b247-52c125bf4cbf/20150605023348_m.JPG",
      "ProductUrl": "",
      "ProductSaleRule": "1件包邮",
      "ProductSalePrice": "149.00",
      "ProductMarketPrice": "298.00",
      "ProductComment": "34654",
      "ProductScore": "4.75",
      "ProductSaleCount": 0
  },
  {
      "ProductId": "020403",
      "ProductName": "【雅丽百花缘】雪菊玫瑰花组合装40g+30g",
      "ProductImage": "http://img1.hecha.cn/ProductImages/109ebc4c-170d-464a-bcc7-3938f60f0cfc/20150605021922_m.JPG",
      "ProductUrl": "",
      "ProductSaleRule": "1件包邮",
      "ProductSalePrice": "49.00",
      "ProductMarketPrice": "119.00",
      "ProductComment": "31665",
      "ProductScore": "4.75",
      "ProductSaleCount": 19
  },
  {
       "ProductId": "020501",
       "ProductName": "【雅丽百花缘】红糖姜茶圆罐装100g*2罐",
       "ProductImage": "http://img1.hecha.cn/ProductImages/d5ec0ca6-a7bb-4ad5-bb28-e7e6464248de/20150604105329_m.JPG",
       "ProductUrl": "",
       "ProductSaleRule": "1件包邮",
       "ProductSalePrice": "59.00",
       "ProductMarketPrice": "158.00",
       "ProductComment": "11497",
       "ProductScore": "4.75",
       "ProductSaleCount": 15
   },
   {
       "ProductId": "020502",
       "ProductName": "【美丽快攻】黑糖红枣老姜茶200g",
       "ProductImage": "http://img1.hecha.cn/ProductImages/61ab6dc9-4a67-4d5e-8bed-1e1755165b28/20150211114240_m.JPG",
       "ProductUrl": "",
       "ProductSaleRule": "2件包邮",
       "ProductSalePrice": "49.00",
       "ProductMarketPrice": "168.00",
       "ProductComment": "13221",
       "ProductScore": "4.78",
       "ProductSaleCount": 177
   },
   {
        "ProductId": "020601",
        "ProductName": "【雅丽百花缘】枸杞圆罐装100g",
        "ProductImage": "http://img1.hecha.cn/ProductImages/efdc9c87-6482-4c88-be80-5009fa8e06fa/20150603025319_m.JPG",
        "ProductUrl": "",
        "ProductSaleRule": "2件包邮",
        "ProductSalePrice": "42.00",
        "ProductMarketPrice": "68.00",
        "ProductComment": "30406",
        "ProductScore": "4.75",
        "ProductSaleCount": 12
    },
    {
         "ProductId": "020701",
         "ProductName": "【雅丽百花缘】巴黎香榭圆罐装180g",
         "ProductImage": "http://img1.hecha.cn/ProductImages/d36fce9a-99a4-4c6b-be68-13ea7b514f75/20150604111249_m.JPG",
         "ProductUrl": "",
         "ProductSaleRule": "2件包邮",
         "ProductSalePrice": "36.00",
         "ProductMarketPrice": "118.00",
         "ProductComment": "18339",
         "ProductScore": "4.75",
         "ProductSaleCount": 32
     },
     {
         "ProductId": "020702",
         "ProductName": "【雅丽百花缘】大麦茶巴黎香榭组合装",
         "ProductImage": "http://img1.hecha.cn/ProductImages/0704520d-67ca-47d1-b378-d99713feae75/20150605024003_m.JPG",
         "ProductUrl": "",
         "ProductSaleRule": "1件包邮",
         "ProductSalePrice": "51.00",
         "ProductMarketPrice": "108.00",
         "ProductComment": "5723",
         "ProductScore": "4.75",
         "ProductSaleCount": 11
     },
     {
         "ProductId": "020703",
         "ProductName": "【雅丽百花缘】塑身养眼美白组合3罐礼品装",
         "ProductImage": "http://img1.hecha.cn/ProductImages/e664f2cc-4359-47fc-a2eb-0dec98c6e7c9/20150605023925_m.JPG",
         "ProductUrl": "",
         "ProductSaleRule": "1件包邮",
         "ProductSalePrice": "89.00",
         "ProductMarketPrice": "289.00",
         "ProductComment": "23160",
         "ProductScore": "4.75",
         "ProductSaleCount": 0
     },
     {
         "ProductId": "020704",
         "ProductName": "【雅丽百花缘】巴黎香榭3罐礼盒装540g",
         "ProductImage": "http://img1.hecha.cn/ProductImages/20f51a3c-625c-4aa0-9aff-088b6c0bb12b/20150605022008_m.JPG",
         "ProductUrl": "",
         "ProductSaleRule": "1件包邮",
         "ProductSalePrice": "168.00",
         "ProductMarketPrice": "315.00",
         "ProductComment": "10044",
         "ProductScore": "4.75",
         "ProductSaleCount": 0
     },
     {
        "ProductId": "020801",
        "ProductName": "【雅丽百花缘】大麦茶圆罐装180g",
        "ProductImage": "http://img1.hecha.cn/ProductImages/68132186-b208-473e-a9ef-cc02e43e50b6/20150604111137_m.JPG",
        "ProductUrl": "",
        "ProductSaleRule": "买1送1 1件包邮",
        "ProductSalePrice": "39.00",
        "ProductMarketPrice": "69.00",
        "ProductComment": "16919",
        "ProductScore": "4.75",
        "ProductSaleCount": 30
    },
    {
        "ProductId": "020802",
        "ProductName": "【雅丽百花缘】大麦茶巴黎香榭组合装",
        "ProductImage": "http://img1.hecha.cn/ProductImages/0704520d-67ca-47d1-b378-d99713feae75/20150605024003_m.JPG",
        "ProductUrl": "",
        "ProductSaleRule": "1件包邮",
        "ProductSalePrice": "51.00",
        "ProductMarketPrice": "108.00",
        "ProductComment": "5723",
        "ProductScore": "4.75",
        "ProductSaleCount": 11
    },
    {
        "ProductId": "020803",
        "ProductName": "【雅丽百花缘】塑身养眼美白组合3罐礼品装",
        "ProductImage": "http://img1.hecha.cn/ProductImages/e664f2cc-4359-47fc-a2eb-0dec98c6e7c9/20150605023925_m.JPG",
        "ProductUrl": "",
        "ProductSaleRule": "1件包邮",
        "ProductSalePrice": "89.00",
        "ProductMarketPrice": "289.00",
        "ProductComment": "23160",
        "ProductScore": "4.75",
        "ProductSaleCount": 0
    },
    {
        "ProductId": "020901",
        "ProductName": "【雅丽百花缘】苦荞茶圆罐装200g",
        "ProductImage": "http://img1.hecha.cn/ProductImages/41b8e716-f894-4077-b056-50e8cbd488d5/20150603120011_m.JPG",
        "ProductUrl": "",
        "ProductSaleRule": "2件包邮",
        "ProductSalePrice": "35.00",
        "ProductMarketPrice": "116.00",
        "ProductComment": "34658",
        "ProductScore": "4.75",
        "ProductSaleCount": 23
    },
    {
         "ProductId": "021001",
         "ProductName": "【雅丽百花缘】金银花圆罐装30g*2罐",
         "ProductImage": "http://img1.hecha.cn/ProductImages/7603ed97-0543-4228-952f-7f897856daf2/20150604100044_m.JPG",
         "ProductUrl": "",
         "ProductSaleRule": "1件包邮",
         "ProductSalePrice": "19.90",
         "ProductMarketPrice": "116.00",
         "ProductComment": "11039",
         "ProductScore": "4.75",
         "ProductSaleCount": 7
     },
     {
         "ProductId": "021002",
         "ProductName": "【雅丽百花缘】如花女子组合3罐礼品装100g",
         "ProductImage": "http://img1.hecha.cn/ProductImages/1fd8e07a-1220-4877-bfc2-b4dff88a05bf/20150605024035_m.JPG",
         "ProductUrl": "",
         "ProductSaleRule": "",
         "ProductSalePrice": "139.00",
         "ProductMarketPrice": "268.00",
         "ProductComment": "3159",
         "ProductScore": "4.75",
         "ProductSaleCount": 1
     },
     {
         "ProductId": "021101",
         "ProductName": "【雅丽百花缘】洛神花圆罐装40g*2罐",
         "ProductImage": "http://img1.hecha.cn/ProductImages/aa5a1d6d-08a3-4514-b99d-a3b8b1fe9856/20150605033122_m.JPG",
         "ProductUrl": "",
         "ProductSaleRule": "1件包邮",
         "ProductSalePrice": "49.00",
         "ProductMarketPrice": "92.00",
         "ProductComment": "8298",
         "ProductScore": "4.75",
         "ProductSaleCount": 16
     },
     {
         "ProductId": "021102",
         "ProductName": "【雅丽百花缘】如花女子组合3罐礼品装100g",
         "ProductImage": "http://img1.hecha.cn/ProductImages/1fd8e07a-1220-4877-bfc2-b4dff88a05bf/20150605024035_m.JPG",
         "ProductUrl": "",
         "ProductSaleRule": "",
         "ProductSalePrice": "139.00",
         "ProductMarketPrice": "268.00",
         "ProductComment": "3159",
         "ProductScore": "4.75",
         "ProductSaleCount": 1
     },
     {
         "ProductId": "021103",
         "ProductName": "【雅丽百花缘】窈窕美颜组合3罐礼品装",
         "ProductImage": "http://img1.hecha.cn/ProductImages/ab25ebe9-4ffe-4e81-a3d4-d0e4174c9548/20150605023815_m.JPG",
         "ProductUrl": "",
         "ProductSaleRule": "",
         "ProductSalePrice": "147.00",
         "ProductMarketPrice": "278.00",
         "ProductComment": "3379",
         "ProductScore": "4.75",
         "ProductSaleCount": 0
     },
     {
         "ProductId": "021104",
         "ProductName": "【雅丽百花缘】洛神花礼盒3罐装120g",
         "ProductImage": "http://img1.hecha.cn/ProductImages/a2d4d10f-0141-44b2-b7f5-14ea69cf9040/20150605022852_m.JPG",
         "ProductUrl": "",
         "ProductSaleRule": "1件包邮",
         "ProductSalePrice": "109.00",
         "ProductMarketPrice": "239.00",
         "ProductComment": "6380",
         "ProductScore": "4.75",
         "ProductSaleCount": 2
     },
     {
         "ProductId": "021105",
         "ProductName": "【雅丽百花缘】玫瑰洛神花组合3罐礼品装120g",
         "ProductImage": "http://img1.hecha.cn/ProductImages/4f4b908b-25e9-47b6-85ff-cdc97b6e9ad1/20150605024214_m.JPG",
         "ProductUrl": "",
         "ProductSaleRule": "1件包邮",
         "ProductSalePrice": "149.00",
         "ProductMarketPrice": "278.00",
         "ProductComment": "15374",
         "ProductScore": "4.75",
         "ProductSaleCount": 0
     }
]
