[
    {
       "ProductId": "080101",
       "ProductName": "【德化陶瓷】随身自带 高白青花快客杯之精致自用茶具",
       "ProductImage": "http://img1.hecha.cn/ProductImages/268e0b6e-fd4f-43ac-8f79-40604b48750b/20150212050744_m.JPG",
       "ProductUrl": "",
       "ProductSaleRule": "1件包邮",
       "ProductSalePrice": "58.00",
       "ProductMarketPrice": "88.00",
       "ProductComment": "10928",
       "ProductScore": "4.75",
       "ProductSaleCount": 18
   },
   {
       "ProductId": "080102",
       "ProductName": "【德化陶瓷】亚光白荷花平盖茶叶罐",
       "ProductImage": "http://img1.hecha.cn/ProductImages/65d7e38b-2dfd-4771-8c9f-f215ed03867d/20150213103430_m.JPG",
       "ProductUrl": "",
       "ProductSaleRule": "1件包邮",
       "ProductSalePrice": "69.00",
       "ProductMarketPrice": "98.00",
       "ProductComment": "1297",
       "ProductScore": "4.75",
       "ProductSaleCount": 11
   },
   {
       "ProductId": "080103",
       "ProductName": "【成艺】个人杯四件套-高风亮节",
       "ProductImage": "http://img1.hecha.cn/ProductImages/1345dae0-f7e1-4146-b00d-ca5e50f6c76e/20150211030457_m.JPG",
       "ProductUrl": "",
       "ProductSaleRule": "1件包邮",
       "ProductSalePrice": "66.00",
       "ProductMarketPrice": "108.00",
       "ProductComment": "20685",
       "ProductScore": "4.75",
       "ProductSaleCount": 38
   },
   {
       "ProductId": "080104",
       "ProductName": "【成艺】韵灰神气壶7入",
       "ProductImage": "http://img1.hecha.cn/ProductImages/e522a853-60ea-423d-bacc-3d95277a667d/20150211022746_m.JPG",
       "ProductUrl": "",
       "ProductSaleRule": "1件包邮",
       "ProductSalePrice": "242.00",
       "ProductMarketPrice": "355.00",
       "ProductComment": "3389",
       "ProductScore": "4.76",
       "ProductSaleCount": 3
   },
   {
       "ProductId": "080105",
       "ProductName": "【成艺】韵灰神气壶7入",
       "ProductImage": "http://img1.hecha.cn/ProductImages/e522a853-60ea-423d-bacc-3d95277a667d/20150211022746_m.JPG",
       "ProductUrl": "",
       "ProductSaleRule": "1件包邮",
       "ProductSalePrice": "242.00",
       "ProductMarketPrice": "355.00",
       "ProductComment": "3389",
       "ProductScore": "4.76",
       "ProductSaleCount": 3
   },
   {
       "ProductId": "080106",
       "ProductName": "【恒越】茶宠月白2#招财进宝-招财+进宝",
       "ProductImage": "http://img1.hecha.cn/ProductImages/ef2ade8a-d419-4e07-a74d-daa372a17aec/20150212032414_m.JPG",
       "ProductUrl": "",
       "ProductSaleRule": "1件包邮",
       "ProductSalePrice": "99.00",
       "ProductMarketPrice": "184.00",
       "ProductComment": "11994",
       "ProductScore": "4.75",
       "ProductSaleCount": 1
   },
   {
       "ProductId": "080201",
       "ProductName": "【德化陶瓷】随身自带 高白青花快客杯之精致自用茶具",
       "ProductImage": "http://img1.hecha.cn/ProductImages/268e0b6e-fd4f-43ac-8f79-40604b48750b/20150212050744_m.JPG",
       "ProductUrl": "",
       "ProductSaleRule": "1件包邮",
       "ProductSalePrice": "58.00",
       "ProductMarketPrice": "88.00",
       "ProductComment": "10928",
       "ProductScore": "4.75",
       "ProductSaleCount": 18
   },
   {
       "ProductId": "080202",
       "ProductName": "【成艺】个人杯四件套-高风亮节",
       "ProductImage": "http://img1.hecha.cn/ProductImages/1345dae0-f7e1-4146-b00d-ca5e50f6c76e/20150211030457_m.JPG",
       "ProductUrl": "",
       "ProductSaleRule": "1件包邮",
       "ProductSalePrice": "66.00",
       "ProductMarketPrice": "108.00",
       "ProductComment": "20685",
       "ProductScore": "4.75",
       "ProductSaleCount": 38
   },
   {
       "ProductId": "080203",
       "ProductName": "【成艺】养心幸福组-亚蓝",
       "ProductImage": "http://img1.hecha.cn/ProductImages/82c85ed9-baa1-4dea-9b51-e9d58dedcbbc/20150211035947_m.JPG",
       "ProductUrl": "",
       "ProductSaleRule": "1件包邮",
       "ProductSalePrice": "109.00",
       "ProductMarketPrice": "158.00",
       "ProductComment": "5592",
       "ProductScore": "4.75",
       "ProductSaleCount": 13
   },
   {
       "ProductId": "080204",
       "ProductName": "【成艺】养心个人组-亚黄",
       "ProductImage": "http://img1.hecha.cn/ProductImages/9f713f5a-0185-4fb9-8e4e-3802c9bd703e/20150211035635_m.JPG",
       "ProductUrl": "",
       "ProductSaleRule": "1件包邮",
       "ProductSalePrice": "95.00",
       "ProductMarketPrice": "138.00",
       "ProductComment": "1910",
       "ProductScore": "4.75",
       "ProductSaleCount": 18
   },
   {
       "ProductId": "080205",
       "ProductName": "【成艺】A1青蓝时尚杯",
       "ProductImage": "http://img1.hecha.cn/ProductImages/2c6740cb-6d1b-4daf-842d-7a600aa0079d/20150212102620_m.JPG",
       "ProductUrl": "",
       "ProductSaleRule": "1件包邮",
       "ProductSalePrice": "79.80",
       "ProductMarketPrice": "128.00",
       "ProductComment": "331",
       "ProductScore": "4.77",
       "ProductSaleCount": 18
   },
   {
       "ProductId": "080206",
       "ProductName": "【成艺】蝶舞幸福组-品红",
       "ProductImage": "http://img1.hecha.cn/ProductImages/353c145c-75b5-40b0-bc67-c516c02fbf4d/20150211041225_m.JPG",
       "ProductUrl": "",
       "ProductSaleRule": "1件包邮",
       "ProductSalePrice": "85.00",
       "ProductMarketPrice": "276.00",
       "ProductComment": "1830",
       "ProductScore": "4.75",
       "ProductSaleCount": 10
   },
   {
       "ProductId": "080301",
       "ProductName": "【德化陶瓷】亚光白荷花平盖茶叶罐",
       "ProductImage": "http://img1.hecha.cn/ProductImages/65d7e38b-2dfd-4771-8c9f-f215ed03867d/20150213103430_m.JPG",
       "ProductUrl": "",
       "ProductSaleRule": "1件包邮",
       "ProductSalePrice": "69.00",
       "ProductMarketPrice": "98.00",
       "ProductComment": "1297",
       "ProductScore": "4.75",
       "ProductSaleCount": 11
   },
   {
       "ProductId": "080302",
       "ProductName": "【德化陶瓷】经典哥窑龙罐之品质茶叶罐",
       "ProductImage": "http://img1.hecha.cn/ProductImages/aa266fc1-3232-4a4a-906c-98fdd91435ad/20150213103122_m.JPG",
       "ProductUrl": "",
       "ProductSaleRule": "1件包邮",
       "ProductSalePrice": "99.00",
       "ProductMarketPrice": "148.00",
       "ProductComment": "48247",
       "ProductScore": "4.75",
       "ProductSaleCount": 10
   },
   {
       "ProductId": "080303",
       "ProductName": "【恒越】兰荷之舞2#茶叶罐",
       "ProductImage": "http://img1.hecha.cn/ProductImages/f4ba703e-6f58-4d33-8d6c-b30ed17bc040/20150212052326_m.JPG",
       "ProductUrl": "",
       "ProductSaleRule": "1件包邮",
       "ProductSalePrice": "62.00",
       "ProductMarketPrice": "98.00",
       "ProductComment": "29240",
       "ProductScore": "4.77",
       "ProductSaleCount": 7
   },
   {
       "ProductId": "080304",
       "ProductName": "【成艺】3号真空罐-知足常乐",
       "ProductImage": "http://img1.hecha.cn/ProductImages/48cc8204-f9a1-479f-a1ea-59ab6da2a87e/20150212101854_m.JPG",
       "ProductUrl": "",
       "ProductSaleRule": "1件包邮",
       "ProductSalePrice": "98.00",
       "ProductMarketPrice": "148.00",
       "ProductComment": "4538",
       "ProductScore": "4.75",
       "ProductSaleCount": 4
   }
]
