[
    {
        "ProductId": "060101",
        "ProductName": "【白沙溪】2011年皇室贡品天尖茶200g",
        "ProductImage": "http://img1.hecha.cn/ProductImages/f1a4040a-ec1e-41db-a21d-7f5746c4e8f3/20150215120559_m.JPG",
        "ProductUrl": "",
        "ProductSaleRule": "1件包邮",
        "ProductSalePrice": "169.00",
        "ProductMarketPrice": "222.00",
        "ProductComment": "1109",
        "ProductScore": "4.75",
        "ProductSaleCount": 7
    },
    {
        "ProductId": "060102",
        "ProductName": "【白沙溪】2011年铁盒天尖200g",
        "ProductImage": "http://img1.hecha.cn/ProductImages/9f58d7ba-07eb-4509-98fb-534ebd763e84/20150215015946_m.JPG",
        "ProductUrl": "",
        "ProductSaleRule": "",
        "ProductSalePrice": "279.00",
        "ProductMarketPrice": "385.00",
        "ProductComment": "3154",
        "ProductScore": "4.84",
        "ProductSaleCount": 2
    },
    {
        "ProductId": "060103",
        "ProductName": "【白沙溪】2011年和茶铁盒200g",
        "ProductImage": "http://img1.hecha.cn/ProductImages/87a742c8-8bd7-4376-a6ac-89f42dbc5d99/20150215114143_m.JPG",
        "ProductUrl": "",
        "ProductSaleRule": "1件包邮",
        "ProductSalePrice": "259.00",
        "ProductMarketPrice": "339.00",
        "ProductComment": "3952",
        "ProductScore": "4.76",
        "ProductSaleCount": 3
    },
    {
        "ProductId": "060104",
        "ProductName": "【白沙溪】2011年直泡千两茶320g",
        "ProductImage": "http://img1.hecha.cn/ProductImages/66b24a36-3b49-4ab8-8382-333245e41b66/20150215021945_m.JPG",
        "ProductUrl": "",
        "ProductSaleRule": "",
        "ProductSalePrice": "175.00",
        "ProductMarketPrice": "229.00",
        "ProductComment": "6799",
        "ProductScore": "4.76",
        "ProductSaleCount": 5
    },
    {
        "ProductId": "060105",
        "ProductName": "【白沙溪】2011年黑砖茶400g",
        "ProductImage": "http://img1.hecha.cn/ProductImages/25fc65ab-96bd-4acc-8831-f47a3f5027bc/20150215115027_m.JPG",
        "ProductUrl": "",
        "ProductSaleRule": "1件包邮",
        "ProductSalePrice": "108.00",
        "ProductMarketPrice": "155.00",
        "ProductComment": "6240",
        "ProductScore": "4.75",
        "ProductSaleCount": 9
    },
    {
        "ProductId": "060106",
        "ProductName": "【白沙溪】2012年特制茯茶纸盒装338g",
        "ProductImage": "http://img1.hecha.cn/ProductImages/916bc68c-557b-4f84-8fe5-489458e7829e/20150215024730_m.JPG",
        "ProductUrl": "",
        "ProductSaleRule": "",
        "ProductSalePrice": "69.00",
        "ProductMarketPrice": "95.00",
        "ProductComment": "23123",
        "ProductScore": "4.76",
        "ProductSaleCount": 29
    },
    {
         "ProductId": "060201",
         "ProductName": "【滋恩】勐海陈香普洱茶饼熟茶357g*2",
         "ProductImage": "http://img1.hecha.cn/ProductImages/3c9aafb3-318c-4ae7-b569-c4a91a19bb12/20150320033909_m.JPG",
         "ProductUrl": "",
         "ProductSaleRule": "1件包邮",
         "ProductSalePrice": "83.00",
         "ProductMarketPrice": "236.00",
         "ProductComment": "44058",
         "ProductScore": "4.75",
         "ProductSaleCount": 49
     },
     {
         "ProductId": "060202",
         "ProductName": "【滋恩】布朗古香普洱熟茶饼357g",
         "ProductImage": "http://img1.hecha.cn/ProductImages/b6a8f392-9492-43c5-a110-ea661c137691/20150226100538_m.JPG",
         "ProductUrl": "",
         "ProductSaleRule": "1件包邮",
         "ProductSalePrice": "59.00",
         "ProductMarketPrice": "78.00",
         "ProductComment": "12419",
         "ProductScore": "4.75",
         "ProductSaleCount": 381
     },
     {
         "ProductId": "060203",
         "ProductName": "【滋恩】易武醇韵普洱熟茶饼357g",
         "ProductImage": "http://img1.hecha.cn/ProductImages/2199b9a8-f6a1-426c-8b17-6b79db79b1b6/20150617030257_m.JPG",
         "ProductUrl": "",
         "ProductSaleRule": "1件包邮",
         "ProductSalePrice": "75.00",
         "ProductMarketPrice": "108.00",
         "ProductComment": "138029",
         "ProductScore": "4.75",
         "ProductSaleCount": 313
     },
     {
         "ProductId": "060204",
         "ProductName": "【滋恩】金针贡饼熟茶普洱饼357g",
         "ProductImage": "http://img1.hecha.cn/ProductImages/2da0abef-7df9-4203-9971-5ed86d484df3/20150226101006_m.JPG",
         "ProductUrl": "",
         "ProductSaleRule": "1件包邮",
         "ProductSalePrice": "89.90",
         "ProductMarketPrice": "118.00",
         "ProductComment": "24859",
         "ProductScore": "4.75",
         "ProductSaleCount": 59
     },
     {
         "ProductId": "060205",
         "ProductName": "【一品堂】一品佳兰普洱熟饼（08年）357g",
         "ProductImage": "http://img1.hecha.cn/ProductImages/6b05ccb2-3dd0-4e27-8de5-095f5b725c22/20150617025822_m.JPG",
         "ProductUrl": "",
         "ProductSaleRule": "1件包邮",
         "ProductSalePrice": "115.00",
         "ProductMarketPrice": "142.00",
         "ProductComment": "5315",
         "ProductScore": "4.86",
         "ProductSaleCount": 200
     },
     {
         "ProductId": "060206",
         "ProductName": "【一品堂】盛世一品357g普洱熟茶（09年）",
         "ProductImage": "http://img1.hecha.cn/ProductImages/026bd746-f30b-44b5-ae85-43ec4d8b383c/20150216092353_m.JPG",
         "ProductUrl": "",
         "ProductSaleRule": "1件包邮",
         "ProductSalePrice": "149.00",
         "ProductMarketPrice": "198.00",
         "ProductComment": "4531",
         "ProductScore": "4.75",
         "ProductSaleCount": 6
     },
     {
        "ProductId": "060301",
        "ProductName": "【好吉】迷你原味普洱熟沱茶布袋装150g（买1送1）",
        "ProductImage": "http://img1.hecha.cn/ProductImages/3302dced-fd7e-4097-8535-9880d9ae54ce/20150916101217_m.JPG",
        "ProductUrl": "",
        "ProductSaleRule": "买1送1 1件包邮",
        "ProductSalePrice": "59.00",
        "ProductMarketPrice": "148.00",
        "ProductComment": "2795",
        "ProductScore": "4.85",
        "ProductSaleCount": 347
    },
    {
        "ProductId": "060302",
        "ProductName": "【一品堂】淑女筒茉莉花生沱100g",
        "ProductImage": "http://img1.hecha.cn/ProductImages/79617459-439f-4e7c-a9df-f0fec9a7d02f/20150617030343_m.JPG",
        "ProductUrl": "",
        "ProductSaleRule": "1件包邮",
        "ProductSalePrice": "39.00",
        "ProductMarketPrice": "68.00",
        "ProductComment": "10229",
        "ProductScore": "4.75",
        "ProductSaleCount": 12
    },
    {
        "ProductId": "060303",
        "ProductName": "【好吉】迷你甜叶菊熟沱布袋装150g",
        "ProductImage": "http://img1.hecha.cn/ProductImages/69b5f1c7-c065-48d7-9c5b-534e609f5951/20150731053530_m.JPG",
        "ProductUrl": "",
        "ProductSaleRule": "买1送1 1件包邮",
        "ProductSalePrice": "65.00",
        "ProductMarketPrice": "230.00",
        "ProductComment": "14403",
        "ProductScore": "4.75",
        "ProductSaleCount": 12
    },
    {
        "ProductId": "060304",
        "ProductName": "【好吉】迷你原味生沱布袋装150g",
        "ProductImage": "http://img1.hecha.cn/ProductImages/3f10c3bf-9fd1-4514-b123-dad102045fe2/20150812022001_m.JPG",
        "ProductUrl": "",
        "ProductSaleRule": "买1送1 1件包邮",
        "ProductSalePrice": "59.00",
        "ProductMarketPrice": "230.00",
        "ProductComment": "5541",
        "ProductScore": "4.75",
        "ProductSaleCount": 10
    },
    {
        "ProductId": "060305",
        "ProductName": "【好吉】迷你沱混合味布袋装150g",
        "ProductImage": "http://img1.hecha.cn/ProductImages/0b30fc29-e73a-467a-8670-7f207f5e7fa8/20150814050402_m.JPG",
        "ProductUrl": "",
        "ProductSaleRule": "1件包邮",
        "ProductSalePrice": "35.00",
        "ProductMarketPrice": "115.00",
        "ProductComment": "2188",
        "ProductScore": "4.75",
        "ProductSaleCount": 4
    },
    {
        "ProductId": "060306",
        "ProductName": "【一品堂】淑女筒糯米香生沱100g",
        "ProductImage": "http://img1.hecha.cn/ProductImages/6ae378e4-37ce-486e-b14f-ecf4a7e1b1ed/20150216094026_m.JPG",
        "ProductUrl": "",
        "ProductSaleRule": "买5送1 1件包邮",
        "ProductSalePrice": "39.00",
        "ProductMarketPrice": "138.00",
        "ProductComment": "2953",
        "ProductScore": "4.76",
        "ProductSaleCount": 22
    }
]
