[
    {
        "ProductId": "030101",
        "ProductName": "【滋恩】特级金骏眉红茶圆罐装50g*2",
        "ProductImage": "http://img1.hecha.cn/ProductImages/46fa36e0-ff74-4bab-b269-5d5881005c35/20150702055151_m.JPG",
        "ProductUrl": "",
        "ProductSaleRule": "1件包邮",
        "ProductSalePrice": "79.00",
        "ProductMarketPrice": "197.00",
        "ProductComment": "40063",
        "ProductScore": "4.76",
        "ProductSaleCount": 170
    },
    {
        "ProductId": "030102",
        "ProductName": "【滋恩】特级尔雅金骏眉圆罐装50g",
        "ProductImage": "http://img1.hecha.cn/ProductImages/3549ad6d-416c-4ad7-a81c-3fdd69ca9d99/20150610044203_m.JPG",
        "ProductUrl": "",
        "ProductSaleRule": "1件包邮",
        "ProductSalePrice": "39.90",
        "ProductMarketPrice": "158.00",
        "ProductComment": "29176",
        "ProductScore": "4.75",
        "ProductSaleCount": 355
    },
    {
        "ProductId": "030103",
        "ProductName": "【滋恩】御品金骏眉罐装50g",
        "ProductImage": "http://img1.hecha.cn/ProductImages/52600b89-5c01-46c4-9030-b1ec0665ead9/20150526040811_m.JPG",
        "ProductUrl": "",
        "ProductSaleRule": "2件包邮",
        "ProductSalePrice": "44.00",
        "ProductMarketPrice": "128.00",
        "ProductComment": "31898",
        "ProductScore": "4.78",
        "ProductSaleCount": 1571
    },
    {
        "ProductId": "030104",
        "ProductName": "【滋恩】清新金骏眉礼盒",
        "ProductImage": "http://img1.hecha.cn/ProductImages/ee4c182a-52e4-4063-b3d8-3b204e164806/20150917051326_m.JPG",
        "ProductUrl": "",
        "ProductSaleRule": "1件包邮",
        "ProductSalePrice": "199.00",
        "ProductMarketPrice": "368.00",
        "ProductComment": "36086",
        "ProductScore": "4.75",
        "ProductSaleCount": 5
    },
    {
        "ProductId": "030105",
        "ProductName": "【滋恩】悠香金骏眉一片叶子系列铁罐装120g*2",
        "ProductImage": "http://img1.hecha.cn/ProductImages/d211cc5c-244d-4946-935e-988602263ceb/20150914045028_m.JPG",
        "ProductUrl": "",
        "ProductSaleRule": "1件包邮",
        "ProductSalePrice": "183.00",
        "ProductMarketPrice": "656.00",
        "ProductComment": "26383",
        "ProductScore": "4.75",
        "ProductSaleCount": 38
    },
    {
        "ProductId": "030106",
        "ProductName": "【滋恩】福建三大茗茶金骏眉-大红袍-铁观音170g",
        "ProductImage": "http://img1.hecha.cn/ProductImages/71599a2b-74c6-44f1-bb9b-7e0e080ca8b2/20150917051250_m.JPG",
        "ProductUrl": "",
        "ProductSaleRule": "1件包邮",
        "ProductSalePrice": "159.00",
        "ProductMarketPrice": "478.00",
        "ProductComment": "24857",
        "ProductScore": "4.75",
        "ProductSaleCount": 17
    },
    {
        "ProductId": "030201",
        "ProductName": "【元正】采茗特级正山小种罐装50g*2",
        "ProductImage": "http://img1.hecha.cn/ProductImages/6ee4867c-eaa4-4760-89f0-8846c4a46adb/20150611055132_m.JPG",
        "ProductUrl": "",
        "ProductSaleRule": "1件包邮",
        "ProductSalePrice": "69.00",
        "ProductMarketPrice": "152.00",
        "ProductComment": "30053",
        "ProductScore": "4.76",
        "ProductSaleCount": 148
    },
    {
        "ProductId": "030202",
        "ProductName": "【元正】清泉茗正山小种礼盒150g",
        "ProductImage": "http://img1.hecha.cn/ProductImages/2121fd40-a4be-4d50-bc18-571ee0ffc40d/20150908093923_m.JPG",
        "ProductUrl": "",
        "ProductSaleRule": "1件包邮",
        "ProductSalePrice": "139.00",
        "ProductMarketPrice": "218.00",
        "ProductComment": "17473",
        "ProductScore": "4.75",
        "ProductSaleCount": 30
    },
    {
        "ProductId": "030203",
        "ProductName": "【元泰】一级正山小种红茶盒装150g",
        "ProductImage": "http://img1.hecha.cn/ProductImages/7457fd40-43cf-40c4-a829-c32b87ae3410/20150731035038_m.JPG",
        "ProductUrl": "",
        "ProductSaleRule": "1件包邮",
        "ProductSalePrice": "304.00",
        "ProductMarketPrice": "412.00",
        "ProductComment": "12776",
        "ProductScore": "4.76",
        "ProductSaleCount": 56
    },
    {
        "ProductId": "030204",
        "ProductName": "【元泰】特级正山小种罐装75g",
        "ProductImage": "http://img1.hecha.cn/ProductImages/d844cc25-0600-4eb2-aa2f-e53d28f249e2/20150612025332_m.JPG",
        "ProductUrl": "",
        "ProductSaleRule": "1件包邮",
        "ProductSalePrice": "249.00",
        "ProductMarketPrice": "358.00",
        "ProductComment": "11485",
        "ProductScore": "4.75",
        "ProductSaleCount": 69
    },
    {
        "ProductId": "030205",
        "ProductName": "【元泰】一级云南滇红罐装经济型40g",
        "ProductImage": "http://img1.hecha.cn/ProductImages/61418cb2-16f9-4ee2-a22a-96898c73ae30/20150215084327_m.JPG",
        "ProductUrl": "",
        "ProductSaleRule": "2件包邮",
        "ProductSalePrice": "32.80",
        "ProductMarketPrice": "48.00",
        "ProductComment": "15724",
        "ProductScore": "4.75",
        "ProductSaleCount": 19
    },
    {
        "ProductId": "030206",
        "ProductName": "【元正】特级知味木盒装250g",
        "ProductImage": "http://img1.hecha.cn/ProductImages/54ef4871-c328-4f6b-961b-3381585b9d44/20150713105300_m.JPG",
        "ProductUrl": "",
        "ProductSaleRule": "1件包邮",
        "ProductSalePrice": "489.00",
        "ProductMarketPrice": "698.00",
        "ProductComment": "13085",
        "ProductScore": "4.75",
        "ProductSaleCount": 3
    },
    {
        "ProductId": "030301",
        "ProductName": "【元泰】一级云南滇红罐装经济型40g",
        "ProductImage": "http://img1.hecha.cn/ProductImages/61418cb2-16f9-4ee2-a22a-96898c73ae30/20150215084327_m.JPG",
        "ProductUrl": "",
        "ProductSaleRule": "2件包邮",
        "ProductSalePrice": "32.80",
        "ProductMarketPrice": "48.00",
        "ProductComment": "15724",
        "ProductScore": "4.75",
        "ProductSaleCount": 19
    },
    {
        "ProductId": "030401",
        "ProductName": "【奇松】祁门红茶特级罐装-英伦风范单听100g",
        "ProductImage": "http://img1.hecha.cn/ProductImages/6a1226d3-916a-456d-97b8-f8a43d3d590e/20150216015342_m.JPG",
        "ProductUrl": "",
        "ProductSaleRule": "1件包邮",
        "ProductSalePrice": "109.00",
        "ProductMarketPrice": "158.00",
        "ProductComment": "12094",
        "ProductScore": "4.75",
        "ProductSaleCount": 23
    },
    {
        "ProductId": "030402",
        "ProductName": "【奇松】皇室经典红茶礼盒225g",
        "ProductImage": "http://img1.hecha.cn/ProductImages/f55f0ef6-4125-42dc-a304-b929e229a7a3/20150215081252_m.JPG",
        "ProductUrl": "",
        "ProductSaleRule": "1件包邮",
        "ProductSalePrice": "169.00",
        "ProductMarketPrice": "238.00",
        "ProductComment": "26653",
        "ProductScore": "4.75",
        "ProductSaleCount": 26
    },
    {
        "ProductId": "030403",
        "ProductName": "【元泰】特级祁门工夫盒装60g",
        "ProductImage": "http://img1.hecha.cn/ProductImages/85f9c094-0bf8-41fc-98ca-09048745e5c5/20150612022315_m.JPG",
        "ProductUrl": "",
        "ProductSaleRule": "1件包邮",
        "ProductSalePrice": "84.00",
        "ProductMarketPrice": "108.00",
        "ProductComment": "4589",
        "ProductScore": "4.76",
        "ProductSaleCount": 29
    }
]
