[
    {
       "ProductId": "070101",
       "ProductName": "【绿雪芽】明道白牡丹礼盒200g",
       "ProductImage": "http://img1.hecha.cn/ProductImages/75854812-52f8-4dc0-9cc4-812db5b1ea94/20150520065506_m.JPG",
       "ProductUrl": "",
       "ProductSaleRule": "1件包邮",
       "ProductSalePrice": "699.00",
       "ProductMarketPrice": "928.00",
       "ProductComment": "16555",
       "ProductScore": "4.77",
       "ProductSaleCount": 2
   },
   {
       "ProductId": "070102",
       "ProductName": "【太姥山】牛皮纸袋牡丹200g",
       "ProductImage": "http://img1.hecha.cn/ProductImages/1af7f1a5-eb2f-46da-954f-e1babec5a152/20150706052236_m.JPG",
       "ProductUrl": "",
       "ProductSaleRule": "1件包邮",
       "ProductSalePrice": "99.00",
       "ProductMarketPrice": "115.00",
       "ProductComment": "8001",
       "ProductScore": "4.75",
       "ProductSaleCount": 39
   },
   {
       "ProductId": "070103",
       "ProductName": "【绿雪芽】特级白牡丹牛皮纸盒75g",
       "ProductImage": "http://img1.hecha.cn/ProductImages/73f2e7d3-02c5-4c85-828b-adccaca865f9/20150709043933_m.JPG",
       "ProductUrl": "",
       "ProductSaleRule": "1件包邮",
       "ProductSalePrice": "75.00",
       "ProductMarketPrice": "108.00",
       "ProductComment": "9319",
       "ProductScore": "4.75",
       "ProductSaleCount": 11
   },
   {
       "ProductId": "070104",
       "ProductName": "【绿雪芽】极品白牡丹有机白茶青花罐75g",
       "ProductImage": "http://img1.hecha.cn/ProductImages/179f90e2-eb79-4562-9d56-10701515629d/20150623025937_m.JPG",
       "ProductUrl": "",
       "ProductSaleRule": "1件包邮",
       "ProductSalePrice": "199.00",
       "ProductMarketPrice": "248.00",
       "ProductComment": "10668",
       "ProductScore": "4.79",
       "ProductSaleCount": 58
   },
   {
       "ProductId": "070105",
       "ProductName": "【太姥山】牛皮纸袋牡丹75g",
       "ProductImage": "http://img1.hecha.cn/ProductImages/e151c848-1a1b-4fd9-96d9-d207fd7c5033/20150706052216_m.JPG",
       "ProductUrl": "",
       "ProductSaleRule": "买1送1 1件包邮",
       "ProductSalePrice": "79.00",
       "ProductMarketPrice": "116.00",
       "ProductComment": "14549",
       "ProductScore": "4.75",
       "ProductSaleCount": 59
   },
   {
       "ProductId": "070106",
       "ProductName": "【太姥山】2011年特级金不换牡丹饼357g",
       "ProductImage": "http://img1.hecha.cn/ProductImages/ef75a184-6f60-4c97-837e-5280e055604c/20150701042324_m.JPG",
       "ProductUrl": "",
       "ProductSaleRule": "1件包邮",
       "ProductSalePrice": "269.00",
       "ProductMarketPrice": "368.00",
       "ProductComment": "2",
       "ProductScore": "5.00",
       "ProductSaleCount": 1
   },
   {
       "ProductId": "070201",
       "ProductName": "【绿雪芽】明道白毫银针礼盒200g",
       "ProductImage": "http://img1.hecha.cn/ProductImages/1bedb15d-7dc5-44b2-befb-df878fe8a745/20150210052035_m.JPG",
       "ProductUrl": "",
       "ProductSaleRule": "1件包邮",
       "ProductSalePrice": "1299.00",
       "ProductMarketPrice": "1568.00",
       "ProductComment": "11368",
       "ProductScore": "4.80",
       "ProductSaleCount": 2
   },
   {
       "ProductId": "070202",
       "ProductName": "【绿雪芽】白毫银针有机白茶铁罐青花盒75g",
       "ProductImage": "http://img1.hecha.cn/ProductImages/07a32f7c-de6f-4eae-87fc-e822f9e588d0/20150210050154_m.JPG",
       "ProductUrl": "",
       "ProductSaleRule": "1件包邮",
       "ProductSalePrice": "299.00",
       "ProductMarketPrice": "378.00",
       "ProductComment": "34996",
       "ProductScore": "4.75",
       "ProductSaleCount": 47
   },
   {
       "ProductId": "070203",
       "ProductName": "【首习】福建四大名茶中档（正统蓝色尚礼）",
       "ProductImage": "http://img1.hecha.cn/ProductImages/8cc97092-8242-4d3a-9098-c6bbb296ca83/20150824050903_m.JPG",
       "ProductUrl": "",
       "ProductSaleRule": "1件包邮",
       "ProductSalePrice": "458.00",
       "ProductMarketPrice": "900.00",
       "ProductComment": "440",
       "ProductScore": "4.78",
       "ProductSaleCount": 2
   },
   {
       "ProductId": "070204",
       "ProductName": "【首习】福建四大名茶高档（正统红色首礼）",
       "ProductImage": "http://img1.hecha.cn/ProductImages/0296315b-9408-4dad-ba05-13999d375668/20150824045651_m.JPG",
       "ProductUrl": "",
       "ProductSaleRule": "1件包邮",
       "ProductSalePrice": "1108.00",
       "ProductMarketPrice": "1900.00",
       "ProductComment": "1374",
       "ProductScore": "4.75",
       "ProductSaleCount": 0
   },
   {
        "ProductId": "070301",
        "ProductName": "【绿雪芽】特级寿眉有机白茶圆罐55g",
        "ProductImage": "http://img1.hecha.cn/ProductImages/78f13da7-b224-4626-9a9f-b83eb1239b68/20150210063923_m.JPG",
        "ProductUrl": "",
        "ProductSaleRule": "1件包邮",
        "ProductSalePrice": "55.00",
        "ProductMarketPrice": "68.00",
        "ProductComment": "19029",
        "ProductScore": "4.75",
        "ProductSaleCount": 35
    },
    {
        "ProductId": "070302",
        "ProductName": "【绿雪芽】特级寿眉白茶礼盒500g",
        "ProductImage": "http://img1.hecha.cn/ProductImages/9cf37bd0-5187-4b13-a713-1620d442cf17/20150706052136_m.JPG",
        "ProductUrl": "",
        "ProductSaleRule": "1件包邮",
        "ProductSalePrice": "275.00",
        "ProductMarketPrice": "348.00",
        "ProductComment": "2978",
        "ProductScore": "4.76",
        "ProductSaleCount": 23
    },
    {
        "ProductId": "070303",
        "ProductName": "【太姥山】2011年特级金不换寿眉饼357g",
        "ProductImage": "http://img1.hecha.cn/ProductImages/ca639c47-7729-49d7-bb99-62d43d495a6d/20150701042934_m.JPG",
        "ProductUrl": "",
        "ProductSaleRule": "1件包邮",
        "ProductSalePrice": "199.00",
        "ProductMarketPrice": "268.00",
        "ProductComment": "1216",
        "ProductScore": "4.75",
        "ProductSaleCount": 2
    },
    {
        "ProductId": "070304",
        "ProductName": "【绿雪芽】特级寿眉牛皮纸盒75g",
        "ProductImage": "http://img1.hecha.cn/ProductImages/bdbc41c7-e7ff-42da-8e6a-a6ba3157ec7c/20150709042507_m.JPG",
        "ProductUrl": "",
        "ProductSaleRule": "1件包邮",
        "ProductSalePrice": "53.00",
        "ProductMarketPrice": "79.00",
        "ProductComment": "1267",
        "ProductScore": "4.75",
        "ProductSaleCount": 3
    }
]
