[
    {
      "name":"清新绿茶馆",
      "sonMenu":[
          "西湖龙井",
          "龙井",
          "黄山毛峰",
          "安吉白茶",
          "其他绿茶"
        ]
    },
    {
      "name":"养颜花茶馆",
      "sonMenu":[
          "雪菊",
          "胎菊",
          "冻干柠檬片",
          "玫瑰花茶",
          "红糖姜茶",
          "枸杞",
          "果粒茶",
          "大麦茶"
        ]
    },
    {
      "name":"顺滑红茶馆",
      "sonMenu":[
          "金骏眉",
          "正山小种",
          "禛红工夫",
          "祁门红茶"
        ]
    },
    {
      "name":"岩韵岩茶馆",
      "sonMenu":[
          "大红袍",
          "肉桂",
          "水仙",
          "台湾乌龙"
        ]
    },
    {
      "name":"音韵铁观音馆",
      "sonMenu":[
          "清香型铁观音",
          "浓香型铁观音"
        ]
    },
    {
      "name":"醇厚黑茶馆",
      "sonMenu":[
          "白沙溪黑茶",
          "普洱茶饼",
          "普洱坨茶",
          "普洱茶砖",
          "普洱散茶"
        ]
    },
    {
      "name":"鲜爽白茶馆",
      "sonMenu":[
          "白牡丹",
          "白毫银针",
          "寿眉",
          "其他白茶"
        ]
    },
    {
      "name":"实惠茶器馆",
      "sonMenu":[
          "工夫茶具",
          "个人杯",
          "茶叶罐",
          "茶宠",
          "茶具礼盒"
        ]
    }
]
