<?xml version="1.0"?>
<!DOCTYPE hibernate-mapping PUBLIC "-//Hibernate/Hibernate Mapping DTD 3.0//EN"
"http://hibernate.sourceforge.net/hibernate-mapping-3.0.dtd">
<!-- 
    Mapping file autogenerated by MyEclipse - Hibernate Tools
-->
<hibernate-mapping>
    <class name="com.hibernate.model.BookReginster" table="book_reginster" schema="dbo" catalog="db_school">
        <id name="bookId" type="java.lang.String">
            <column name="book_id" length="13" />
            <generator class="assigned" />
        </id>
        <property name="bookName" type="java.lang.String">
            <column name="book_name" length="20" />
        </property>
        <property name="bookType" type="java.lang.String">
            <column name="book_type" length="20" />
        </property>
        <property name="writer" type="java.lang.String">
            <column name="writer" length="50" />
        </property>
        <property name="bookConcern" type="java.lang.String">
            <column name="book_concern" length="20" />
        </property>
        <property name="publishDate" type="java.sql.Date">
            <column name="publish_date" length="23" />
        </property>
        <property name="price" type="java.lang.Double">
            <column name="price" scale="4" />
        </property>
        <property name="regDate" type="java.sql.Date">
            <column name="reg_date" length="23" />
        </property>
        <property name="bookCount" type="java.lang.Integer">
            <column name="book_count" />
        </property>
        <property name="czy" type="java.lang.String">
            <column name="czy" length="12" />
        </property>
        <property name="remark" type="java.lang.String">
            <column name="remark" />
        </property>
        <!--  set name="bookBorrowInfos" inverse="true">
            <key>
                <column name="book_id" length="13" not-null="true" />
            </key>
            <one-to-many class="com.hibernate.model.BookBorrowInfo" />
        </set-->
    </class>
</hibernate-mapping>
