<?xml version="1.0"?>
<!DOCTYPE hibernate-mapping PUBLIC "-//Hibernate/Hibernate Mapping DTD 3.0//EN"
"http://hibernate.sourceforge.net/hibernate-mapping-3.0.dtd">
<!-- 
    Mapping file autogenerated by MyEclipse - Hibernate Tools
-->
<hibernate-mapping>
    <class name="com.hibernate.model.BookBorrowInfo" table="book_borrow_info" schema="dbo" catalog="db_school">
        <id name="borrowId" type="java.lang.String">
            <column name="borrow_id" length="20" />
            <generator class="uuid" />
        </id>
        <many-to-one name="bookReginster" class="com.hibernate.model.BookReginster" fetch="select">
            <column name="book_id" length="13" not-null="true" />
        </many-to-one>
        <many-to-one name="docuStuInfo" class="com.hibernate.model.DocuStuInfo" fetch="select">
            <column name="stu_id" length="12" />
        </many-to-one>
        <property name="bookName" type="java.lang.String">
            <column name="book_name" length="20" />
        </property>
        <property name="price" type="java.lang.Double">
            <column name="price" scale="4" />
        </property>
        <property name="bookType" type="java.lang.String">
            <column name="book_type" length="20" />
        </property>
        <property name="borrowDate" type="java.sql.Date">
            <column name="borrow_date" length="23" />
        </property>
        <property name="returnDate" type="java.sql.Date">
            <column name="return_date" length="23" />
        </property>
        <property name="czy" type="java.lang.String">
            <column name="czy" length="8" />
        </property>
    </class>
</hibernate-mapping>
