<?xml version="1.0"?>
<!DOCTYPE hibernate-mapping PUBLIC "-//Hibernate/Hibernate Mapping DTD 3.0//EN"
"http://hibernate.sourceforge.net/hibernate-mapping-3.0.dtd">
<!-- 
    Mapping file autogenerated by MyEclipse - Hibernate Tools
-->
<hibernate-mapping>	
    <class name="com.hibernate.model.CourseStuInfo" table="course_stu_info" schema="dbo" catalog="db_school">
        <id name="lsh" type="java.lang.String">
            <column name="lsh" length="32" />
            <generator class="uuid.hex" />
        </id>
        <many-to-one name="systemCourseCode" class="com.hibernate.model.SystemCourseCode" fetch="select" lazy="false">
            <column name="code" length="4" />
        </many-to-one>
        <many-to-one name="docuStuInfo" class="com.hibernate.model.DocuStuInfo" fetch="select" lazy="false">
            <column name="stu_id" length="12" />
        </many-to-one>
        <property name="grade" type="java.lang.Float">
            <column name="grade" precision="53" scale="0" />
        </property>
        <property name="examType" type="java.lang.String">
            <column name="exam_type" length="10" />
        </property>
        <property name="examDate" type="java.sql.Date">
            <column name="exam_date" length="23" />
        </property>
        <property name="czy" type="java.lang.String">
            <column name="czy" length="10" />
        </property>
    </class>
</hibernate-mapping>
