<?xml version="1.0"?>
<!DOCTYPE hibernate-mapping PUBLIC "-//Hibernate/Hibernate Mapping DTD 3.0//EN"
"http://hibernate.sourceforge.net/hibernate-mapping-3.0.dtd">
<!-- 
    Mapping file autogenerated by MyEclipse - Hibernate Tools
-->
<hibernate-mapping>
    <class name="com.hibernate.model.DocuTeaInfo" table="docu_tea_info" schema="dbo" catalog="db_school">
        <id name="teaId" type="java.lang.String">
            <column name="tea_id" length="20" />
            <generator class="assigned" />
        </id>
        <many-to-one name="systemSpecialtyCode" class="com.hibernate.model.SystemSpecialtyCode" fetch="select" lazy="false">
            <column name="skzy" length="4" not-null="true" />
        </many-to-one>
        <property name="name" type="java.lang.String">
            <column name="name" length="12" />
        </property>
        <property name="sex" type="java.lang.String">
            <column name="sex" length="2" />
        </property>
        <property name="age" type="java.lang.Integer">
            <column name="age" />
        </property>
        <property name="minzu" type="java.lang.String">
            <column name="minzu" length="10" />
        </property>
        <property name="zzmm" type="java.lang.String">
            <column name="zzmm" length="20" />
        </property>
        <property name="xueli" type="java.lang.String">
            <column name="xueli" length="10" />
        </property>
        <property name="hunfou" type="java.lang.String">
            <column name="hunfou" length="4" />
        </property>
        <property name="csrq" type="java.sql.Date">
            <column name="csrq" length="23" />
        </property>
        <property name="sfzh" type="java.lang.String">
            <column name="sfzh" length="18" />
        </property>
        <property name="lxdh" type="java.lang.String">
            <column name="lxdh" length="15" />
        </property>
        <property name="gzrq" type="java.sql.Date">
            <column name="gzrq" length="23" />
        </property>
        <property name="gzjj" type="java.lang.String">
            <column name="gzjj" />
        </property>
        <set name="emplAssignCourses" inverse="true">
            <key>
                <column name="tea_id" length="20" not-null="true" />
            </key>
            <one-to-many class="com.hibernate.model.EmplAssignCourse" />
        </set>
        <set name="emplAssignCharges" inverse="true">
            <key>
                <column name="tea_id" length="20" not-null="true" />
            </key>
            <one-to-many class="com.hibernate.model.EmplAssignCharge" />
        </set>
    </class>
</hibernate-mapping>
