<?xml version="1.0"?>
<!DOCTYPE hibernate-mapping PUBLIC "-//Hibernate/Hibernate Mapping DTD 3.0//EN"
"http://hibernate.sourceforge.net/hibernate-mapping-3.0.dtd">
<!-- 
    Mapping file autogenerated by MyEclipse - Hibernate Tools
-->
<hibernate-mapping>
    <class name="com.hibernate.model.DocuStuRegister" table="docu_stu_register" schema="dbo" catalog="db_school">
        <id name="lsh" type="string">
            <column name="lsh" length="20" />
            <generator class="assigned" />
        </id>
        <many-to-one name="systemClassInfo" class="com.hibernate.model.SystemClassInfo" fetch="select">
            <column name="classid" length="8" />
        </many-to-one>
        <many-to-one name="docuStuInfo" class="com.hibernate.model.DocuStuInfo" fetch="select" lazy="false">
            <column name="stu_id" length="12" />
        </many-to-one>
        <property name="djrq" type="java.sql.Date">
            <column name="djrq" length="23" />
        </property>
        <property name="jbr" type="string">
            <column name="jbr" length="12" />
        </property>
        <property name="lqfs" type="double">
            <column name="lqfs" precision="10" />
        </property>
        <property name="zymc" type="string">
            <column name="zymc" length="20" />
        </property>
    </class>
</hibernate-mapping>
