<?xml version="1.0"?>
<!DOCTYPE hibernate-mapping PUBLIC "-//Hibernate/Hibernate Mapping DTD 3.0//EN"
"http://hibernate.sourceforge.net/hibernate-mapping-3.0.dtd">
<!-- 
    Mapping file autogenerated by MyEclipse - Hibernate Tools
-->
<hibernate-mapping>
    <class name="com.hibernate.model.Login" table="login" schema="dbo" catalog="db_school">
        <id name="id" type="java.lang.Integer">
            <column name="id" />
            <generator class="identity" />
        </id>
        <property name="name" type="java.lang.String">
            <column name="name" length="10" not-null="true" />
        </property>
        <property name="username" type="java.lang.String">
            <column name="username" length="50" not-null="true" />
        </property>
        <property name="password" type="java.lang.String">
            <column name="password" length="50" not-null="true" />
        </property>
    </class>
</hibernate-mapping>
