<?xml version="1.0"?>
<!DOCTYPE hibernate-mapping PUBLIC "-//Hibernate/Hibernate Mapping DTD 3.0//EN"
"http://hibernate.sourceforge.net/hibernate-mapping-3.0.dtd">
<!-- 
    Mapping file autogenerated by MyEclipse - Hibernate Tools
-->
<hibernate-mapping>
    <class name="com.hibernate.model.SystemSpecialtyCode" table="system_specialty_code" schema="dbo" catalog="db_school">
        <id name="spCode" type="string">
            <column name="sp_code" length="4" />
            <generator class="assigned" />
        </id>
        <property name="name" type="string">
            <column name="name" length="20" />
        </property>
    </class>
</hibernate-mapping>
