<?xml version="1.0"?>
<!DOCTYPE hibernate-mapping PUBLIC "-//Hibernate/Hibernate Mapping DTD 3.0//EN"
"http://hibernate.sourceforge.net/hibernate-mapping-3.0.dtd">
<!-- 
    Mapping file autogenerated by MyEclipse - Hibernate Tools
-->
<hibernate-mapping>
    <class name="com.hibernate.model.SystemCourseCode" table="system_course_code" schema="dbo" catalog="db_school">
        <id name="code" type="string">
            <column name="code" length="4" />
            <generator class="assigned" />
        </id>
        <property name="subject" type="string">
            <column name="subject" length="20" />
        </property>
    </class>
</hibernate-mapping>
