<?xml version="1.0"?>
<!DOCTYPE hibernate-mapping PUBLIC "-//Hibernate/Hibernate Mapping DTD 3.0//EN"
"http://hibernate.sourceforge.net/hibernate-mapping-3.0.dtd">
<!-- 
    Mapping file autogenerated by MyEclipse - Hibernate Tools
-->
<hibernate-mapping>
    <class name="com.hibernate.model.SystemClassInfo" table="system_class_info" schema="dbo" catalog="db_school">
        <id name="classid" type="java.lang.String">
            <column name="classid" length="10" />
            <generator class="assigned" />
        </id>
        <many-to-one name="systemSpecialtyCode" class="com.hibernate.model.SystemSpecialtyCode" fetch="select" lazy="false">
            <column name="sp_code" length="4" />
        </many-to-one>
        <many-to-one name="systemGradeCode" class="com.hibernate.model.SystemGradeCode" fetch="select" lazy="false">
            <column name="gr_code" length="4" />
        </many-to-one>
        <property name="classmc" type="java.lang.String">
            <column name="classmc" length="20" />
        </property>
    </class>
</hibernate-mapping>
