<?xml version='1.0' encoding='UTF-8'?>
<!DOCTYPE hibernate-configuration PUBLIC
          "-//Hibernate/Hibernate Configuration DTD 3.0//EN"
          "http://hibernate.sourceforge.net/hibernate-configuration-3.0.dtd">

<!-- Generated by MyEclipse Hibernate Tools.                   -->
<hibernate-configuration>

	<session-factory>
		<property name="connection.username">wsw</property>
		<property name="connection.url">
			jdbc:oracle:thin:@10.1.6.19:1521:itsmpm
		</property>
		<property name="dialect">
			org.hibernate.dialect.Oracle9Dialect
		</property>
		<property name="myeclipse.connection.profile">5-31</property>
		<property name="connection.password">power</property>
		<property name="connection.driver_class">
			oracle.jdbc.driver.OracleDriver
		</property>
		<property name="show_sql">true</property>
		<property name="connection.autocommit">true</property>
		<mapping resource="com/java/Insrm.hbm.xml" />
		<mapping resource="com/java/Serm.hbm.xml" />
		<mapping resource="com/java/Comps.hbm.xml" />
		<mapping resource="com/java/Driverm.hbm.xml" />
		<mapping resource="com/java/Fucards.hbm.xml" />
		<mapping resource="com/java/Annum.hbm.xml" />
		<mapping resource="com/java/Ucapli.hbm.xml" />
		<mapping resource="com/java/Carbstb.hbm.xml" />
		<mapping resource="com/java/Feesm.hbm.xml" />
		<mapping resource="com/java/Grareg.hbm.xml" />
		<mapping resource="com/java/Xxuser.hbm.xml" />
		<mapping resource="com/java/Roletb.hbm.xml" />
		<mapping resource="com/java/Outcm.hbm.xml" />
		<mapping resource="com/java/Mainm.hbm.xml" />
		<mapping resource="com/java/Oilm.hbm.xml" />
		<mapping resource="com/java/Resfun.hbm.xml" />
		<mapping resource="com/java/ResP.hbm.xml" />
		<mapping resource="com/java/Violm.hbm.xml" />
		<mapping resource="com/java/UR.hbm.xml" />
		<mapping resource="com/java/RP.hbm.xml" />
	</session-factory>

</hibernate-configuration>