<?xml version="1.0" encoding="UTF-8"?>
<beans xmlns="http://www.springframework.org/schema/beans"
	xmlns:xsi="http://www.w3.org/2001/XMLSchema-instance" xmlns:context="http://www.springframework.org/schema/context"
	xmlns:mvc="http://www.springframework.org/schema/mvc"
	xsi:schemaLocation="
		http://www.springframework.org/schema/beans http://www.springframework.org/schema/beans/spring-beans-3.2.xsd
		http://www.springframework.org/schema/context http://www.springframework.org/schema/context/spring-context-3.2.xsd
		http://www.springframework.org/schema/mvc http://www.springframework.org/schema/mvc/spring-mvc-3.2.xsd"
	default-lazy-init="true">
	
	<context:component-scan base-package="com.portal.sysmgr.service.impl">
	</context:component-scan>
	
	<context:component-scan base-package="com.portal.usermgr.service.impl">
	</context:component-scan>
	
	<context:component-scan base-package="com.portal.doccenter.service.impl">
	</context:component-scan>
	
	<context:component-scan base-package="com.portal.extrafunc.service.impl">
	</context:component-scan>

	<context:component-scan base-package="com.portal.datacenter.commdata.service.impl">
	</context:component-scan>
	
	<context:component-scan base-package="com.portal.datacenter.docdata.service.impl">
	</context:component-scan>
	
	<context:component-scan base-package="com.portal.datacenter.operatedata.service.impl">
	</context:component-scan>
	
	<context:component-scan base-package="com.portal.govcenter.service.impl">
	</context:component-scan>
	
	<context:component-scan base-package="com.portal.datacenter.lucene">
	    <context:include-filter type="annotation" expression="org.springframework.stereotype.Service"/>
	</context:component-scan>
	
	<bean id="nrtManagerService" class="com.portal.datacenter.lucene.NRTManagerServiceImpl">
	    <constructor-arg ref="realPathResolver" />
	</bean>
	
</beans>