<?xml version="1.0" encoding="utf-8"?>
<RelativeLayout
android:id="@+id/widget27"
android:layout_width="fill_parent"
android:layout_height="fill_parent"
xmlns:android="http://schemas.android.com/apk/res/android"
>
<TableLayout
android:id="@+id/widget60"
android:layout_width="fill_parent"
android:layout_height="wrap_content"
xmlns:android="http://schemas.android.com/apk/res/android"
android:orientation="vertical"
android:stretchColumns="1"
android:layout_alignParentTop="true"
android:layout_alignParentLeft="true"
>
</TableLayout>
<TableRow
android:id="@+id/widget74"
android:layout_width="fill_parent"
android:layout_height="24px"
xmlns:android="http://schemas.android.com/apk/res/android"
android:orientation="horizontal"
android:layout_below="@+id/widget60"
android:layout_alignParentLeft="true"
>
<TextView
android:id="@+id/widget82"
android:layout_width="wrap_content"
android:layout_height="wrap_content"
android:text="Commandname"
>
</TextView>
<EditText
android:id="@+id/widget87"
android:layout_width="fill_parent"
android:layout_height="21px"
android:textSize="18sp"
>
</EditText>
</TableRow>
<TableRow
android:id="@+id/widget88"
android:layout_width="fill_parent"
android:layout_height="26px"
xmlns:android="http://schemas.android.com/apk/res/android"
android:orientation="horizontal"
android:layout_below="@+id/widget74"
android:layout_alignParentLeft="true"
>
<TextView
android:id="@+id/widget90"
android:layout_width="wrap_content"
android:layout_height="wrap_content"
android:text="Category"
>
</TextView>
<EditText
android:id="@+id/widget92"
android:layout_width="fill_parent"
android:layout_height="23px"
android:textSize="18sp"
>
</EditText>
</TableRow>
<TableRow
android:id="@+id/widget89"
android:layout_width="fill_parent"
android:layout_height="22px"
xmlns:android="http://schemas.android.com/apk/res/android"
android:orientation="horizontal"
android:layout_below="@+id/widget88"
android:layout_alignParentLeft="true"
>
<TextView
android:id="@+id/widget91"
android:layout_width="wrap_content"
android:layout_height="wrap_content"
android:text="Relation"
>
</TextView>
<EditText
android:id="@+id/widget93"
android:layout_width="fill_parent"
android:layout_height="20px"
android:textSize="18sp"
>
</EditText>
</TableRow>
<Button
android:id="@+id/widget96"
android:layout_width="wrap_content"
android:layout_height="30"
android:text="Cancel"
android:layout_below="@+id/widget89"
android:layout_alignParentRight="true"
>
</Button>
<Button
android:id="@+id/widget97"
android:layout_width="99px"
android:layout_height="38px"
android:text="AddCommand"
android:layout_alignTop="@+id/widget96"
android:layout_alignParentLeft="true"
>
</Button>
</RelativeLayout>
