<?xml version="1.0" encoding="UTF-8"?>
<beans xmlns="http://www.springframework.org/schema/beans" xmlns:xsi="http://www.w3.org/2001/XMLSchema-instance"
	xsi:schemaLocation="http://www.springframework.org/schema/beans http://www.springframework.org/schema/beans/spring-beans-3.2.xsd"
	default-lazy-init="true">
	<!--缓存-->
	<bean id="cacheManager" class="com.javapms.basic.ehcache.EhCacheFacotryBean">
		<property name="configLocation">
			<value>classpath:ehcache-application.xml</value>
		</property>
		<property name="diskStoreLocation">
			<value>/WEB-INF/cache/application</value>
		</property>
	</bean>
	<bean id="ehCommentUpCache" class="org.springframework.cache.ehcache.EhCacheFactoryBean">
		<property name="cacheManager">
			<ref local="cacheManager"/>
		</property>
		<property name="cacheName">
			<value>com.portal.extrafunc.action.fnt.CommentUp</value>
		</property>		
		<qualifier value="commentUp"/>
	</bean>
	<bean id="ehDocViewsCache" class="org.springframework.cache.ehcache.EhCacheFactoryBean">
		<property name="cacheManager">
			<ref local="cacheManager"/>
		</property>
		<property name="cacheName">
			<value>com.portal.doccenter.action.fnt.DocViews</value>
		</property>		
		<qualifier value="docViews"/>
	</bean>
	<bean id="ehForumCache" class="org.springframework.cache.ehcache.EhCacheFactoryBean">
		<property name="cacheManager">
			<ref local="cacheManager"/>
		</property>
		<property name="cacheName">
			<value>com.portal.extrafunc.action.cache.Forum</value>
		</property>
		<qualifier value="forum"/>
	</bean>
	<bean id="ehForumStatisCache" class="org.springframework.cache.ehcache.EhCacheFactoryBean">
		<property name="cacheManager">
			<ref local="cacheManager"/>
		</property>
		<property name="cacheName">
			<value>com.portal.extrafunc.action.cache.ForumStatis</value>
		</property>
		<qualifier value="forumStatis"/>
	</bean>
	<bean id="ehPostsCheckCache" class="org.springframework.cache.ehcache.EhCacheFactoryBean">
		<property name="cacheManager">
			<ref local="cacheManager"/>
		</property>
		<property name="cacheName">
			<value>com.portal.extrafunc.action.cache.PostsCheck</value>
		</property>
		<qualifier value="postsCheck"/>
	</bean>
	<bean id="ehThemeViewCountCache" class="org.springframework.cache.ehcache.EhCacheFactoryBean">
		<property name="cacheManager">
			<ref local="cacheManager"/>
		</property>
		<property name="cacheName">
			<value>com.portal.extrafunc.action.cache.ThemeViewCount</value>
		</property>
		<qualifier value="themeViewCount"/>
	</bean>
</beans>