<?xml version="1.0" encoding="utf-8"?>
<!DOCTYPE hibernate-mapping PUBLIC "-//Hibernate/Hibernate Mapping DTD 3.0//EN"
"http://hibernate.sourceforge.net/hibernate-mapping-3.0.dtd">
<!-- 
    Mapping file autogenerated by MyEclipse - Hibernate Tools
-->
<hibernate-mapping>
    <class name="com.xaccp.po.ComplainInfo" table="ComplainInfo" schema="dbo" catalog="Eatery_DB">
        <id name="ciId" type="java.lang.Integer">
            <column name="ci_id" />
            <generator class="assigned" />
        </id>
        <property name="ciIdea" type="java.lang.String">
            <column name="ci_idea" length="200" />
        </property>
        <property name="ciIdentity" type="java.lang.Integer">
            <column name="ci_identity" />
        </property>
        <property name="UId" type="java.lang.Integer">
            <column name="u_id" />
        </property>
    </class>
</hibernate-mapping>
