<?xml version="1.0" encoding="utf-8"?>
<!DOCTYPE hibernate-mapping PUBLIC "-//Hibernate/Hibernate Mapping DTD 3.0//EN"
"http://hibernate.sourceforge.net/hibernate-mapping-3.0.dtd">
<!-- 
    Mapping file autogenerated by MyEclipse - Hibernate Tools
-->
<hibernate-mapping>
    <class name="com.xaccp.po.Credit" table="Credit" schema="dbo" catalog="Eatery_DB">
        <id name="CId" type="java.lang.Integer">
            <column name="c_id" />
            <generator class="assigned" />
        </id>
        <many-to-one name="userInfo" class="com.xaccp.po.UserInfo" fetch="select">
            <column name="u_id" />
        </many-to-one>
        <property name="UCount" type="java.lang.Integer">
            <column name="u_count" />
        </property>
    </class>
</hibernate-mapping>
