<?xml version="1.0" encoding="utf-8"?>
<!DOCTYPE hibernate-mapping PUBLIC "-//Hibernate/Hibernate Mapping DTD 3.0//EN"
"http://hibernate.sourceforge.net/hibernate-mapping-3.0.dtd">
<!-- 
    Mapping file autogenerated by MyEclipse - Hibernate Tools
-->
<hibernate-mapping>
    <class name="com.xaccp.po.EnterpriseInfo" table="EnterpriseInfo" schema="dbo" catalog="Eatery_DB">
        <id name="EId" type="java.lang.Integer">
            <column name="e_id" />
            <generator class="assigned" />
        </id>
        <property name="EName" type="java.lang.String">
            <column name="e_name" length="20" not-null="true" />
        </property>
        <property name="EPass" type="java.lang.String">
            <column name="e_pass" length="50" not-null="true" />
        </property>
        <property name="ECompanyName" type="java.lang.String">
            <column name="e_companyName" length="50" />
        </property>
        <property name="ELinkMan" type="java.lang.String">
            <column name="e_linkMan" length="50" />
        </property>
        <property name="ETel" type="java.lang.String">
            <column name="e_tel" length="20" />
        </property>
        <property name="EAddress" type="java.lang.String">
            <column name="e_address" length="150" />
        </property>
        <property name="EEmail" type="java.lang.String">
            <column name="e_email" length="50" />
        </property>
        <set name="foodInfos" inverse="true">
            <key>
                <column name="e_id" />
            </key>
            <one-to-many class="com.xaccp.po.FoodInfo" />
        </set>
        <set name="orderInfos" inverse="true">
            <key>
                <column name="e_id" />
            </key>
            <one-to-many class="com.xaccp.po.OrderInfo" />
        </set>
    </class>
</hibernate-mapping>
