<?xml version="1.0" encoding="utf-8"?>
<!DOCTYPE hibernate-mapping PUBLIC "-//Hibernate/Hibernate Mapping DTD 3.0//EN"
"http://hibernate.sourceforge.net/hibernate-mapping-3.0.dtd">
<!-- 
    Mapping file autogenerated by MyEclipse - Hibernate Tools
-->
<hibernate-mapping>
    <class name="com.xaccp.po.FoodBigType" table="FoodBigType" schema="dbo" catalog="Eatery_DB">
        <id name="fbtId" type="java.lang.Integer">
            <column name="fbt_id" />
            <generator class="assigned" />
        </id>
        <property name="fbtName" type="java.lang.String">
            <column name="fbt_name" length="50" not-null="true" />
        </property>
        <set name="foodSmallTypes" inverse="true">
            <key>
                <column name="fbt_id" />
            </key>
            <one-to-many class="com.xaccp.po.FoodSmallType" />
        </set>
    </class>
</hibernate-mapping>
