<?xml version="1.0" encoding="utf-8"?>
<!DOCTYPE hibernate-mapping PUBLIC "-//Hibernate/Hibernate Mapping DTD 3.0//EN"
"http://hibernate.sourceforge.net/hibernate-mapping-3.0.dtd">
<!-- 
    Mapping file autogenerated by MyEclipse - Hibernate Tools
-->
<hibernate-mapping>
    <class name="com.xaccp.po.FoodSmallType" table="FoodSmallType" schema="dbo" catalog="Eatery_DB">
        <id name="fstId" type="java.lang.Integer">
            <column name="fst_id" />
            <generator class="assigned" />
        </id>
        <many-to-one name="foodBigType" class="com.xaccp.po.FoodBigType" fetch="select">
            <column name="fbt_id" />
        </many-to-one>
        <property name="fstName" type="java.lang.String">
            <column name="fst_name" length="50" not-null="true" />
        </property>
        <set name="foodInfos" inverse="true">
            <key>
                <column name="fst_id" />
            </key>
            <one-to-many class="com.xaccp.po.FoodInfo" />
        </set>
    </class>
</hibernate-mapping>
