<?xml version="1.0" encoding="utf-8"?>
<!DOCTYPE hibernate-mapping PUBLIC "-//Hibernate/Hibernate Mapping DTD 3.0//EN"
"http://hibernate.sourceforge.net/hibernate-mapping-3.0.dtd">
<!-- 
    Mapping file autogenerated by MyEclipse - Hibernate Tools
-->
<hibernate-mapping>
    <class name="com.xaccp.po.FoodInfo" table="FoodInfo" schema="dbo" catalog="Eatery_DB">
        <id name="FId" type="java.lang.Integer">
            <column name="f_id" />
            <generator class="assigned" />
        </id>
        <many-to-one name="enterpriseInfo" class="com.xaccp.po.EnterpriseInfo" fetch="select">
            <column name="e_id" />
        </many-to-one>
        <many-to-one name="foodSmallType" class="com.xaccp.po.FoodSmallType" fetch="select">
            <column name="fst_id" />
        </many-to-one>
        <property name="FName" type="java.lang.String">
            <column name="f_name" length="50" not-null="true" />
        </property>
        <property name="FPrice" type="java.lang.Double">
            <column name="f_price" scale="4" not-null="true" />
        </property>
        <property name="FFrom" type="java.lang.String">
            <column name="f_from" length="50" />
        </property>
        <property name="FImage" type="java.lang.String">
            <column name="f_image" length="50" />
        </property>
        <set name="orderInfos" inverse="true">
            <key>
                <column name="f_id" />
            </key>
            <one-to-many class="com.xaccp.po.OrderInfo" />
        </set>
    </class>
</hibernate-mapping>
