<?xml version="1.0" encoding="utf-8"?>
<!DOCTYPE hibernate-mapping PUBLIC "-//Hibernate/Hibernate Mapping DTD 3.0//EN"
"http://hibernate.sourceforge.net/hibernate-mapping-3.0.dtd">
<!-- 
    Mapping file autogenerated by MyEclipse - Hibernate Tools
-->
<hibernate-mapping>
    <class name="com.xaccp.po.ManageInfo" table="ManageInfo" schema="dbo" catalog="Eatery_DB">
        <id name="MId" type="java.lang.Integer">
            <column name="m_id" />
            <generator class="assigned" />
        </id>
        <property name="MName" type="java.lang.String">
            <column name="m_name" length="20" not-null="true" />
        </property>
        <property name="MPass" type="java.lang.String">
            <column name="m_pass" length="50" not-null="true" />
        </property>
        <property name="MAge" type="java.lang.Integer">
            <column name="m_age" />
        </property>
        <property name="MSex" type="java.lang.Integer">
            <column name="m_sex" />
        </property>
        <property name="MTel" type="java.lang.String">
            <column name="m_tel" length="20" />
        </property>
        <property name="MAddress" type="java.lang.String">
            <column name="m_address" length="150" />
        </property>
        <property name="MEmail" type="java.lang.String">
            <column name="m_email" length="50" />
        </property>
    </class>
</hibernate-mapping>
