<?xml version="1.0" encoding="utf-8"?>
<!DOCTYPE hibernate-mapping PUBLIC "-//Hibernate/Hibernate Mapping DTD 3.0//EN"
"http://hibernate.sourceforge.net/hibernate-mapping-3.0.dtd">
<!-- 
    Mapping file autogenerated by MyEclipse - Hibernate Tools
-->
<hibernate-mapping>
    <class name="com.xaccp.po.OrderInfo" table="OrderInfo" schema="dbo" catalog="Eatery_DB">
        <id name="OId" type="java.lang.Integer">
            <column name="o_id" />
            <generator class="assigned" />
        </id>
        <many-to-one name="userInfo" class="com.xaccp.po.UserInfo" fetch="select">
            <column name="u_id" />
        </many-to-one>
        <many-to-one name="enterpriseInfo" class="com.xaccp.po.EnterpriseInfo" fetch="select">
            <column name="e_id" />
        </many-to-one>
        <many-to-one name="foodInfo" class="com.xaccp.po.FoodInfo" fetch="select">
            <column name="f_id" />
        </many-to-one>
        <property name="OCount" type="java.lang.Integer">
            <column name="o_count" />
        </property>
        <property name="OState" type="java.lang.Integer">
            <column name="o_state" />
        </property>
        <property name="OTime" type="java.util.Date">
            <column name="o_time" length="23" />
        </property>
        <set name="orderAccessorilies" inverse="true">
            <key>
                <column name="o_id" />
            </key>
            <one-to-many class="com.xaccp.po.OrderAccessorily" />
        </set>
    </class>
</hibernate-mapping>
