<?xml version="1.0" encoding="utf-8"?>
<!DOCTYPE hibernate-mapping PUBLIC "-//Hibernate/Hibernate Mapping DTD 3.0//EN"
"http://hibernate.sourceforge.net/hibernate-mapping-3.0.dtd">
<!-- 
    Mapping file autogenerated by MyEclipse - Hibernate Tools
-->
<hibernate-mapping>
    <class name="com.xaccp.po.OrderAccessorily" table="OrderAccessorily" schema="dbo" catalog="Eatery_DB">
        <id name="oaId" type="java.lang.Integer">
            <column name="oa_id" />
            <generator class="assigned" />
        </id>
        <many-to-one name="orderInfo" class="com.xaccp.po.OrderInfo" fetch="select">
            <column name="o_id" />
        </many-to-one>
        <property name="oaTotalprice" type="java.lang.Double">
            <column name="oa_totalprice" scale="4" />
        </property>
    </class>
</hibernate-mapping>
