<?xml version="1.0" encoding="utf-8"?>
<!DOCTYPE hibernate-mapping PUBLIC "-//Hibernate/Hibernate Mapping DTD 3.0//EN"
"http://hibernate.sourceforge.net/hibernate-mapping-3.0.dtd">
<!-- 
    Mapping file autogenerated by MyEclipse - Hibernate Tools
-->
<hibernate-mapping>
    <class name="com.xaccp.po.UserInfo" table="UserInfo" schema="dbo" catalog="Eatery_DB">
        <id name="UId" type="java.lang.Integer">
            <column name="u_id" />
            <generator class="assigned" />
        </id>
        <property name="UName" type="java.lang.String">
            <column name="u_name" length="20" not-null="true" />
        </property>
        <property name="UPass" type="java.lang.String">
            <column name="u_pass" length="50" not-null="true" />
        </property>
        <property name="URealName" type="java.lang.String">
            <column name="u_realName" length="20" />
        </property>
        <property name="UPaperCode" type="java.lang.String">
            <column name="u_paperCode" length="50" />
        </property>
        <property name="UAge" type="java.lang.Integer">
            <column name="u_age" />
        </property>
        <property name="USex" type="java.lang.Integer">
            <column name="u_sex" />
        </property>
        <property name="UTel" type="java.lang.String">
            <column name="u_tel" length="20" />
        </property>
        <property name="UAddress" type="java.lang.String">
            <column name="u_address" length="150" />
        </property>
        <property name="UEmail" type="java.lang.String">
            <column name="u_email" length="50" />
        </property>
        <set name="credits" inverse="true">
            <key>
                <column name="u_id" />
            </key>
            <one-to-many class="com.xaccp.po.Credit" />
        </set>
        <set name="orderInfos" inverse="true">
            <key>
                <column name="u_id" />
            </key>
            <one-to-many class="com.xaccp.po.OrderInfo" />
        </set>
    </class>
</hibernate-mapping>
