<?xml version="1.0" encoding="UTF-8"?>

<poolman>

  <management-mode>local</management-mode>

  <!-- ========================================================== -->
  <!-- These entries are an example of JDBC Connection pooling.   -->
  <!-- Many of the parameters are optional. Consult the           -->
  <!-- UsersGuide.html doument and the poolman.xml.template file  -->
  <!-- for guidance and element definitions.                      -->
  <!-- ========================================================== -->

  <datasource>

    <!-- ============================== -->
    <!-- Physical Connection Attributes -->
    <!-- ============================== -->

    <!-- Standard JDBC Driver info -->

    <!-- don't do any change with dbname and jndiName -->
    <dbname>rich2</dbname>
    <jndiName>jndi-rich2</jndiName>

    <!-- driver is your database driver. Default:com.mysql.jdbc.Driver -->
    <driver>com.mysql.jdbc.Driver</driver>

    <!--url is the database connection URL used by rich2. You can change IP and database name to fit your config-->
    <!--url>jdbc:mysql://localhost/rich2?useUnicode=true&amp;characterEncoding=GB2312</url-->
    <url>jdbc:mysql://localhost/rich2?useUnicode=true&amp;characterEncoding=GB2312</url>

    <!-- username is your username connected to database. Default:rich2 -->
    <username>rich2_f</username>

    <!-- password is your password connected to database. Default: -->
    <password>password</password>

    <!-- emailIfConnectionFailed is the email viewed on web for contact when Database connection failed. -->
    <emailIfConnectionFailed>2rich@2rich.net</emailIfConnectionFailed>

    <minimumSize>0</minimumSize>
    <maximumSize>20</maximumSize>
    <connectionTimeout>600</connectionTimeout>
    <userTimeout>12</userTimeout>
    <shrinkBy>10</shrinkBy>

    <!--logFile>D:/Hosting/WwwRoot/2rich_net/WEB-INF/classes/rich2.poolman.log</logFile-->
    <!--logFile>e:/temp/testdb.log</logFile-->
    <logFile>D:/code/WEB-INF/classes/poolman.log</logFile>
    <debugging>true</debugging>

    <!-- Query Cache Attributes-->

    <cacheEnabled>false</cacheEnabled>
    <cacheSize>20</cacheSize>
    <cacheRefreshInterval>120</cacheRefreshInterval>

  </datasource>

</poolman>