<?xml version='1.0' encoding='UTF-8'?>
<!DOCTYPE hibernate-configuration PUBLIC
          "-//Hibernate/Hibernate Configuration DTD 3.0//EN"
          "http://hibernate.sourceforge.net/hibernate-configuration-3.0.dtd">

<!-- Generated by MyEclipse Hibernate Tools.                   -->
<hibernate-configuration>

	<session-factory>
		<property name="dialect">org.hibernate.dialect.MySQLDialect</property>
		<property name="connection.url">jdbc:mysql://localhost:3306/exams</property>
		<property name="connection.username">exams</property>
		<property name="connection.password">exams</property>
		<property name="connection.driver_class">com.mysql.jdbc.Driver</property>
		<property name="myeclipse.connection.profile">mysql1</property>
		<property name="show_sql">false</property>
		<mapping resource="com/xdf/exams/bean/Loginlog.hbm.xml" />
		<mapping resource="com/xdf/exams/bean/Examrecord.hbm.xml" />
		<mapping resource="com/xdf/exams/bean/Teacher.hbm.xml" />
		<mapping resource="com/xdf/exams/bean/Student.hbm.xml" />
		<mapping resource="com/xdf/exams/bean/Result.hbm.xml" />
		<mapping resource="com/xdf/exams/bean/Options.hbm.xml" />
		<mapping resource="com/xdf/exams/bean/Subject.hbm.xml" />
		<mapping resource="com/xdf/exams/bean/Question.hbm.xml" />

	</session-factory>

</hibernate-configuration>