<?xml version="1.0" encoding="utf-8"?>
<!DOCTYPE hibernate-mapping PUBLIC "-//Hibernate/Hibernate Mapping DTD 3.0//EN"
"http://hibernate.sourceforge.net/hibernate-mapping-3.0.dtd">
<!-- 
    Mapping file autogenerated by MyEclipse Persistence Tools
-->
<hibernate-mapping>
    <class name="com.ORM.Admin" table="admin" catalog="db_eshop">
        <id name="id" type="java.lang.Integer">
            <column name="ID" />
            <generator class="identity" />
        </id>
        <property name="adminType" type="java.lang.Integer">
            <column name="AdminType" />
        </property>
        <property name="adminName" type="java.lang.String">
            <column name="AdminName" length="12" />
        </property>
        <property name="loginName" type="java.lang.String">
            <column name="LoginName" length="12" />
        </property>
        <property name="loginPwd" type="java.lang.String">
            <column name="LoginPwd" length="12" />
        </property>
    </class>
</hibernate-mapping>
