<?xml version="1.0" encoding="utf-8"?>
<!DOCTYPE hibernate-mapping PUBLIC "-//Hibernate/Hibernate Mapping DTD 3.0//EN"
"http://hibernate.sourceforge.net/hibernate-mapping-3.0.dtd">
<!-- 
    Mapping file autogenerated by MyEclipse Persistence Tools
-->
<hibernate-mapping>
    <class name="com.ORM.Member" table="member" catalog="db_eshop">
        <id name="id" type="java.lang.Integer">
            <column name="ID" />
            <generator class="identity" />
        </id>
        <property name="loginName" type="java.lang.String">
            <column name="LoginName" length="12" />
        </property>
        <property name="loginPwd" type="java.lang.String">
            <column name="LoginPwd" length="12" />
        </property>
        <property name="memberName" type="java.lang.String">
            <column name="MemberName" length="20" />
        </property>
        <property name="phone" type="java.lang.String">
            <column name="Phone" length="15" />
        </property>
        <property name="address" type="java.lang.String">
            <column name="Address" length="100" />
        </property>
        <property name="zip" type="java.lang.String">
            <column name="Zip" length="10" />
        </property>
        <property name="regDate" type="java.util.Date">
            <column name="RegDate" length="19" />
        </property>
        <property name="lastDate" type="java.util.Date">
            <column name="LastDate" length="19" />
        </property>
        <property name="loginTimes" type="java.lang.Integer">
            <column name="LoginTimes" />
        </property>
        <property name="email" type="java.lang.String">
            <column name="EMail" length="100" />
        </property>
        
        <!--映射Member到Memberlevel的多对一单向关联-->
        <many-to-one name="memberlevel"
        			 column="Memberlevel"
        			 class="com.ORM.Memberlevel"
        			 lazy="false"
        			 not-null="true"/>
        			 
		<!--映射Member到Orders的一对多关联--> 
		<set name="orders"
			 cascade="all"
			 inverse="true"
			 lazy="true">
			<key column="Member" />
			<one-to-many class="com.ORM.Orders" />
		</set>        			           
    </class>
</hibernate-mapping>
