<?xml version="1.0" encoding="utf-8"?>
<!DOCTYPE hibernate-mapping PUBLIC "-//Hibernate/Hibernate Mapping DTD 3.0//EN"
"http://hibernate.sourceforge.net/hibernate-mapping-3.0.dtd">
<!-- 
    Mapping file autogenerated by MyEclipse Persistence Tools
-->
<hibernate-mapping>
    <class name="com.ORM.Memberlevel" table="memberlevel" catalog="db_eshop">
        <id name="id" type="java.lang.Integer">
            <column name="ID" />
            <generator class="identity" />
        </id>
        <property name="levelName" type="java.lang.String">
            <column name="LevelName" length="20" />
        </property>
        <property name="favourable" type="java.lang.Integer">
            <column name="Favourable" />
        </property>
    </class>
</hibernate-mapping>
