<?xml version="1.0" encoding="utf-8"?>
<!DOCTYPE hibernate-mapping PUBLIC "-//Hibernate/Hibernate Mapping DTD 3.0//EN"
"http://hibernate.sourceforge.net/hibernate-mapping-3.0.dtd">
<!-- 
    Mapping file autogenerated by MyEclipse Persistence Tools
-->
<hibernate-mapping>
    <class name="com.ORM.Merchandise" table="merchandise" catalog="db_eshop">
        <id name="id" type="java.lang.Integer">
            <column name="ID" />
            <generator class="identity" />
        </id>
        <property name="merName" type="java.lang.String">
            <column name="MerName" length="40" />
        </property>
        <property name="price" type="java.lang.Double">
            <column name="Price" precision="8" />
        </property>
        <property name="sprice" type="java.lang.Double">
            <column name="SPrice" precision="8" />
        </property>
        <property name="merModel" type="java.lang.String">
            <column name="MerModel" length="40" />
        </property>
        <property name="picture" type="java.lang.String">
            <column name="Picture" length="100" />
        </property>
        <property name="merDesc" type="java.lang.String">
            <column name="MerDesc" length="65535" />
        </property>
        <property name="manufacturer" type="java.lang.String">
            <column name="Manufacturer" length="60" />
        </property>
        <property name="leaveFactoryDate" type="java.util.Date">
            <column name="LeaveFactoryDate" length="19" />
        </property>
        <property name="special" type="java.lang.Integer">
            <column name="Special" />
        </property>
        
        <!--映射Merchandise到Category的多对一单向关联-->
        <many-to-one name="category"
        			 column="Category"
        			 class="com.ORM.Category"
        			 lazy="false"
        			 not-null="true"/>        
    </class>
</hibernate-mapping>
