<?xml version="1.0" encoding="UTF-8" ?>

<!DOCTYPE sqlMap      
    PUBLIC "-//ibatis.apache.org//DTD SQL Map 2.0//EN"      
    "http://ibatis.apache.org/dtd/sql-map-2.dtd">

<sqlMap namespace="Company">

	<typeAlias alias="company" type="com.lhq.prj.bms.po.Company" />
	<typeAlias alias="page" type="com.lhq.prj.bms.core.Page"/> 
	
	<parameterMap class="company" id="pm_company_without_id">
		<parameter property="companyName" javaType="string" jdbcType="VARCHAR" />
		<parameter property="address" javaType="string" jdbcType="VARCHAR" />
		<parameter property="tellPhone" javaType="string" jdbcType="VARCHAR" />
		<parameter property="leader" javaType="string" jdbcType="VARCHAR" />
		<parameter property="mobilePhone" javaType="string" jdbcType="VARCHAR" />
		<parameter property="remark" javaType="string" jdbcType="VARCHAR" />
	</parameterMap>
	<sql id="byCompanyIdCondition">
		<![CDATA[
		   companyId = #companyId:NUMBER#
	    ]]>
	</sql>
	
	<insert id="save" parameterMap="pm_company_without_id">
		<![CDATA[
			INSERT INTO t_company 
						(companyName,address,tellPhone,leader,mobilePhone,remark) 
				 VALUES (?,?,?,?,?,?)
		]]>
		<selectKey resultClass="int">
			<![CDATA[
				SELECT @@IDENTITY AS ID
			]]>
		</selectKey>
	</insert>
	
	<delete id="deleteById" parameterClass="integer">
		<![CDATA[
			delete t_company
		]]>
		<dynamic prepend="WHERE">
			<include refid="byCompanyIdCondition"/>
		</dynamic>
	</delete>
	
	<select id="findAll" resultClass="company">
		<![CDATA[
			SELECT * FROM t_company
		]]>
	</select>
	
	<update id="update" parameterClass="company">
		<![CDATA[
			UPDATE t_company
		]]>
		<dynamic prepend="SET">
			<isNotNull property="companyName" prepend=",">
				<![CDATA[
					companyName = #companyName:VARCHAR#
				]]>
			</isNotNull>
			<isNotNull property="address" prepend=",">
				<![CDATA[
					address = #address:VARCHAR#
				]]>
			</isNotNull>
			<isNotNull property="tellPhone" prepend=",">
				<![CDATA[
					tellPhone = #tellPhone:VARCHAR#
				]]>
			</isNotNull>
			<isNotNull property="leader" prepend=",">
				<![CDATA[
					leader = #leader:VARCHAR#
				]]>
			</isNotNull>
			<isNotNull property="mobilePhone" prepend=",">
				<![CDATA[
					mobilePhone = #mobilePhone:VARCHAR#
				]]>
			</isNotNull>
			<isNotNull property="remark" prepend=",">
				<![CDATA[
					remark = #remark:VARCHAR#
				]]>
			</isNotNull>
		</dynamic>
		<dynamic prepend="WHERE">
			<include refid="byCompanyIdCondition"/>
		</dynamic>
	</update>
	
	<sql id="findCompanyByPageCondition">
		<isNotEmpty property="conditions">
			<iterate property="conditions" open="(" close=")" conjunction="OR" >
				<![CDATA[
					upper(companyName) LIKE '%' + upper(#conditions[]:VARCHAR#) + '%'
					OR upper(address) LIKE '%' + upper(#conditions[]:VARCHAR#) + '%'    
				    OR upper(tellPhone) LIKE '%' + upper(#conditions[]:VARCHAR#) + '%'    
				    OR upper(leader) LIKE '%' + upper(#conditions[]:VARCHAR#) + '%'    
				    OR upper(mobilePhone) LIKE '%' + upper(#conditions[]:VARCHAR#) + '%'    
				    OR upper(remark) LIKE '%' + upper(#conditions[]:VARCHAR#) + '%' 
		    	]]>
			</iterate>
		</isNotEmpty>
	</sql>
	<select id="findByPage" parameterClass="page" resultClass="company">
		<![CDATA[
			SELECT TOP $limit$ * FROM t_company 
					WHERE (companyId >= (SELECT MAX(companyId) FROM (SELECT TOP $start$ companyId FROM t_company 
		]]>
		<dynamic prepend="WHERE">
			<include refid="findCompanyByPageCondition"/>
		</dynamic>
		<![CDATA[
			ORDER BY companyId ) AS T)) 
		]]>
		<dynamic prepend="AND">
			<include refid="findCompanyByPageCondition"/>
		</dynamic>
		<![CDATA[
			ORDER BY companyId
		]]>
	</select>
	
	<select id="findByCount" parameterClass="page" resultClass="int">
		<![CDATA[
			SELECT COUNT(*) FROM t_company 
		]]>
		<dynamic prepend="WHERE">
			<include refid="findCompanyByPageCondition"/>
		</dynamic>
	</select>
	
</sqlMap>
