<?xml version="1.0" encoding="UTF-8" ?>

<!DOCTYPE sqlMap      
    PUBLIC "-//ibatis.apache.org//DTD SQL Map 2.0//EN"      
    "http://ibatis.apache.org/dtd/sql-map-2.dtd">

<sqlMap namespace="Duty">
	<typeAlias alias="duty" type="com.lhq.prj.bms.po.Duty" />
	<insert id="save" parameterClass="duty">
		<![CDATA[
			INSERT INTO t_duty (dutyName,remark) VALUES (#dutyName:VARCHAR#,#remark:VARCHAR#)
		]]>
		<selectKey resultClass="int">
			<![CDATA[
				SELECT @@IDENTITY AS ID
			]]>
		</selectKey>
	</insert>

	<delete id="deleteById" parameterClass="integer">
		<![CDATA[
			delete t_duty WHERE dutyId = #dutyId:NUMBER#
		]]>
	</delete>

	<update id="update" parameterClass="duty">
		<![CDATA[
			UPDATE t_duty 
		]]>
		<dynamic prepend="SET">
			<isNotNull property="dutyName" prepend=",">
					dutyName = #dutyName:VARCHAR#
			</isNotNull>
			<isNotNull property="remark" prepend=",">
				<![CDATA[
					remark = #remark:VARCHAR#
				]]>
			</isNotNull>
		</dynamic>
		<![CDATA[
			WHERE dutyId = #dutyId:NUMBER#
		]]>
	</update>

	<select id="findAll" resultClass="duty">
		<![CDATA[
			SELECT * FROM t_duty
		]]>
	</select>
</sqlMap>
