<?xml version="1.0" encoding="UTF-8"?>
<!DOCTYPE hibernate-mapping PUBLIC 
	"-//Hibernate/Hibernate Mapping DTD 3.0//EN" 
	"http://hibernate.sourceforge.net/hibernate-mapping-3.0.dtd">
<hibernate-mapping package="com.hrl.model">
	<class name="ArticleType" table="tb_articleType">
		<id name="articleTypeId">
			<generator class="native" />
		</id>
		<property name="articleTypeName" length="255"/>
		<property name="articleTypeDesc" length="255"/>
		<set name="articles" cascade="all">
		  <key column="articleTypeId"/>
		  <one-to-many class="Article" />
		</set>
	</class>
</hibernate-mapping>
