<?xml version="1.0" encoding="UTF-8"?>
<!DOCTYPE hibernate-mapping PUBLIC 
	"-//Hibernate/Hibernate Mapping DTD 3.0//EN" 
	"http://hibernate.sourceforge.net/hibernate-mapping-3.0.dtd" >
<hibernate-mapping package="com.hrl.model">
	<class name="Reply" table="tb_reply">
		<id name="replyId">
			<generator class="native" />
		</id>
		<property name="replyTime" />
		<property name="content" length="1024"/>
		<many-to-one name="user" column="userId" class="User"
			cascade="none" fetch="join" />
		<many-to-one name="article" column="articleId" class="Article"
			cascade="none" fetch="join" />
	</class>
</hibernate-mapping>
