<?xml version="1.0" encoding="utf-8"?>
<!DOCTYPE hibernate-mapping PUBLIC "-//Hibernate/Hibernate Mapping DTD 3.0//EN"
 "http://hibernate.sourceforge.net/hibernate-mapping-3.0.dtd">
<!-- 
    Mapping file autogenerated by MyEclipse Persistence Tools
-->
<hibernate-mapping>
    <class name="com.mr.model.ArticleInfo" table="tb_article">
        <id name="id" type="java.lang.Integer">
            <column name="id" />
            <generator class="native" />
        </id>
        <property name="typeName" type="java.lang.String">
            <column name="typeName" length="50"  />
        </property>
        <property name="title" type="java.lang.String">
            <column name="title" length="50" />
        </property>
        <property name="content" type="java.lang.String">
            <column name="content" length="3000" />
        </property>
        <property name="author" type="java.lang.String">
            <column name="author" length="50"  />
        </property>
        <property name="sendTime" type="java.lang.String">
            <column name="sendTime" length="50" />
        </property>
        <property name="visit" type="java.lang.Integer">
            <column name="visit"  />
        </property>
        <property name="commend" type="java.lang.String">
            <column name="commend" length="10" />
        </property>
    </class>
</hibernate-mapping>
