<?xml version="1.0" encoding="utf-8"?>
<!DOCTYPE hibernate-mapping PUBLIC "-//Hibernate/Hibernate Mapping DTD 3.0//EN"
 "http://hibernate.sourceforge.net/hibernate-mapping-3.0.dtd">
<!-- 
    Mapping file autogenerated by MyEclipse Persistence Tools
-->
<hibernate-mapping>
    <class name="com.mr.model.Info" table="tb_info">
        <id name="id" type="java.lang.Integer">
            <column name="id" />
            <generator class="native" />
        </id>
        <property name="info_account" type="java.lang.String">
            <column name="info_account" length="50"/>
        </property>
        <property name="info_fromAccount" type="java.lang.String">
            <column name="info_fromAccount" length="50"/>
        </property>     
        <property name="info_content" type="java.lang.String">
            <column name="info_content" length="3000"/>
        </property>   
        <property name="info_sign" type="java.lang.Integer">
            <column name="info_sign"/>
        </property>                 
    </class>
</hibernate-mapping>
