<?xml version="1.0" encoding="utf-8"?>
<!DOCTYPE hibernate-mapping PUBLIC "-//Hibernate/Hibernate Mapping DTD 3.0//EN"
 "http://hibernate.sourceforge.net/hibernate-mapping-3.0.dtd">
<!-- 
    Mapping file autogenerated by MyEclipse Persistence Tools
-->
<hibernate-mapping>
    <class name="com.mr.model.PhotoInfo" table="tb_photo">
        <id name="id" type="java.lang.Integer">
            <column name="id" />
            <generator class="native" />
        </id>
        <property name="photoType" type="java.lang.String">
            <column name="photoType" length="50" not-null="true" />
        </property>
        <property name="photoName" type="java.lang.String">
            <column name="photoName" length="50" not-null="true" />
        </property>   
        <property name="photoAddress" type="java.lang.String">
            <column name="photoAddress" length="50" not-null="true" />
        </property>     
        <property name="photoVisit" type="java.lang.Integer">
            <column name="photoVisit" not-null="true" />
        </property>    
        <property name="author" type="java.lang.String">
            <column name="author" not-null="true" />
        </property>                
    </class>
</hibernate-mapping>