<?xml version="1.0" encoding="utf-8"?>
<!DOCTYPE hibernate-mapping PUBLIC "-//Hibernate/Hibernate Mapping DTD 3.0//EN"
 "http://hibernate.sourceforge.net/hibernate-mapping-3.0.dtd">
<!-- 
    Mapping file autogenerated by MyEclipse Persistence Tools
-->
<hibernate-mapping>
    <class name="com.mr.model.ReArticleInfo" table="tb_reArticle">
        <id name="id" type="java.lang.Integer">
            <column name="id" />
            <generator class="native" />
        </id>
        <property name="account" type="java.lang.String">
            <column name="account" length="50"  />
        </property>
        <property name="re_id" type="java.lang.Integer">
            <column name="re_id" length="50" />
        </property>
        <property name="content" type="java.lang.String">
            <column name="content" length="3000" />
        </property>
        <property name="re_time" type="java.lang.String">
            <column name="re_time" length="50"  />
        </property>       
    </class>
</hibernate-mapping>
