<?xml version="1.0" encoding="UTF-8"?>
<!DOCTYPE hibernate-mapping PUBLIC "-//Hibernate/Hibernate Mapping DTD 3.0//EN"
 "http://hibernate.sourceforge.net/hibernate-mapping-3.0.dtd">
<!-- 
    Mapping file autogenerated by MyEclipse Persistence Tools
-->
<hibernate-mapping>
    <class name="com.mr.model.UserInfo" table="tb_userInfo">
        <id name="id" type="int">
            <column name="id" />
            <generator class="native" />
        </id>
        <property name="account" type="string">
            <column name="account" not-null="true" />
        </property>
        <property name="password" type="string">
            <column name="password" not-null="true" />
        </property>
        <property name="realname" type="string">
            <column name="realname" not-null="true" />
        </property>
        <property name="email" type="string">
            <column name="email" not-null="true" />
        </property>
        <property name="sex" type="string">
            <column name="sex" not-null="true" />
        </property>     
        <property name="profession" type="string">
            <column name="profession" not-null="true" />
        </property>          
        <property name="tel" type="int">
            <column name="tel" not-null="true" />
        </property>
        <property name="address" type="string">
            <column name="address" not-null="true" />
        </property>
        <property name="homepage" type="string">
            <column name="homepage" not-null="true" />
        </property>
        <property name="qq" type="int">
            <column name="qq" not-null="true" />
        </property>
        <property name="headgif" type="string">
            <column name="headgif" not-null="true" />
        </property>
        <property name="freeze" type="string">
            <column name="freeze" not-null="true" />
        </property>
        <property name="artType" type="string">
            <column name="art_type"/>
        </property>
        <property name="picType" type="string">
            <column name="pic_type"/>
        </property>
        <property name="commend" type="string">
            <column name="commend"/>
        </property>
        <property name="vistor" type="int">
            <column name="vistor"/>
        </property>
        <property name="self" type="string">
            <column name="self" not-null="true" />
        </property>  
        <property name="friendType" type="string">
            <column name="friend_type"/>
        </property>               
    </class>
</hibernate-mapping>