<?xml version="1.0" encoding="UTF-8"?>
<!DOCTYPE beans PUBLIC "-//SPRING//DTD BEAN//EN" 
"http://www.springframework.org/dtd/spring-beans.dtd" >
<beans default-autowire="byName">	
	<!-- 教职工管理模块控制器 -->
	<bean id="EmployeeMethodNameResolver"
		class="org.springframework.web.servlet.mvc.multiaction.PropertiesMethodNameResolver">
		<property name="mappings">
			<props>
				<prop key="/courseEmployeeLoader.htm">
					assignCourse
				</prop>
				<prop key="/chargeEmployeeLoader.htm">
					assignCharge
				</prop>
				<prop key="/searchChargeEmployeeLoader.htm">
					searchCharge
				</prop>
				<prop key="/searchTeaCourseEmployeeLoader.htm">
					searchTeaCourse
				</prop>
			</props>
		</property>
	</bean>
	<bean id="EmployeeLoader"
		class="com.spring.controller.EmployeeLoader">
		<property name="dao">
			<ref bean="DAOProxy" />
		</property>
		<property name="methodNameResolver">
			<ref bean="EmployeeMethodNameResolver" />
		</property>
	</bean>
</beans>
