<?xml version="1.0" encoding="UTF-8"?>
<!DOCTYPE beans PUBLIC "-//SPRING//DTD BEAN//EN" 
"http://www.springframework.org/dtd/spring-beans.dtd" >
<beans>
	<bean id="dataSource" class="org.springframework.jdbc.datasource.DriverManagerDataSource">
		<property name="driverClassName">
			<value>com.microsoft.sqlserver.jdbc.SQLServerDriver</value>
		</property>
		<property name="url">
			<value>jdbc:sqlserver://192.168.1.199:1433;DatabaseName=db_school</value>
		</property>
		<property name="username">
			<value>sa</value>
		</property>
		<property name="password">
			<value>111</value>
		</property>
	</bean>
	<bean id="sessionFactory" class="org.springframework.orm.hibernate3.LocalSessionFactoryBean">	
		<property name="dataSource">			
			<ref local="dataSource" />
		</property>
		<property name="mappingDirectoryLocations">
			<list>
				<value>classpath:com/hibernate/model</value>
			</list>
		</property>
		<property name="hibernateProperties">
			<props>
				<prop key="hibernate.show_sql">true</prop>
			</props>
		</property>
	</bean>
	<bean id="transactionManager" class="org.springframework.orm.hibernate3.HibernateTransactionManager">
		<property name="sessionFactory">			
			<ref local="sessionFactory" />
		</property>
	</bean>

	<bean id="dao" class="com.hibernate.dao.DAOSupport">
		<property name="sessionFactory">
			<ref local="sessionFactory" />
		</property>
	</bean>
	<bean id="DAOProxy" class="org.springframework.transaction.interceptor.TransactionProxyFactoryBean">
		<property name="transactionManager">
			<ref bean="transactionManager" />
		</property>
		<property name="target">
			<ref local="dao" />
		</property>
		<property name="proxyTargetClass" value="true" />
		<property name="transactionAttributes">
			<props>
				<prop key="insert*">PROPAGATION_REQUIRED</prop>
				<prop key="get*">PROPAGATION_REQUIRED,readOnly</prop>
			</props>
		</property>
	</bean>
</beans>
