<?xml version="1.0" encoding="utf-8"?>
<!DOCTYPE hibernate-mapping PUBLIC "-//Hibernate/Hibernate Mapping DTD 3.0//EN"
"http://hibernate.sourceforge.net/hibernate-mapping-3.0.dtd">
<!-- 
    Mapping file autogenerated by MyEclipse Persistence Tools
-->
<hibernate-mapping>
    <class name="com.ascent.pojo.ProjectCategory" table="project_category" catalog="kjsb">
        <id name="categoryid" type="java.lang.Integer">
            <column name="categoryid" />
            <generator class="increment" />
        </id>
        <many-to-one name="expert" class="com.ascent.pojo.Expert" fetch="select">
            <column name="expertid">
                <comment>专家信息表ID</comment>
            </column>
        </many-to-one>
        <property name="categoryname" type="java.lang.String">
            <column name="categoryname" length="50" not-null="true">
                <comment>项目名称</comment>
            </column>
        </property>
        <property name="repStartTime" type="java.util.Date">
            <column name="rep_start_time" length="10">
                <comment>单位申报开始时间</comment>
            </column>
        </property>
        <property name="repStopTime" type="java.util.Date">
            <column name="rep_stop_time" length="10">
                <comment>单位申报结束时间</comment>
            </column>
        </property>
        <property name="expStartTime" type="java.util.Date">
            <column name="exp_start_time" length="10">
                <comment>专家审批开始时间</comment>
            </column>
        </property>
        <property name="expStopTime" type="java.util.Date">
            <column name="exp_stop_time" length="10">
                <comment>专家审批结束时间</comment>
            </column>
        </property>
        <set name="projects" inverse="true">
            <key>
                <column name="categoryid">
                    <comment>项目ID</comment>
                </column>
            </key>
            <one-to-many class="com.ascent.pojo.Project"/>
        </set>
        <set name="units" table="category_unit">
          <key column="categoryid"></key>
          <many-to-many class="com.ascent.pojo.Unit" column="unitid"></many-to-many>
        </set>
    </class>
</hibernate-mapping>
