<?xml version="1.0" encoding="utf-8"?>
<!DOCTYPE hibernate-mapping PUBLIC "-//Hibernate/Hibernate Mapping DTD 3.0//EN"
"http://hibernate.sourceforge.net/hibernate-mapping-3.0.dtd">
<!-- 
    Mapping file autogenerated by MyEclipse Persistence Tools
-->
<hibernate-mapping>
    <class name="com.ascent.pojo.Project" table="project" catalog="kjsb">
        <id name="projectId" type="java.lang.Integer">
            <column name="project_id" />
            <generator class="increment" />
        </id>
        <many-to-one name="unit" class="com.ascent.pojo.Unit" fetch="select">
            <column name="unitid">
                <comment>单位ID</comment>
            </column>
        </many-to-one>
        <many-to-one name="projectCategory" class="com.ascent.pojo.ProjectCategory" fetch="select">
            <column name="categoryid">
                <comment>项目ID</comment>
            </column>
        </many-to-one>
        <property name="applicant" type="java.lang.String">
            <column name="applicant" length="15">
                <comment>申请人</comment>
            </column>
        </property>
        <property name="grade" type="java.lang.String">
            <column name="grade" length="20">
                <comment>职称</comment>
            </column>
        </property>
        <property name="education" type="java.lang.String">
            <column name="education" length="20">
                <comment>学历</comment>
            </column>
        </property>
        <property name="fillDate" type="java.util.Date">
            <column name="fill_date" length="10">
                <comment>填报时间</comment>
            </column>
        </property>
        <property name="status" type="java.lang.String">
            <column name="status" length="1000">
                <comment>现状</comment>
            </column>
        </property>
        <property name="future" type="java.lang.String">
            <column name="future" length="1000">
                <comment>应用前景</comment>
            </column>
        </property>
        <property name="analysis" type="java.lang.String">
            <column name="analysis" length="500">
                <comment>重点难点分析</comment>
            </column>
        </property>
        <property name="way" type="java.lang.String">
            <column name="way" length="500">
                <comment>研究方法</comment>
            </column>
        </property>
        <property name="result" type="java.lang.String">
            <column name="result" length="500">
                <comment>预期研究成果</comment>
            </column>
        </property>
        <property name="projectname" type="java.lang.String">
            <column name="projectname" length="100">
                <comment>申请项目名称</comment>
            </column>
        </property>
        <property name="capital" type="java.lang.String">
            <column name="capital" length="20">
                <comment>申请资金</comment>
            </column>
        </property>
        <property name="expertOpinion" type="java.lang.String">
            <column name="expert_opinion" length="500">
                <comment>专家评审意见</comment>
            </column>
        </property>
        <property name="score" type="java.lang.Double">
            <column name="score" precision="5">
                <comment>专家评分</comment>
            </column>
        </property>
        <property name="ispass" type="java.lang.Integer">
            <column name="ispass">
                <comment>是否通过</comment>
            </column>
        </property>
        <property name="temp1" type="java.lang.String">
            <column name="temp1" length="100">
                <comment>预留字段1</comment>
            </column>
        </property>
        <property name="attribute58" type="java.lang.String">
            <column name="Attribute_58" length="100">
                <comment>预留字段2</comment>
            </column>
        </property>
        <property name="attribute59" type="java.lang.String">
            <column name="Attribute_59" length="100">
                <comment>预留字段3</comment>
            </column>
        </property>
        <property name="attribute60" type="java.lang.String">
            <column name="Attribute_60" length="100">
                <comment>预留字段4</comment>
            </column>
        </property>
    </class>
</hibernate-mapping>
