<?xml version="1.0" encoding="utf-8"?>
<!DOCTYPE hibernate-mapping PUBLIC "-//Hibernate/Hibernate Mapping DTD 3.0//EN"
"http://hibernate.sourceforge.net/hibernate-mapping-3.0.dtd">
<!-- 
    Mapping file autogenerated by MyEclipse Persistence Tools
-->
<hibernate-mapping>
    <class name="com.ascent.pojo.Unit" table="unit" catalog="kjsb">
        <id name="unitid" type="java.lang.Integer">
            <column name="unitid" />
            <generator class="increment" />
        </id>
        <many-to-one name="user" class="com.ascent.pojo.User" fetch="select" unique="true">
            <column name="uid">
                <comment>登录用户ID自增</comment>
            </column>
        </many-to-one>
        <property name="unitname" type="java.lang.String">
            <column name="unitname" length="50">
                <comment>单位名称</comment>
            </column>
        </property>
        <property name="address" type="java.lang.String">
            <column name="address" length="50">
                <comment>单位地址</comment>
            </column>
        </property>
        <property name="corporation" type="java.lang.String">
            <column name="corporation" length="20">
                <comment>单位法人</comment>
            </column>
        </property>
        <property name="investment" type="java.lang.String">
            <column name="investment" length="10">
                <comment>单位资产</comment>
            </column>
        </property>
        <property name="type" type="java.lang.String">
            <column name="type" length="20">
                <comment>单位性质</comment>
            </column>
        </property>
        <property name="tel" type="java.lang.String">
            <column name="tel" length="15">
                <comment>单位电话</comment>
            </column>
        </property>
        <property name="email" type="java.lang.String">
            <column name="email" length="30">
                <comment>单位邮箱</comment>
            </column>
        </property>
        <property name="fax" type="java.lang.String">
            <column name="fax" length="15">
                <comment>单位传真</comment>
            </column>
        </property>
        <property name="zipcode" type="java.lang.String">
            <column name="zipcode" length="6">
                <comment>单位邮编</comment>
            </column>
        </property>
        <property name="introduction" type="java.lang.String">
            <column name="introduction" length="65535">
                <comment>单位介绍</comment>
            </column>
        </property>
        <property name="temp1" type="java.lang.String">
            <column name="temp1" length="100">
                <comment>预留字段1</comment>
            </column>
        </property>
        <property name="temp2" type="java.lang.String">
            <column name="temp2" length="100">
                <comment>预留字段2</comment>
            </column>
        </property>
        <property name="temp3" type="java.lang.String">
            <column name="temp3" length="100">
                <comment>预留字段3</comment>
            </column>
        </property>
        <property name="temp4" type="java.lang.String">
            <column name="temp4" length="100">
                <comment>预留字段4</comment>
            </column>
        </property>
        <set name="projects" inverse="true">
            <key>
                <column name="unitid">
                    <comment>单位ID</comment>
                </column>
            </key>
            <one-to-many class="com.ascent.pojo.Project" />
        </set>
        <set name="categories" inverse="true" table="category_unit">
            <key>
                <column name="unitid">
                    <comment>单位ID</comment>
                </column>
            </key>
            <many-to-many class="com.ascent.pojo.ProjectCategory" column="categoryid"/>
        </set>
        
    </class>
</hibernate-mapping>
