<?xml version="1.0" encoding="utf-8"?>
<!DOCTYPE hibernate-mapping PUBLIC "-//Hibernate/Hibernate Mapping DTD 3.0//EN"
"http://hibernate.sourceforge.net/hibernate-mapping-3.0.dtd">
<!-- 
    Mapping file autogenerated by MyEclipse Persistence Tools
-->
<hibernate-mapping>
    <class name="com.ascent.pojo.Usergroup" table="usergroup" catalog="kjsb">
        <id name="gid" type="java.lang.Integer">
            <column name="gid" />
            <generator class="increment" />
        </id>
        <property name="gname" type="java.lang.String">
            <column name="gname" length="20" not-null="true">
                <comment>组类别名称</comment>
            </column>
        </property>
        <set name="users" inverse="true">
            <key>
                <column name="gid">
                    <comment>人员分组ID</comment>
                </column>
            </key>
            <one-to-many class="com.ascent.pojo.User" />
        </set>
    </class>
</hibernate-mapping>
