<?xml version="1.0" encoding="utf-8"?>
<!DOCTYPE hibernate-mapping PUBLIC "-//Hibernate/Hibernate Mapping DTD 3.0//EN"
"http://hibernate.sourceforge.net/hibernate-mapping-3.0.dtd">
<!-- 
    Mapping file autogenerated by MyEclipse Persistence Tools
-->
<hibernate-mapping>
    <class name="com.ascent.pojo.User" table="user" catalog="kjsb">
        <id name="uid" type="java.lang.Integer">
            <column name="uid" />
            <generator class="increment" />
        </id>
        <many-to-one name="usergroup" class="com.ascent.pojo.Usergroup" fetch="select">
            <column name="gid">
                <comment>人员分组ID</comment>
            </column>
        </many-to-one>
        <property name="username" type="java.lang.String">
            <column name="username" length="15" not-null="true">
                <comment>登录用户名</comment>
            </column>
        </property>
        <property name="password" type="java.lang.String">
            <column name="password" length="15" not-null="true">
                <comment>登录密码</comment>
            </column>
        </property>
        <one-to-one name="useradmin" class="com.ascent.pojo.Useradmin" property-ref="user" fetch="select" lazy="proxy"></one-to-one>
        <one-to-one name="expert" class="com.ascent.pojo.Expert" property-ref="user" lazy="proxy"></one-to-one>
        <one-to-one name="unit" class="com.ascent.pojo.Unit" property-ref="user" lazy="proxy"></one-to-one>
    </class>
</hibernate-mapping>
