<?xml version="1.0" encoding="utf-8"?>
<!DOCTYPE hibernate-mapping PUBLIC "-//Hibernate/Hibernate Mapping DTD 3.0//EN"
"http://hibernate.sourceforge.net/hibernate-mapping-3.0.dtd">
<!-- 
    Mapping file autogenerated by MyEclipse Persistence Tools
-->
<hibernate-mapping>
    <class name="com.ascent.pojo.Useradmin" table="useradmin" catalog="kjsb">
        <id name="aid" type="java.lang.Integer">
            <column name="aid" />
            <generator class="increment" />
        </id>
        <many-to-one name="user" class="com.ascent.pojo.User" fetch="select" unique="true">
            <column name="uid">
                <comment>登录用户ID自增</comment>
            </column>
        </many-to-one>
        <property name="aname" type="java.lang.String">
            <column name="aname" length="20" not-null="true">
                <comment>管理员名称</comment>
            </column>
        </property>
        <property name="deptname" type="java.lang.String">
            <column name="deptname" length="50">
                <comment>所属单位名称</comment>
            </column>
        </property>
    </class>
</hibernate-mapping>
