<?xml version='1.0' encoding='UTF-8'?>
<!DOCTYPE hibernate-configuration PUBLIC
          "-//Hibernate/Hibernate Configuration DTD 3.0//EN"
          "http://hibernate.sourceforge.net/hibernate-configuration-3.0.dtd">

<!-- Generated by MyEclipse Hibernate Tools.                   -->
<hibernate-configuration>

	<session-factory>
		<property name="connection.username">sa</property>
		<property name="connection.url">
			jdbc:microsoft:sqlserver://localhost:1433;database=Eatert_DB
		</property>
		<property name="dialect">
			org.hibernate.dialect.SQLServerDialect
		</property>
		<property name="myeclipse.connection.profile">data</property>
		<property name="connection.driver_class">
			com.microsoft.jdbc.sqlserver.SQLServerDriver
		</property>
		<property name="show_sql">true</property>
		<mapping resource="com/xaccp/po/ComplainInfo.hbm.xml" />
		<mapping resource="com/xaccp/po/FoodBigType.hbm.xml" />
		<mapping resource="com/xaccp/po/Credit.hbm.xml" />
		<mapping resource="com/xaccp/po/UserInfo.hbm.xml" />
		<mapping resource="com/xaccp/po/OrderInfo.hbm.xml" />
		<mapping resource="com/xaccp/po/EnterpriseInfo.hbm.xml" />
		<mapping resource="com/xaccp/po/FoodSmallType.hbm.xml" />
		<mapping resource="com/xaccp/po/FoodInfo.hbm.xml" />
		<mapping resource="com/xaccp/po/OrderAccessorily.hbm.xml" />
		<mapping resource="com/xaccp/po/ManageInfo.hbm.xml" />

	</session-factory>

</hibernate-configuration>