<?xml version="1.0" encoding="UTF-8" ?>

<!DOCTYPE sqlMap      
    PUBLIC "-//ibatis.apache.org//DTD SQL Map 2.0//EN"      
    "http://ibatis.apache.org/dtd/sql-map-2.dtd">
    
    

<sqlMap namespace="reim">
	<select id="reim-app" resultClass="com.cqedu.reim.bean.Reimapp">
		select runitid as runitid,runame as runame from t_reim_unit
	</select>
	
	<select id="query-reim-fee" resultClass="com.cqedu.reim.bean.Reimapp">
		select rdname as rdname from t_reim_detail a join t_reim_unit b
		on a.runitid=b.runitid where a.runitid=#runitid#
	</select>
	
	<select id="reim-fee-list" resultClass="com.cqedu.reim.bean.Reimapp">
		select rdetlid as rdetlid,rdname as rdname,rfeeshow as rfeeshow
		from t_reim_detail where runitid=#runitid# 
	</select>
	<select id="query-reim-applist" resultClass="com.cqedu.reim.bean.Reimapp">
		select rid as rid,rname as rname,rdate as rdate,rremark as rremark,
		rpname as rpname from t_reim_apply
	</select>

	<select id="check-reim-appr" resultClass="com.cqedu.reim.bean.Reimapp">
		select rid as rid,rtype as rtype,rpname as rpname,rsdate as rsdate,rsum as rsum,
		redate as redate,rproject as rproject,rremark as rremark,rpnum as rpnum,
		rinfo as rinfo,rdate as rdate from t_reim_apply where rid=#rid#
	</select>
	
	<insert id="insert-reim-apply" parameterClass="com.cqedu.reim.bean.Reimapp">
		insert into t_reim_apply(rname,rsdate,redate,rperiod,rproject,rsum,rpnum,rinfo,rremark)
		values(#rname#,#rsdate#,#redate#,#rperiod#,#rproject#,#rsum#,#rpnum#,#rinfo#,#rremark#)
	</insert>

	<update id="update-reim-detail" parameterClass="com.cqedu.reim.bean.Reimapp">
		update t_reim_detail set rfeeamount=#rfeeamount# where runitid=#runitid#
		and rdetlid=#rdetlid#
	</update>
		
	<select id="query-reim-flow" resultClass="com.cqedu.reim.bean.Reimapp">
		select fid as fid,fname as fname,ftype as ftype from t_flow
	</select>
	
	<select id="query-rappr-unit" resultClass="com.cqedu.reim.bean.Reimapp">
		select a.name as name,b.flowsequence as flowsequence from t_user a 
		join t_flowseq b on a.sid=b.sid 
		join t_flow c on b.fid=c.fid 
		where c.fid=#fid#
		order by flowsequence asc
	</select>
	

<!-- 	<update id="insert-reim-fid" parameterClass="com.cqedu.reim.bean.Reimapp">
		update t_reim_apply set fid=#fid# where rid=#appnum# 
	</update> -->
	
	<select id="query-rappr-his" resultClass="com.cqedu.reim.bean.Reimapp">
		select a.rano,c.name,a.radate,a.raidea,a.raagree from t_user c 
		join t_reim_appr_his a on c.id=a.id
		join t_reim_apply b on a.rid=b.rid where a.rid=#rid# order by rano asc
	</select>
	
	<update id="insert-reim-fid" parameterClass="com.cqedu.reim.bean.Reimapp">
		update t_reim_apply set fid=#fid# where rid=#rappsum#
	</update>
	
	<select id="select-reim-appnum" resultClass="com.cqedu.reim.bean.Reimapp">
		select count(rid) as rappsum from t_reim_apply
	</select>
	
	<insert id="insert-rappr-proc" parameterClass="com.cqedu.reim.bean.Reimapp">
		insert into t_reim_appr_his(radate,raidea,id,raagree) values(#radate#,#raidea#,#id#,#raagree#)
	</insert>
</sqlMap>