<?xml version="1.0"?>
<!DOCTYPE hibernate-mapping PUBLIC
	"-//Hibernate/Hibernate Mapping DTD//EN"
	"http://hibernate.sourceforge.net/hibernate-mapping-3.0.dtd" >
<hibernate-mapping package="com.portal.doccenter.entity">
	<class
		name="FlowDetail"
		table="tq_flow_detail"
	>
		<meta attribute="sync-DAO">false</meta>
		<id name="id" type="java.lang.Integer" column="detail_id"><generator class="identity"/></id>
		<property name="backInitial" column="back_initial" type="java.lang.Boolean" not-null="true"/>
		<property name="checked" column="is_checked" type="java.lang.Boolean" not-null="true"/>
		<property name="reason" column="reason" type="string" not-null="false" length="100"/>
		<property name="priority" column="priority" type="java.lang.Integer" not-null="true" length="10"/>
		<property name="createTime" column="create_time" type="timestamp" not-null="true" length="19"/>
		<many-to-one name="doc" column="doc_id" class="Article" not-null="true"></many-to-one>
		<many-to-one name="user" column="user_id" class="com.portal.usermgr.entity.User" not-null="true"></many-to-one>
		<many-to-one name="role" column="role_id" class="com.portal.usermgr.entity.Role" not-null="true"></many-to-one>
	</class>
</hibernate-mapping>