<?xml version="1.0" encoding="UTF-8"?>
<beans xmlns="http://www.springframework.org/schema/beans"
	xmlns:xsi="http://www.w3.org/2001/XMLSchema-instance"
	xsi:schemaLocation="http://www.springframework.org/schema/beans http://www.springframework.org/schema/beans/spring-beans-3.2.xsd"
	default-lazy-init="true">

	<bean id="captchaService"
		class="com.octo.captcha.service.multitype.GenericManageableCaptchaService">
		<description>验证码服务</description>
		<constructor-arg index="0">
			<ref bean="imageEngine" />
		</constructor-arg>
		<constructor-arg index="1">
			<value>300</value>
		</constructor-arg><!--超时时间 秒 -->
		<constructor-arg index="2">
			<value>20000</value>
		</constructor-arg><!--最大并发数 -->
		<constructor-arg index="3">
			<value>20000</value>
		</constructor-arg><!--第四个参数官网示例上没有给出，会报错，后来看了API才知道少了个参数 -->
	</bean>

	<bean id="imageEngine" class="com.octo.captcha.engine.GenericCaptchaEngine">
		<description>图片引擎</description>
		<constructor-arg index="0">
			<list>
				<ref bean="CaptchaFactory" />
			</list>
		</constructor-arg>
	</bean>

	<bean id="CaptchaFactory" class="com.octo.captcha.image.gimpy.GimpyFactory">
		<description>验证码工厂</description>
		<constructor-arg>
			<ref bean="wordgen" />
		</constructor-arg>
		<constructor-arg>
			<ref bean="wordtoimage" />
		</constructor-arg>
	</bean>

	<bean id="wordgen"
		class="com.octo.captcha.component.word.wordgenerator.RandomWordGenerator">
		<description>文字产生器，提供了好几种实现，经过比较选用了这种</description>
		<constructor-arg index="0">
			<value>0123456789</value>
		</constructor-arg>
	</bean>

	<bean id="wordtoimage"
		class="com.octo.captcha.component.image.wordtoimage.ComposedWordToImage">
		<description>图片生成器</description>
		<constructor-arg index="0">
			<ref bean="fontGenRandom" />
		</constructor-arg>
		<constructor-arg index="1">
			<ref bean="backGenUni" />
		</constructor-arg>
		<constructor-arg index="2">
			<ref bean="simpleWhitePaster" />
		</constructor-arg>
	</bean>

	<bean id="fontGenRandom"
		class="com.octo.captcha.component.image.fontgenerator.RandomFontGenerator">
		<description>文字转换图片</description>
		<constructor-arg index="0">
			<value>18</value>
		</constructor-arg><!--字体最小尺寸 -->
		<constructor-arg index="1">
			<value>18</value>
		</constructor-arg><!--字体最大尺寸 -->
		<constructor-arg index="2">
			<list>
				<bean class="java.awt.Font">
					<constructor-arg index="0"><value>黑体</value></constructor-arg>
					<constructor-arg index="1"><value>5</value></constructor-arg>
					<constructor-arg index="2"><value>18</value></constructor-arg>
				</bean>
			</list>
		</constructor-arg>
	</bean>

	<bean id="backGenUni"
		class="com.octo.captcha.component.image.backgroundgenerator.GradientBackgroundGenerator">
		<constructor-arg index="0">
			<value>50</value>
		</constructor-arg><!--背景图片宽度 -->
		<constructor-arg index="1">
			<value>22</value>
		</constructor-arg><!--背景图片高度 -->
		<constructor-arg type="java.awt.Color" index="2">
			<ref bean="colorGrey" />
		</constructor-arg>
		<constructor-arg type="java.awt.Color" index="3">
			<ref bean="colorGreen" />
		</constructor-arg>

	</bean>

	<bean id="simpleWhitePaster"
		class="com.octo.captcha.component.image.textpaster.SimpleTextPaster">
		<constructor-arg type="java.lang.Integer" index="0">
			<value>4</value><!--字符最少个数 -->
		</constructor-arg>
		<constructor-arg type="java.lang.Integer" index="1">
			<value>4</value><!--字符最多个数 -->
		</constructor-arg>
		<constructor-arg type="java.awt.Color" index="2">
			<ref bean="colorFont" />
		</constructor-arg>
	</bean>

	<bean id="colorGrey" class="java.awt.Color">
		<constructor-arg index="0" type="int">
			<value>200</value>
		</constructor-arg>
		<constructor-arg index="1" type="int">
			<value>255</value>
		</constructor-arg>
		<constructor-arg index="2" type="int">
			<value>200</value>
		</constructor-arg>
	</bean>
	<bean id="colorGreen" class="java.awt.Color">
		<constructor-arg index="0" type="int">
			<value>110</value>
		</constructor-arg>
		<constructor-arg index="1" type="int">
			<value>120</value>
		</constructor-arg>
		<constructor-arg index="2" type="int">
			<value>200</value>
		</constructor-arg>
	</bean>
	<bean id="colorFont" class="java.awt.Color">
		<constructor-arg index="0" type="int">
			<value>60</value>
		</constructor-arg>
		<constructor-arg index="1" type="int">
			<value>60</value>
		</constructor-arg>
		<constructor-arg index="2" type="int">
			<value>60</value>
		</constructor-arg>
	</bean>
</beans>