<?xml version="1.0" encoding="utf-8"?>
<!DOCTYPE hibernate-mapping PUBLIC "-//Hibernate/Hibernate Mapping DTD 3.0//EN"
"http://hibernate.sourceforge.net/hibernate-mapping-3.0.dtd">
<!-- 
    Mapping file autogenerated by MyEclipse Persistence Tools
-->
<hibernate-mapping>
    <class name="com.jwy.dto.Course" table="tb_course" catalog="db_database10">
        <id name="id" type="java.lang.Integer">
            <column name="id" />
            <generator class="native"></generator>
        </id>
        <property name="name" type="java.lang.String">
            <column name="name" length="40" not-null="true">
                <comment>课程名称</comment>
            </column>
        </property>
        <property name="schooltime" type="java.lang.String">
            <column name="schooltime" length="40" not-null="true">
                <comment>上课时间</comment>
            </column>
        </property>
        <property name="addr" type="java.lang.String">
            <column name="addr" length="50" not-null="true">
                <comment>上课地点</comment>
            </column>
        </property>
        <property name="credit" type="java.lang.Short">
            <column name="credit" precision="3" scale="0" not-null="true">
                <comment>课程学分</comment>
            </column>
        </property>
        <property name="courseInfo" type="java.lang.String">
            <column name="courseInfo" length="100" not-null="true">
                <comment>课程介绍</comment>
            </column>
        </property>
        <property name="teacherName" type="java.lang.String">
            <column name="teacherName" length="20" not-null="true">
                <comment>授课教师</comment>
            </column>
        </property>
        <property name="teacherInfo" type="java.lang.String">
            <column name="teacherInfo" length="100" not-null="true">
                <comment>教师介绍</comment>
            </column>
        </property>
        <property name="isFinish" type="java.lang.Boolean">
            <column name="isFinish" not-null="true">
                <comment>是否结课</comment>
            </column>
        </property>
        <property name="specialtyId" type="java.lang.Integer">
            <column name="specialtyId" not-null="true">
                <comment>专业编号</comment>
            </column>
        </property>
    </class>
</hibernate-mapping>
