<?xml version="1.0" encoding="utf-8"?>
<!DOCTYPE hibernate-mapping PUBLIC "-//Hibernate/Hibernate Mapping DTD 3.0//EN"
"http://hibernate.sourceforge.net/hibernate-mapping-3.0.dtd">
<!-- 
    Mapping file autogenerated by MyEclipse Persistence Tools
-->
<hibernate-mapping>
    <class name="com.jwy.dto.StuCourse" table="tb_stucourse" catalog="db_database10">
        <id name="id" type="java.lang.Integer">
            <column name="id" />
            <generator class="native"></generator>
        </id>
        <property name="stuId" type="java.lang.Integer">
            <column name="stuID" not-null="true">
                <comment>学生编号</comment>
            </column>
        </property>
        <property name="courseId" type="java.lang.Integer">
            <column name="courseID" not-null="true">
                <comment>课程编号</comment>
            </column>
        </property>
    </class>
</hibernate-mapping>
