<?xml version="1.0" encoding="utf-8"?>
<!DOCTYPE hibernate-mapping PUBLIC "-//Hibernate/Hibernate Mapping DTD 3.0//EN"
"http://hibernate.sourceforge.net/hibernate-mapping-3.0.dtd">
<!-- 
    Mapping file autogenerated by MyEclipse Persistence Tools
-->
<hibernate-mapping>
    <class name="com.jwy.dto.StuUser" table="tb_stuuser" catalog="db_database10">
        <id name="id" type="java.lang.Integer">
            <column name="id" />
            <generator class="assigned"></generator>
        </id>
        <property name="stuName" type="java.lang.String">
            <column name="stuName" length="20" not-null="true">
                <comment>学生姓名</comment>
            </column>
        </property>
        <property name="stuNo" type="java.lang.String">
            <column name="stuNo" length="15" not-null="true">
                <comment>学号</comment>
            </column>
        </property>
        <property name="specialtyId" type="java.lang.Integer">
            <column name="specialtyId" not-null="true">
                <comment>专业编号</comment>
            </column>
        </property>
        <property name="stuSex" type="java.lang.String">
            <column name="stuSex" length="2" not-null="true">
                <comment>性别</comment>
            </column>
        </property>
        <property name="birthday" type="java.lang.String">
            <column name="birthday" length="10" not-null="true">
                <comment>出生日期</comment>
            </column>
        </property>
        <property name="homeAddr" type="java.lang.String">
            <column name="homeAddr" length="50" not-null="true">
                <comment>家庭住址</comment>
            </column>
        </property>
        <property name="tel" type="java.lang.String">
            <column name="tel" length="20" not-null="true">
                <comment>联系电话</comment>
            </column>
        </property>
        <property name="addr" type="java.lang.String">
            <column name="addr" length="50" not-null="true">
                <comment>现住址</comment>
            </column>
        </property>
    </class>
</hibernate-mapping>
