<?xml version="1.0" encoding="UTF-8"?>
<!--
  - Middle tier application context definition for the image database.
  -->
<beans xmlns="http://www.springframework.org/schema/beans"
		xmlns:xsi="http://www.w3.org/2001/XMLSchema-instance"
		xmlns:context="http://www.springframework.org/schema/context"
		xmlns:tx="http://www.springframework.org/schema/tx"
		xsi:schemaLocation="http://www.springframework.org/schema/beans http://www.springframework.org/schema/beans/spring-beans-2.5.xsd
				http://www.springframework.org/schema/context http://www.springframework.org/schema/context/spring-context-2.5.xsd
				http://www.springframework.org/schema/tx http://www.springframework.org/schema/tx/spring-tx-2.5.xsd">

	<import resource="com/cqedu/maintenance/user/config/user-action.xml"></import>
	<bean id="AddUser" class="com.cqedu.maintenance.user.action.AddUser" scope="prototype">
		<property name="userservice" ref="userService"></property>
		<property name="userbean" ref="User"></property>
	</bean>
</beans>
