<?xml version="1.0"?>
<!DOCTYPE hibernate-mapping PUBLIC "-//Hibernate/Hibernate Mapping DTD//EN" "http://hibernate.sourceforge.net/hibernate-mapping-3.0.dtd">
<hibernate-mapping package="com.portal.usermgr.entity">
	<class name="AdminCheck" table="tq_admin_check">
		<meta attribute="sync-DAO">false</meta>
		<cache usage="read-write"/>
		<id name="id" type="java.lang.Integer" column="check_id"><generator class="identity"/></id>
		<property name="manageStatus" column="mng_status" type="java.lang.Byte" not-null="true" length="3"/>
		<many-to-one name="admin" column="admin_id" class="Admin" not-null="true"></many-to-one>
		<many-to-one name="site" column="site_id" class="com.portal.sysmgr.entity.Site" not-null="true"></many-to-one>
	</class>
</hibernate-mapping>