<?xml version="1.0"?>
<!DOCTYPE hibernate-mapping PUBLIC "-//Hibernate/Hibernate Mapping DTD//EN" "http://hibernate.sourceforge.net/hibernate-mapping-3.0.dtd">
<hibernate-mapping package="com.portal.usermgr.entity">
	<class name="Role" table="tq_role">
		<meta attribute="sync-DAO">false</meta>
		<cache usage="read-write"/>
		<id name="id" type="integer" column="role_id"><generator class="identity"/></id>
		<property name="name" column="name" type="string" not-null="true" length="50"/>
		<property name="priority" column="priority" type="integer" not-null="true" length="11"/>
		<property name="allPerm" column="is_all_perm" type="java.lang.Boolean" not-null="true"/>
		<one-to-one name="rolePerm" class="RolePerm" cascade="delete"/>
		<many-to-one name="site" column="site_id" class="com.portal.sysmgr.entity.Site" not-null="false"></many-to-one>
	</class>
</hibernate-mapping>