<?xml version="1.0"?>
<!DOCTYPE hibernate-mapping PUBLIC "-//Hibernate/Hibernate Mapping DTD//EN" "http://hibernate.sourceforge.net/hibernate-mapping-3.0.dtd">
<hibernate-mapping package="com.portal.usermgr.entity">
	<class name="RolePerm" table="tq_role_perm">
		<meta attribute="sync-DAO">false</meta>
		<cache usage="read-write"/>
		<id name="id" type="java.lang.Integer" column="role_id">
			<generator class="foreign"><param name="property">role</param></generator>
		</id>
		<property name="perms" column="perms" type="org.springframework.orm.hibernate3.support.ClobStringType" not-null="false"/>
		<one-to-one name="role" class="Role" constrained="true"/>
	</class>
</hibernate-mapping>