<?xml version="1.0"?>
<!DOCTYPE hibernate-mapping PUBLIC
	"-//Hibernate/Hibernate Mapping DTD//EN"
	"http://hibernate.sourceforge.net/hibernate-mapping-3.0.dtd" >
<hibernate-mapping package="com.portal.usermgr.entity">
	<class
		name="SiteMessageExt"
		table="TQ_SITE_MESSAGE_EXT"
	>
		<meta attribute="sync-DAO">false</meta>
		<cache usage="read-write"/>
		<id name="id" type="java.lang.Integer" column="message_id">
			<generator class="foreign"><param name="property">message</param></generator>
		</id>
		<property name="title" column="title" type="java.lang.String" not-null="false" length="30"/>
		<property name="content" column="content" type="java.lang.String" not-null="false"/>
		<one-to-one name="message" class="SiteMessage" constrained="true"/>
	</class>
</hibernate-mapping>