<?xml version="1.0"?>
<!DOCTYPE hibernate-mapping PUBLIC "-//Hibernate/Hibernate Mapping DTD//EN" "http://hibernate.sourceforge.net/hibernate-mapping-3.0.dtd">
<hibernate-mapping package="com.portal.usermgr.entity">
	<class name="User" table="tq_user">
		<meta attribute="sync-DAO">false</meta>
		<cache usage="read-write"/>
		<id name="id" type="java.lang.Integer" column="user_id"><generator class="identity"/></id>
		<property name="username" column="username" type="string" not-null="true" length="50"/>
		<property name="password" column="t_password" type="string" not-null="false" length="50"/>
		<property name="email" column="email" type="string" not-null="false" length="50"/>
		<property name="realName" column="real_name" type="string" not-null="false" length="50"/>
		<property name="phone" column="phone" type="string" not-null="false" length="20"/>
		<property name="mobile" column="mobile" type="string" not-null="false" length="20"/>
		<property name="status" column="t_status" type="java.lang.Byte" not-null="true" length="5"/>
		<one-to-one name="member" class="Member" cascade="delete"/>
		<one-to-one name="admin" class="Admin" cascade="delete"/>
		<one-to-one name="userForum" class="com.portal.extrafunc.entity.UserForum" cascade="delete"/>
	</class>
</hibernate-mapping>