<?xml version="1.0" encoding="UTF-8"?>
<shopxx>
	<description>SHOP++配置文件</description>
	<systemConfig>
		<systemName>SHOP++</systemName>
		<systemVersion>V2010</systemVersion>
		<systemDescription>SHOP++是基于JAVA技术的开源网店系统，主要应用于电子商务领域内的网上购物、网上交易、交易信息发布等系统的构建。致力于为个人和企业提供安全、稳定、高效、强大的电子商务解决方案，并推进国内电子商务技术和开源技术的发展而不断努力。</systemDescription>
		<isInstalled>false</isInstalled>
		<shopName>SHOP++体验商城</shopName>
		<shopUrl>http://www.shopxx.cn</shopUrl>
		<shopLogo>/upload/image/logo.gif</shopLogo>
		<hotSearch>儿童,牛仔裤,连衣裙,邦威,鞋,包,衬衫,裙,内衣,裤</hotSearch>
		<metaKeywords>SHOP++体验商城</metaKeywords>
		<metaDescription>SHOP++是基于JAVA技术的开源网店系统，主要应用于电子商务领域内的网上购物、网上交易、交易信息发布等系统的构建。致力于为个人和企业提供安全、稳定、高效、强大的电子商务解决方案，并推进国内电子商务技术和开源技术的发展而不断努力。</metaDescription>
		<address>湖南长沙经济技术开发区</address>
		<phone>400-8888888</phone>
		<zipCode>400000</zipCode>
		<email>admin@shopxx.net</email>
		<currencyType>CNY</currencyType>
		<currencySign>￥</currencySign>
		<currencyUnit>元</currencyUnit>
		<priceScale>2</priceScale>
		<priceRoundType>roundHalfUp</priceRoundType>
		<orderScale>2</orderScale>
		<orderRoundType>roundHalfUp</orderRoundType>
		<certtext>湘ICP备10000000号</certtext>
		<storeAlertCount>5</storeAlertCount>
		<storeFreezeTime>order</storeFreezeTime>
		<uploadLimit>1024</uploadLimit>
		<isLoginFailureLock>true</isLoginFailureLock>
		<loginFailureLockCount>5</loginFailureLockCount>
		<loginFailureLockTime>5</loginFailureLockTime>
		<isRegister>true</isRegister>
		<watermarkImagePath>/upload/image/watermark.jpg</watermarkImagePath>
		<watermarkPosition>bottomRight</watermarkPosition>
		<watermarkAlpha>50</watermarkAlpha>
		<bigProductImageWidth>500</bigProductImageWidth>
		<bigProductImageHeight>500</bigProductImageHeight>
		<smallProductImageWidth>300</smallProductImageWidth>
		<smallProductImageHeight>300</smallProductImageHeight>
		<thumbnailProductImageWidth>140</thumbnailProductImageWidth>
		<thumbnailProductImageHeight>140</thumbnailProductImageHeight>
		<defaultBigProductImagePath>/upload/image/default_big_product_image.jpg</defaultBigProductImagePath>
		<defaultSmallProductImagePath>/upload/image/default_small_product_image.jpg</defaultSmallProductImagePath>
		<defaultThumbnailProductImagePath>/upload/image/default_thumbnail_product_image.jpg</defaultThumbnailProductImagePath>
		<allowedUploadImageExtension>jpg,jpge,bmp,gif,png</allowedUploadImageExtension>
		<allowedUploadMediaExtension></allowedUploadMediaExtension>
		<allowedUploadFileExtension></allowedUploadFileExtension>
		<smtpFromMail>test@shopxx.net</smtpFromMail>
		<smtpHost>smtp.shopxx.net</smtpHost>
		<smtpPort>25</smtpPort>
		<smtpUsername>test</smtpUsername>
		<smtpPassword>test</smtpPassword>
		<pointType>orderAmount</pointType>
		<pointScale>1</pointScale>
	</systemConfig>
</shopxx>