<?xml version="1.0"?>
<!DOCTYPE hibernate-mapping PUBLIC
	"-//Hibernate/Hibernate Mapping DTD//EN"
	"http://hibernate.sourceforge.net/hibernate-mapping-3.0.dtd" >

<hibernate-mapping package="com.jeecms.auxiliary.entity">
	<class
		name="Msg"
		table="AUXI_MSG"
	>
		<meta attribute="sync-DAO">false</meta>
		<cache usage="read-write"/>
		<id
			name="id"
			type="java.lang.Long"
			column="MSG_ID"
		>
			<generator class="native"/>
		</id>

		<property
			name="title"
			column="TITLE"
			type="string"
			not-null="false"
			length="200"
		/>
		<property
			name="contentMember"
			column="CONTENT_MEMBER"
			type="string"
			not-null="false"
		/>
		<property
			name="contentAdmin"
			column="CONTENT_ADMIN"
			type="string"
			not-null="false"
		/>
		<property
			name="email"
			column="EMAIL"
			type="string"
			not-null="false"
			length="100"
		/>
		<property
			name="phone"
			column="PHONE"
			type="string"
			not-null="false"
			length="100"
		/>
		<property
			name="qq"
			column="QQ"
			type="string"
			not-null="false"
			length="50"
		/>
		<property
			name="ip"
			column="IP"
			type="string"
			not-null="false"
			length="20"
		/>
		<property
			name="createTime"
			column="CREATE_TIME"
			type="timestamp"
			not-null="false"
		/>
		<property
			name="replyTime"
			column="REPLY_TIME"
			type="timestamp"
			not-null="false"
		/>
		<property
			name="check"
			column="IS_CHECK"
			type="java.lang.Boolean"
			not-null="true"
		/>
		<property
			name="recommend"
			column="IS_RECOMMEND"
			type="java.lang.Boolean"
			not-null="true"
		/>
		<property
			name="disabled"
			column="IS_DISABLED"
			type="java.lang.Boolean"
			not-null="true"
		/>
		<many-to-one
			name="ctg"
			column="MSGCTG_ID"
			class="MsgCtg"
			not-null="true"
		>
		</many-to-one>
		<many-to-one
			name="website"
			column="WEBSITE_ID"
			class="com.jeecms.core.entity.Website"
			not-null="true"
		>
		</many-to-one>
		<many-to-one
			name="config"
			column="CONFIG_ID"
			class="AuxiConfig"
			not-null="true"
		>
		</many-to-one>
		<many-to-one
			name="admin"
			column="ADMIN_ID"
			class="com.jeecms.core.entity.Admin"
			not-null="false"
		>
		</many-to-one>
		<many-to-one
			name="member"
			column="MEMBER_ID"
			class="com.jeecms.core.entity.Member"
			not-null="false"
		>
		</many-to-one>
	</class>	
</hibernate-mapping>