<?xml version="1.0" encoding="UTF-8"?>

<beans xmlns="http://www.springframework.org/schema/beans"
	xmlns:xsi="http://www.w3.org/2001/XMLSchema-instance"
	xmlns:aop="http://www.springframework.org/schema/aop"
	xmlns:tx="http://www.springframework.org/schema/tx"
	xsi:schemaLocation="http://www.springframework.org/schema/beans http://www.springframework.org/schema/beans/spring-beans-2.0.xsd
           http://www.springframework.org/schema/aop http://www.springframework.org/schema/aop/spring-aop-2.0.xsd
           http://www.springframework.org/schema/tx http://www.springframework.org/schema/tx/spring-tx-2.0.xsd">
	<bean id="dataSource" class="org.springframework.jdbc.datasource.DriverManagerDataSource">
		<property name="driverClassName">
			<value>net.sourceforge.jtds.jdbc.Driver</value>
		</property>
		<property name="url">
			<value>jdbc:jtds:sqlserver://localhost:1433/bmsh</value>
		</property>
		<property name="username">
			<value>sa</value>
		</property>
		<property name="password">
			<value>yourgame</value>
		</property>
	</bean>
	<bean id="sqlMapClient" class="org.springframework.orm.ibatis.SqlMapClientFactoryBean">
		<property name="configLocation">
			<value>classpath:SqlMapConfig.xml</value>
		</property>
		<property name="dataSource">
			<ref local="dataSource" />
		</property>
	</bean>

	<bean id="transactionManager"
		class="org.springframework.jdbc.datasource.DataSourceTransactionManager">
		<property name="dataSource" ref="dataSource" />
	</bean>

	<tx:advice id="txAdvice" transaction-manager="transactionManager">
		<tx:attributes>
			<tx:method name="save*" propagation="REQUIRED" />
			<tx:method name="del*" propagation="REQUIRED" />
			<tx:method name="update*" propagation="REQUIRED" />
			<tx:method name="*" read-only="true" />
		</tx:attributes>
	</tx:advice>

	<aop:config>
		<aop:pointcut id="allManagerMethod"
			expression="execution(* com.lhq.prj.bms.service.impl.*.*(..))" />
		<aop:advisor advice-ref="txAdvice" pointcut-ref="allManagerMethod" />
	</aop:config>
</beans>
