<?xml version="1.0" encoding="UTF-8"?>
<beans xmlns="http://www.springframework.org/schema/beans"
	     xmlns:xsi="http://www.w3.org/2001/XMLSchema-instance"
	     xmlns:aop="http://www.springframework.org/schema/aop"
	     xmlns:tx="http://www.springframework.org/schema/tx"
	     xsi:schemaLocation="http://www.springframework.org/schema/beans http://www.springframework.org/schema/beans/spring-beans-2.0.xsd
           http://www.springframework.org/schema/aop http://www.springframework.org/schema/aop/spring-aop-2.0.xsd
           http://www.springframework.org/schema/tx http://www.springframework.org/schema/tx/spring-tx-2.0.xsd">


	<!-- 定义事务管理器 -->
	<bean id="txManager"
		class="org.springframework.orm.hibernate3.HibernateTransactionManager">
		<property name="sessionFactory" ref="sessionFactory" />
	</bean>

	<!-- 定义事务通知 -->
	<tx:advice id="txAdvice" transaction-manager="txManager">
		<!-- 声明事务规则 -->
		<tx:attributes>
			<tx:method name="add*" propagation="REQUIRED" />
			<tx:method name="insert*" propagation="REQUIRED" />
			<tx:method name="del*" propagation="REQUIRED" />
			<tx:method name="update*" propagation="REQUIRED" />
			<tx:method name="find*" propagation="REQUIRED" />
			<tx:method name="load*" propagation="REQUIRED" read-only="true"/>
			<tx:method name="*" propagation="REQUIRED"/>
		</tx:attributes>
	</tx:advice>

	<aop:config>
		<!-- 定义切面（定义哪些方法应用这些规则） -->
		<aop:pointcut id="bizMethods"
			expression="execution(* com.accp.myoa.service.impl.*.*(..))" />
		<!-- 将事务和切面组合 -->
		<aop:advisor advice-ref="txAdvice" pointcut-ref="bizMethods" />
	</aop:config>
</beans>
