<?xml version="1.0" encoding="UTF-8"?>
<!--
  - Middle tier application context definition for the image database.
  -->
<beans xmlns="http://www.springframework.org/schema/beans"
		xmlns:xsi="http://www.w3.org/2001/XMLSchema-instance"
		xmlns:context="http://www.springframework.org/schema/context"
		xmlns:tx="http://www.springframework.org/schema/tx"
		xsi:schemaLocation="http://www.springframework.org/schema/beans http://www.springframework.org/schema/beans/spring-beans-2.5.xsd
				http://www.springframework.org/schema/context http://www.springframework.org/schema/context/spring-context-2.5.xsd
				http://www.springframework.org/schema/tx http://www.springframework.org/schema/tx/spring-tx-2.5.xsd">

	<bean id="dataSource" class="com.mchange.v2.c3p0.ComboPooledDataSource">
		<property name="user" value="test"></property>
		<property name="password" value="123456"></property>
		<property name="jdbcUrl" value="jdbc:oracle:thin:@localhost:1521:orcl"></property>
		<property name="driverClass" value="oracle.jdbc.driver.OracleDriver"></property>
	</bean>
	
	<bean id="tranManager" class="org.springframework.jdbc.datasource.DataSourceTransactionManager">
		<property name="dataSource" ref="dataSource"></property>
	</bean>
	
	<bean id="tranProxy" class="org.springframework.transaction.interceptor.TransactionProxyFactoryBean" abstract="true">
		<property name="transactionAttributes">
			<props>
				<prop key="query*">PROPAGATION_REQUIRED,readOnly</prop>
				<prop key="*">PROPAGATION_REQUIRED</prop>
			</props>
		</property>
		
		<property name="transactionManager" ref="tranManager"></property>
	</bean>
	
	<bean id="ibatisTemplate" class="org.springframework.orm.ibatis.SqlMapClientTemplate">
		<property name="sqlMapClient" ref="sqlMap"></property>
	</bean>
	
	<bean id="sqlMap" class="org.springframework.orm.ibatis.SqlMapClientFactoryBean">
		<property name="dataSource" ref="dataSource"></property>
		<property name="configLocations">
			<list>
				<value>classpath:com/cqedu/common/config/SqlMapConfig.xml</value>
			</list>
		</property>
	</bean>
	
	
	
</beans>
