<?xml version="1.0" encoding="UTF-8"?>
<!--
  - Middle tier application context definition for the image database.
  -->
<beans xmlns="http://www.springframework.org/schema/beans"
		xmlns:xsi="http://www.w3.org/2001/XMLSchema-instance"
		xmlns:context="http://www.springframework.org/schema/context"
		xmlns:tx="http://www.springframework.org/schema/tx"
		xsi:schemaLocation="http://www.springframework.org/schema/beans http://www.springframework.org/schema/beans/spring-beans-2.5.xsd
				http://www.springframework.org/schema/context http://www.springframework.org/schema/context/spring-context-2.5.xsd
				http://www.springframework.org/schema/tx http://www.springframework.org/schema/tx/spring-tx-2.5.xsd">

	<bean id="UserService" class="com.cqedu.budget.applist.service.impl.UserServiceImpl" parent="commonService">
	</bean>

	
	<bean id="commonService" class="com.cqedu.budget.applist.common.service.impl.CommonServiceImpl">
		<property name="ibatisTemplate" ref="ibatisTemplate"></property>
	</bean>
	
	
	<bean id="Budgetapp" class="com.cqedu.budget.applist.bean.Budgetapp"></bean>
	


</beans>
