<?xml version="1.0"?>
<!DOCTYPE hibernate-mapping PUBLIC "-//Hibernate/Hibernate Mapping DTD 3.0//EN"
"http://hibernate.sourceforge.net/hibernate-mapping-3.0.dtd">
<!-- 
    Mapping file autogenerated by MyEclipse - Hibernate Tools
-->
<hibernate-mapping>
    <class name="po.Tcharge" table="TCHARGE" schema="SCOTT">
        <id name="chargeCode" type="java.lang.String">
            <column name="CHARGE_CODE" length="20" />
            <generator class="increment" />
        </id>
        <property name="chargeName" type="java.lang.String">
            <column name="CHARGE_NAME" length="10" />
        </property>
        <property name="charge" type="java.lang.Double">
            <column name="CHARGE" precision="6" />
        </property>
        <set name="tchargeRules" inverse="true">
            <key>
                <column name="CHARGE_CODE" length="10" />
            </key>
            <one-to-many class="po.TchargeRule" />
        </set>
    </class>
</hibernate-mapping>
