<?xml version="1.0"?>
<!DOCTYPE hibernate-mapping PUBLIC "-//Hibernate/Hibernate Mapping DTD 3.0//EN"
"http://hibernate.sourceforge.net/hibernate-mapping-3.0.dtd">
<!-- 
    Mapping file autogenerated by MyEclipse - Hibernate Tools
-->
<hibernate-mapping>
    <class name="po.TchargeRule" table="TCHARGE_RULE" schema="SCOTT">
        <composite-id name="id" class="po.TchargeRuleId">
            <key-property name="funcId" type="java.lang.String">
                <column name="FUNC_ID" length="10" />
            </key-property>
            <key-many-to-one name="tcharge" class="po.Tcharge">
                <column name="CHARGE_CODE" length="10" />
            </key-many-to-one>
            <key-property name="funcName" type="java.lang.String">
                <column name="FUNC_NAME" length="20" />
            </key-property>
        </composite-id>
        <many-to-one name="tcharge" class="po.Tcharge" update="false" insert="false" fetch="select">
            <column name="CHARGE_CODE" length="10" />
        </many-to-one>
    </class>
</hibernate-mapping>
