<?xml version="1.0"?>
<!DOCTYPE hibernate-mapping PUBLIC "-//Hibernate/Hibernate Mapping DTD 3.0//EN"
"http://hibernate.sourceforge.net/hibernate-mapping-3.0.dtd">
<!-- 
    Mapping file autogenerated by MyEclipse - Hibernate Tools
-->
<hibernate-mapping>
    <class name="po.Tcustomer" table="TCUSTOMER" schema="SCOTT">
        <id name="customerId" type="java.lang.Long">
            <column name="CUSTOMER_ID" precision="8" scale="0" />
            <generator class="increment" />
        </id>
        <property name="idType" type="java.lang.String">
            <column name="ID_TYPE" length="10" />
        </property>
        <property name="idNumber" type="java.lang.String">
            <column name="ID_NUMBER" length="20" />
        </property>
        <property name="customerName" type="java.lang.String">
            <column name="CUSTOMER_NAME" length="20" />
        </property>
        <property name="customerBirtyday" type="java.lang.String">
            <column name="CUSTOMER_BIRTYDAY" length="50" />
        </property>
        <property name="customerSex" type="java.lang.String">
            <column name="CUSTOMER_SEX" length="20" />
        </property>
        <property name="customerAddress" type="java.lang.String">
            <column name="CUSTOMER_ADDRESS" length="50" />
        </property>
        <set name="tusers" inverse="true">
            <key>
                <column name="CUSTOMER_ID" precision="20" scale="0" />
            </key>
            <one-to-many class="po.Tuser" />
        </set>
    </class>
</hibernate-mapping>
