<?xml version="1.0"?>
<!DOCTYPE hibernate-mapping PUBLIC "-//Hibernate/Hibernate Mapping DTD 3.0//EN"
"http://hibernate.sourceforge.net/hibernate-mapping-3.0.dtd">
<!-- 
    Mapping file autogenerated by MyEclipse - Hibernate Tools
-->
<hibernate-mapping>
    <class name="po.Tmobiles" table="TMOBILES" schema="SCOTT">
        <id name="mobileNumber" type="java.lang.String">
            <column name="MOBILE_NUMBER" length="11" />
            <generator class="assigned" />
        </id>
        <property name="mobileType" type="java.lang.String">
            <column name="MOBILE_TYPE" length="20" />
        </property>
        <property name="cardNumber" type="java.lang.String">
            <column name="CARD_NUMBER" length="20" />
        </property>
        <property name="isAvailable" type="java.lang.String">
            <column name="IS_AVAILABLE" length="20" />
        </property>
        <set name="tusers" inverse="true">
            <key>
                <column name="MOBILE_NUMBER" length="11" />
            </key>
            <one-to-many class="po.Tuser" />
        </set>
    </class>
</hibernate-mapping>
