<?xml version="1.0"?>
<!DOCTYPE hibernate-mapping PUBLIC "-//Hibernate/Hibernate Mapping DTD 3.0//EN"
"http://hibernate.sourceforge.net/hibernate-mapping-3.0.dtd">
<!-- 
    Mapping file autogenerated by MyEclipse - Hibernate Tools
-->
<hibernate-mapping>
    <class name="po.Toperator" table="TOPERATOR" schema="SCOTT">
        <id name="operatorId" type="java.lang.Long">
            <column name="OPERATOR_ID" precision="8" scale="0" />
            <generator class="assigned" />
        </id>
        <property name="operatorName" type="java.lang.String">
            <column name="OPERATOR_NAME" length="20" />
        </property>
        <property name="operatorPwd" type="java.lang.String">
            <column name="OPERATOR_PWD" length="20" />
        </property>
        <property name="isAdmin" type="java.lang.Long">
            <column name="IS_ADMIN" precision="22" scale="0" />
        </property>
    </class>
</hibernate-mapping>
