<?xml version="1.0"?>
<!DOCTYPE hibernate-mapping PUBLIC "-//Hibernate/Hibernate Mapping DTD 3.0//EN"
"http://hibernate.sourceforge.net/hibernate-mapping-3.0.dtd">
<!-- 
    Mapping file autogenerated by MyEclipse - Hibernate Tools
-->
<hibernate-mapping>
    <class name="po.Tuser" table="TUSER" schema="SCOTT">
        <id name="userId" type="java.lang.Long">
            <column name="USER_ID" precision="8" scale="0" />
            <generator class="increment" />
        </id>
        <many-to-one name="tmobiles" class="po.Tmobiles" fetch="select">
            <column name="MOBILE_NUMBER" length="11" />
        </many-to-one>
        <many-to-one name="tcustomer" class="po.Tcustomer" fetch="select">
            <column name="CUSTOMER_ID" precision="20" scale="0" />
        </many-to-one>
        <property name="roamingStatus" type="java.lang.String">
            <column name="ROAMING_STATUS" length="20" />
        </property>
        <property name="comLevel" type="java.lang.String">
            <column name="COM_LEVEL" length="20" />
        </property>
    </class>
</hibernate-mapping>
