<?xml version='1.0' encoding='UTF-8'?>
<!DOCTYPE hibernate-configuration PUBLIC
          "-//Hibernate/Hibernate Configuration DTD 3.0//EN"
          "http://hibernate.sourceforge.net/hibernate-configuration-3.0.dtd">

<!-- Generated by MyEclipse Hibernate Tools.                   -->
<hibernate-configuration>

	<session-factory>
		<property name="connection.username">sa</property>
		<property name="connection.url">
			jdbc:microsoft:sqlserver://localhost:1433
		</property>
		<property name="dialect">
			org.hibernate.dialect.SQLServerDialect
		</property>
		<property name="myeclipse.connection.profile">
			DBConnection
		</property>
		<property name="connection.driver_class">
			com.microsoft.jdbc.sqlserver.SQLServerDriver
		</property>
		<property name="show_sql">true</property>
		<mapping resource="com/po/BillInfo.hbm.xml" />
		<mapping resource="com/po/CustomerInfo.hbm.xml" />
		<mapping resource="com/po/AfficheInfo.hbm.xml" />
		<mapping resource="com/po/TruckLog.hbm.xml" />
		<mapping resource="com/po/RoleInfo.hbm.xml" />
		<mapping resource="com/po/DriverInfo.hbm.xml" />
		<mapping resource="com/po/SystemLog.hbm.xml" />
		<mapping resource="com/po/TruckInfo.hbm.xml" />
		<mapping resource="com/po/BillState.hbm.xml" />
		<mapping resource="com/po/TruckModel.hbm.xml" />
		<mapping resource="com/po/TrafficLog.hbm.xml" />
		<mapping resource="com/po/DepartmentInfo.hbm.xml" />
		<mapping resource="com/po/CargoInfo.hbm.xml" />
		<mapping resource="com/po/BranchInfo.hbm.xml" />
		<mapping resource="com/po/UserInfo.hbm.xml" />
		<mapping resource="com/po/CargoVector.hbm.xml" />
		<mapping resource="com/po/Operation.hbm.xml" />

	</session-factory>

</hibernate-configuration>