<?xml version="1.0"?>
<!DOCTYPE hibernate-mapping PUBLIC 
    "-//Hibernate/Hibernate Mapping DTD 3.0//EN"
    "http://hibernate.sourceforge.net/hibernate-mapping-3.0.dtd">
    <hibernate-mapping>
       <class name="com.hiernate.persistence.Placard" table="tb_Placard" lazy="false">
          <id name="id" column="Id" type="int" >
             <generator class="increment"/>
          </id>
          <property name="subject" column="subject" type="string"/>
          <property name="person" column="person" type="string"/>
          <property name="DDate" column="DDate" type="date"/>
          <property name="content" column="content" type="string"/>
         </class>
    </hibernate-mapping>