<?xml version="1.0"?>
<!DOCTYPE hibernate-mapping PUBLIC 
    "-//Hibernate/Hibernate Mapping DTD 3.0//EN"
    "http://hibernate.sourceforge.net/hibernate-mapping-3.0.dtd">
    <hibernate-mapping>
       <class name="com.hiernate.persistence.Qiye" table="tb_qiye" lazy="false">
          <id name="id" column="Id" type="int" >
             <generator class="increment"/>
          </id>
          <property name="riqi" column="riqi" type="date"/>
          <property name="title" column="title" type="string"/>
          <property name="content" column="content" type="string"/>
          <property name="name1" column="name1" type="string"/>
         </class>
    </hibernate-mapping>