<?xml version="1.0"?>
<!DOCTYPE hibernate-mapping PUBLIC 
    "-//Hibernate/Hibernate Mapping DTD 3.0//EN"
    "http://hibernate.sourceforge.net/hibernate-mapping-3.0.dtd">
    <hibernate-mapping>
       <class name="com.hiernate.persistence.Shenhe" table="tb_Shehe" lazy="false">
          <id name="id" column="Id" type="int" >
             <generator class="increment"/>
          </id>
          <property name="shen" column="shen" type="string"/>
          <property name="title" column="title" type="string"/>
          <property name="content" column="content" type="string"/>
          <property name="time1" column="time1" type="date"/>
       </class>
    </hibernate-mapping>