<?xml version='1.0' encoding='UTF-8'?>
<!DOCTYPE hibernate-configuration PUBLIC
          "-//Hibernate/Hibernate Configuration DTD 3.0//EN"
          "http://hibernate.sourceforge.net/hibernate-configuration-3.0.dtd">

<!-- Generated by MyEclipse Hibernate Tools.                   -->
<hibernate-configuration>

	<session-factory>
		<property name="connection.username">root</property>
		<property name="connection.url">jdbc:mysql://127.0.0.1/bookstore?useUnicode=true&amp;characterEncoding=gbk</property>
		<property name="dialect">org.hibernate.dialect.MySQLDialect</property>
		<property name="connection.password">root</property>
		<property name="connection.driver_class">com.mysql.jdbc.Driver</property>
		<property name="hibernate.show_sql">true</property>
		<property name="hibernate.transaction.factory_class">org.hibernate.transaction.JDBCTransactionFactory</property>
		<mapping resource="/bookstore/database/Bookinfo.hbm.xml" />
		<mapping resource="/bookstore/database/Order.hbm.xml" />
		<mapping resource="/bookstore/database/Rebate.hbm.xml" />
		<mapping resource="/bookstore/database/Remark.hbm.xml" />
		<mapping resource="/bookstore/database/Userinfo.hbm.xml" />
	</session-factory>

</hibernate-configuration>
