<?xml version="1.0" encoding="UTF-8"?>
<beans:beans xmlns="http://www.springframework.org/schema/security"
	xmlns:beans="http://www.springframework.org/schema/beans" xmlns:xsi="http://www.w3.org/2001/XMLSchema-instance"
	xsi:schemaLocation="http://www.springframework.org/schema/beans
           http://www.springframework.org/schema/beans/spring-beans-3.1.xsd
           http://www.springframework.org/schema/security
           http://www.springframework.org/schema/security/spring-security-3.1.xsd">
	<http access-decision-manager-ref="myAccessDecisionManager"
		entry-point-ref="authenticationProcessingFilterEntryPoint"
		access-denied-page="/admin/notPopedom.@suffix@">
		<custom-filter ref="myFilter" before="FILTER_SECURITY_INTERCEPTOR" />
		<custom-filter ref="authenticationProcessingFilter"
			before="FORM_LOGIN_FILTER" />
		<custom-filter ref="myLogoutFilter" before="LOGOUT_FILTER" />
	</http>
	<beans:bean id="myFilter"
		class="com.vijun.core.util.security.support.MyFilterSecurityInterceptor">
		<beans:property name="authenticationManager" ref="authenticationManager" />
		<beans:property name="accessDecisionManager" ref="myAccessDecisionManager" />
		<beans:property name="securityMetadataSource" ref="mySecurityMetadataSource" />
	</beans:bean>
	<authentication-manager alias="authenticationManager">
		<authentication-provider user-service-ref="userDetailServiceImpl">
			<password-encoder ref="myMD5Encryption" />
		</authentication-provider>
	</authentication-manager>
	<beans:bean id="authenticationProcessingFilter"
		class="com.vijun.core.util.security.support.MyUsernamePasswordAuthenticationFilter">
		<beans:property name="usernameParameter" value="userName" />
		<beans:property name="passwordParameter" value="password" />
		<beans:property name="authenticationManager" ref="authenticationManager" />
		<beans:property name="authenticationSuccessHandler">
			<beans:bean
				class="org.springframework.security.web.authentication.SavedRequestAwareAuthenticationSuccessHandler">
				<beans:property name="defaultTargetUrl" value="/admin/index.@suffix@" />
				<beans:property name="alwaysUseDefaultTargetUrl" value="true" />
			</beans:bean>
		</beans:property>
		
		<beans:property name="authenticationFailureHandler"
			ref="authenticationFailureHandler" />
		<beans:property name="filterProcessesUrl" value="/admin/loginUser.@suffix@" />
	</beans:bean>
	<beans:bean id="authenticationProcessingFilterEntryPoint"
		class="org.springframework.security.web.authentication.LoginUrlAuthenticationEntryPoint">
		<beans:property name="loginFormUrl" value="/admin/loginTimeout.@suffix@" />
		<beans:property name="forceHttps" value="false" />
	</beans:bean>
	<beans:bean id="authenticationFailureHandler"
		class="org.springframework.security.web.authentication.SimpleUrlAuthenticationFailureHandler">
		<beans:property name="defaultFailureUrl" value="/admin/login.@suffix@?error=1" />
	</beans:bean>
	<beans:bean id="mySecurityMetadataSource"
		class="com.vijun.core.util.security.support.MyInvocationSecurityMetadataSourceService" />
	<beans:bean id="myLogoutFilter"
		class="org.springframework.security.web.authentication.logout.LogoutFilter">
		<beans:constructor-arg type="java.lang.String"
			value="/admin/login.@suffix@" />
		<beans:constructor-arg>
			<beans:list>
				<beans:ref bean="mySecurityContextLogoutHandler" />
			</beans:list>
		</beans:constructor-arg>
		<beans:property name="filterProcessesUrl" value="/admin/logout.@suffix@" />
	</beans:bean>
</beans:beans>
