<?xml version="1.0" encoding="utf-8"?>
<!DOCTYPE hibernate-mapping PUBLIC "-//Hibernate/Hibernate Mapping DTD 3.0//EN"
"http://hibernate.sourceforge.net/hibernate-mapping-3.0.dtd">
<!-- 
    Mapping file autogenerated by MyEclipse Persistence Tools
-->
<hibernate-mapping>
    <class name="com.java.Annum" table="ANNUM" schema="WSW">
        <id name="annumid" type="java.lang.Long">
            <column name="ANNUMID" precision="22" scale="0" />
            <generator class="sequence" >
             <param name="sequence">ANNUMSEQ</param>
            </generator>
        </id>
        <many-to-one name="carbstb" class="com.java.Carbstb" fetch="select" lazy="false">
            <column name="CARBSTBID" precision="22" scale="0" not-null="true" />
        </many-to-one>
        <property name="annumdate" type="java.util.Date">
            <column name="ANNUMDATE" length="7" />
        </property>
        <property name="anum" type="java.lang.String">
            <column name="ANUM" length="20" />
        </property>
        <property name="anfy" type="java.lang.Long">
            <column name="ANFY" precision="10" scale="0" />
        </property>
        <property name="anemp" type="java.lang.String">
            <column name="ANEMP" length="10" />
        </property>
        <property name="andep" type="java.lang.String">
            <column name="ANDEP" length="50" />
        </property>
        <property name="anenda" type="java.util.Date">
            <column name="ANENDA" length="7" />
        </property>
        <property name="andes" type="java.lang.String">
            <column name="ANDES" length="200" />
        </property>
    </class>
</hibernate-mapping>
