<?xml version="1.0" encoding="utf-8"?>
<!DOCTYPE hibernate-mapping PUBLIC "-//Hibernate/Hibernate Mapping DTD 3.0//EN"
"http://hibernate.sourceforge.net/hibernate-mapping-3.0.dtd">
<!-- 
    Mapping file autogenerated by MyEclipse Persistence Tools
-->
<hibernate-mapping>
    <class name="com.java.Carbstb" table="CARBSTB" schema="WSW">
        <id name="carbstbid" type="java.lang.Long">
            <column name="CARBSTBID" precision="22" scale="0" />
            <generator class="sequence">
            <param name="sequence">CARBSTBSEQ</param>
            </generator>
        </id>
        <property name="carnum" type="java.lang.String">
            <column name="CARNUM" length="20" />
        </property>
        <property name="brand" type="java.lang.String">
            <column name="BRAND" length="20" />
        </property>
        <property name="cmode" type="java.lang.String">
            <column name="CMODE" length="20" />
        </property>
        <property name="carkind" type="java.lang.String">
            <column name="CARKIND" length="10" />
        </property>
        <property name="fconsu" type="java.lang.String">
            <column name="FCONSU" length="10" />
        </property>
        <property name="enginum" type="java.lang.String">
            <column name="ENGINUM" length="10" />
        </property>
        <property name="framenum" type="java.lang.String">
            <column name="FRAMENUM" length="20" />
        </property>
        <property name="carload" type="java.lang.String">
            <column name="CARLOAD" length="10" />
        </property>
        <property name="seatnum" type="java.lang.String">
            <column name="SEATNUM" length="10" />
        </property>
        <property name="driver" type="java.lang.String">
            <column name="DRIVER" length="10" />
        </property>
        <property name="buydate" type="java.util.Date">
            <column name="BUYDATE" length="7" />
        </property>
        <property name="buyunit" type="java.lang.String">
            <column name="BUYUNIT" length="20" />
        </property>
        <property name="buyprice" type="java.lang.Long">
            <column name="BUYPRICE" precision="10" scale="0" />
        </property>
        <property name="initmile" type="java.lang.Long">
            <column name="INITMILE" precision="10" scale="0" />
        </property>
        <property name="mainmile" type="java.lang.Long">
            <column name="MAINMILE" precision="20" scale="0" />
        </property>
        <property name="maincycle" type="java.lang.Long">
            <column name="MAINCYCLE" precision="10" scale="0" />
        </property>
        <property name="departm" type="java.lang.String">
            <column name="DEPARTM" length="20" />
        </property>
        <property name="carstats" type="java.lang.String">
            <column name="CARSTATS" length="10" />
        </property>
        <property name="cardes" type="java.lang.String">
            <column name="CARDES" length="200" />
        </property>
        <set name="serms" inverse="true">
            <key>
                <column name="CARBSTBID" precision="22" scale="0" not-null="true" />
            </key>
            <one-to-many class="com.java.Serm" />
        </set>
        <set name="annums" inverse="true">
            <key>
                <column name="CARBSTBID" precision="22" scale="0" not-null="true" />
            </key>
            <one-to-many class="com.java.Annum" />
        </set>
        <set name="mainms" inverse="true">
            <key>
                <column name="CARBSTBID" precision="22" scale="0" not-null="true" />
            </key>
            <one-to-many class="com.java.Mainm" />
        </set>
        <set name="feesms" inverse="true">
            <key>
                <column name="CARBSTBID" precision="22" scale="0" not-null="true" />
            </key>
            <one-to-many class="com.java.Feesm" />
        </set>
        <set name="oilms" inverse="true">
            <key>
                <column name="CARBSTBID" precision="22" scale="0" not-null="true" />
            </key>
            <one-to-many class="com.java.Oilm" />
        </set>
        <set name="outcms" inverse="true">
            <key>
                <column name="CARBSTBID" precision="22" scale="0" not-null="true" />
            </key>
            <one-to-many class="com.java.Outcm" />
        </set>
        <set name="violms" inverse="true">
            <key>
                <column name="CARBSTBID" precision="22" scale="0" not-null="true" />
            </key>
            <one-to-many class="com.java.Violm" />
        </set>
        <set name="insrms" inverse="true">
            <key>
                <column name="CARBSTBID" precision="22" scale="0" not-null="true" />
            </key>
            <one-to-many class="com.java.Insrm" />
        </set>
    </class>
</hibernate-mapping>
