<?xml version="1.0" encoding="utf-8"?>
<!DOCTYPE hibernate-mapping PUBLIC "-//Hibernate/Hibernate Mapping DTD 3.0//EN"
"http://hibernate.sourceforge.net/hibernate-mapping-3.0.dtd">
<!-- 
    Mapping file autogenerated by MyEclipse Persistence Tools
-->
<hibernate-mapping>
    <class name="com.java.Comps" table="COMPS" schema="WSW">
        <id name="compsid" type="java.lang.Long">
            <column name="COMPSID" precision="22" scale="0" />
            <generator class="sequence">
            <param name="sequence">COMPSSEQ</param>
            </generator>
        </id>
        <property name="comname" type="java.lang.String">
            <column name="COMNAME" length="20" />
        </property>
        <property name="comdes" type="java.lang.String">
            <column name="COMDES" length="100" />
        </property>
        <set name="resPs" inverse="true">
            <key>
                <column name="COMPSID" precision="22" scale="0" not-null="true" />
            </key>
            <one-to-many class="com.java.ResP" />
        </set>
        <set name="RPs" inverse="true">
            <key>
                <column name="COMPSID" precision="22" scale="0" not-null="true" />
            </key>
            <one-to-many class="com.java.RP" />
        </set>
    </class>
</hibernate-mapping>
