<?xml version="1.0" encoding="utf-8"?>
<!DOCTYPE hibernate-mapping PUBLIC "-//Hibernate/Hibernate Mapping DTD 3.0//EN"
"http://hibernate.sourceforge.net/hibernate-mapping-3.0.dtd">
<!-- 
    Mapping file autogenerated by MyEclipse Persistence Tools
-->
<hibernate-mapping>
    <class name="com.java.Driverm" table="DRIVERM" schema="WSW">
        <id name="drivermid" type="java.lang.Long">
            <column name="DRIVERMID" precision="22" scale="0" />
            <generator class="sequence" >
            <param name="sequence">DRIVERMSEQ</param>
            </generator>
        </id>
        <property name="drivnm" type="java.lang.String">
            <column name="DRIVNM" length="10" />
        </property>
        <property name="empnum" type="java.lang.String">
            <column name="EMPNUM" length="20" />
        </property>
        <property name="sex" type="java.lang.String">
            <column name="SEX" length="10" />
        </property>
        <property name="birthdy" type="java.util.Date">
            <column name="BIRTHDY" length="7" />
        </property>
        <property name="nation" type="java.lang.String">
            <column name="NATION" length="10" />
        </property>
        <property name="birthpl" type="java.lang.String">
            <column name="BIRTHPL" length="100" />
        </property>
        <property name="phnum" type="java.lang.String">
            <column name="PHNUM" length="20" />
        </property>
        <property name="email" type="java.lang.String">
            <column name="EMAIL" length="50" />
        </property>
        <property name="drnum" type="java.lang.String">
            <column name="DRNUM" length="50" />
        </property>
        <property name="kind" type="java.lang.String">
            <column name="KIND" length="50" />
        </property>
        <property name="fdep" type="java.lang.String">
            <column name="FDEP" length="100" />
        </property>
        <property name="fdate" type="java.util.Date">
            <column name="FDATE" length="7" />
        </property>
        <property name="address" type="java.lang.String">
            <column name="ADDRESS" length="100" />
        </property>
        <property name="stats" type="java.lang.String">
            <column name="STATS" length="10" />
        </property>
        <property name="des" type="java.lang.String">
            <column name="DES" length="200" />
        </property>
        <set name="outcms" inverse="true">
            <key>
                <column name="DRIVERMID" precision="22" scale="0" not-null="true" />
            </key>
            <one-to-many class="com.java.Outcm" />
        </set>
    </class>
</hibernate-mapping>
