<?xml version="1.0" encoding="utf-8"?>
<!DOCTYPE hibernate-mapping PUBLIC "-//Hibernate/Hibernate Mapping DTD 3.0//EN"
"http://hibernate.sourceforge.net/hibernate-mapping-3.0.dtd">
<!-- 
    Mapping file autogenerated by MyEclipse Persistence Tools
-->
<hibernate-mapping>
    <class name="com.java.Feesm" table="FEESM" schema="WSW">
        <id name="feesmid" type="java.lang.Long">
            <column name="FEESMID" precision="22" scale="0" />
            <generator class="sequence" >
            <param name="sequence">FEESMSEQ</param>
            </generator>
        </id>
        <many-to-one name="carbstb" class="com.java.Carbstb" fetch="select" lazy="false">
            <column name="CARBSTBID" precision="22" scale="0" not-null="true" />
        </many-to-one>
        <property name="feesdate" type="java.util.Date">
            <column name="FEESDATE" length="7" />
        </property>
        <property name="feeskid" type="java.lang.String">
            <column name="FEESKID" length="20" />
        </property>
        <property name="feesje" type="java.lang.Long">
            <column name="FEESJE" precision="10" scale="0" />
        </property>
        <property name="feesemp" type="java.lang.String">
            <column name="FEESEMP" length="10" />
        </property>
        <property name="feesdep" type="java.lang.String">
            <column name="FEESDEP" length="50" />
        </property>
        <property name="feeszq" type="java.lang.Long">
            <column name="FEESZQ" precision="5" scale="0" />
        </property>
        <property name="des" type="java.lang.String">
            <column name="DES" length="200" />
        </property>
    </class>
</hibernate-mapping>
