<?xml version="1.0" encoding="utf-8"?>
<!DOCTYPE hibernate-mapping PUBLIC "-//Hibernate/Hibernate Mapping DTD 3.0//EN"
"http://hibernate.sourceforge.net/hibernate-mapping-3.0.dtd">
<!-- 
    Mapping file autogenerated by MyEclipse Persistence Tools
-->
<hibernate-mapping>
    <class name="com.java.Fucards" table="FUCARDS" schema="WSW">
        <id name="fucardsid" type="java.lang.Long">
            <column name="FUCARDSID" precision="22" scale="0" />
            <generator class="sequence">
            <param name="sequence">FUCARDSSEQ</param>
            </generator>
        </id>
        <property name="funum" type="java.lang.String">
            <column name="FUNUM" length="20" />
        </property>
        <property name="fuemp" type="java.lang.String">
            <column name="FUEMP" length="10" />
        </property>
        <property name="fuje" type="java.lang.Long">
            <column name="FUJE" precision="10" scale="0" />
        </property>
        <property name="fuloca" type="java.lang.String">
            <column name="FULOCA" length="200" />
        </property>
        <property name="fucdate" type="java.util.Date">
            <column name="FUCDATE" length="7" />
        </property>
        <property name="des" type="java.lang.String">
            <column name="DES" length="200" />
        </property>
    </class>
</hibernate-mapping>
