<?xml version="1.0" encoding="utf-8"?>
<!DOCTYPE hibernate-mapping PUBLIC "-//Hibernate/Hibernate Mapping DTD 3.0//EN"
"http://hibernate.sourceforge.net/hibernate-mapping-3.0.dtd">
<!-- 
    Mapping file autogenerated by MyEclipse Persistence Tools
-->
<hibernate-mapping>
    <class name="com.java.Grareg" table="GRAREG" schema="WSW">
        <id name="graregid" type="java.lang.Long">
            <column name="GRAREGID" precision="22" scale="0" />
            <generator class="sequence" >
            <param name="sequence">GRAREGSEQ</param>
            </generator>
        </id>
        <property name="granum" type="java.lang.String">
            <column name="GRANUM" length="10" />
        </property>
        <property name="local" type="java.lang.String">
            <column name="LOCAL" length="50" />
        </property>
        <property name="areas" type="java.lang.Long">
            <column name="AREAS" precision="10" scale="0" />
        </property>
        <property name="relship" type="java.lang.String">
            <column name="RELSHIP" length="50" />
        </property>
    </class>
</hibernate-mapping>
