<?xml version="1.0" encoding="utf-8"?>
<!DOCTYPE hibernate-mapping PUBLIC "-//Hibernate/Hibernate Mapping DTD 3.0//EN"
"http://hibernate.sourceforge.net/hibernate-mapping-3.0.dtd">
<!-- 
    Mapping file autogenerated by MyEclipse Persistence Tools
-->
<hibernate-mapping>
    <class name="com.java.Insrm" table="INSRM" schema="WSW">
        <id name="insrmid" type="java.lang.Long">
            <column name="INSRMID" precision="22" scale="0" />
            <generator class="sequence" >
            <param name="sequence">INSRMSEQ</param>
            </generator>
        </id>
        <many-to-one name="carbstb" class="com.java.Carbstb" fetch="select" lazy="false">
            <column name="CARBSTBID" precision="22" scale="0" not-null="true" />
        </many-to-one>
        <property name="insrmdate" type="java.util.Date">
            <column name="INSRMDATE" length="7" />
        </property>
        <property name="inskind" type="java.lang.String">
            <column name="INSKIND" length="20" />
        </property>
        <property name="insnum" type="java.lang.String">
            <column name="INSNUM" length="20" />
        </property>
        <property name="insfy" type="java.lang.Long">
            <column name="INSFY" precision="10" scale="0" />
        </property>
        <property name="insemp" type="java.lang.String">
            <column name="INSEMP" length="10" />
        </property>
        <property name="inscompy" type="java.lang.String">
            <column name="INSCOMPY" length="50" />
        </property>
        <property name="insend" type="java.util.Date">
            <column name="INSEND" length="7" />
        </property>
        <property name="insxm" type="java.lang.String">
            <column name="INSXM" length="50" />
        </property>
        <property name="des" type="java.lang.String">
            <column name="DES" length="200" />
        </property>
    </class>
</hibernate-mapping>
