<?xml version="1.0" encoding="utf-8"?>
<!DOCTYPE hibernate-mapping PUBLIC "-//Hibernate/Hibernate Mapping DTD 3.0//EN"
"http://hibernate.sourceforge.net/hibernate-mapping-3.0.dtd">
<!-- 
    Mapping file autogenerated by MyEclipse Persistence Tools
-->
<hibernate-mapping>
    <class name="com.java.Mainm" table="MAINM" schema="WSW">
        <id name="mainmid" type="java.lang.Long">
            <column name="MAINMID" precision="22" scale="0" />
            <generator class="sequence" >
            <param name="sequence">MAINMSEQ</param>
            </generator>
        </id>
        <many-to-one name="carbstb" class="com.java.Carbstb" fetch="select" lazy="false">
            <column name="CARBSTBID" precision="22" scale="0" not-null="true" />
        </many-to-one>
        <property name="maindate" type="java.util.Date">
            <column name="MAINDATE" length="7" />
        </property>
        <property name="mainkind" type="java.lang.String">
            <column name="MAINKIND" length="20" />
        </property>
        <property name="mainemp" type="java.lang.String">
            <column name="MAINEMP" length="10" />
        </property>
        <property name="mloca" type="java.lang.String">
            <column name="MLOCA" length="100" />
        </property>
        <property name="mje" type="java.lang.Long">
            <column name="MJE" precision="10" scale="0" />
        </property>
        <property name="mamile" type="java.lang.Long">
            <column name="MAMILE" precision="10" scale="0" />
        </property>
        <property name="maxm" type="java.lang.String">
            <column name="MAXM" length="200" />
        </property>
        <property name="mades" type="java.lang.String">
            <column name="MADES" length="200" />
        </property>
    </class>
</hibernate-mapping>
