<?xml version="1.0" encoding="utf-8"?>
<!DOCTYPE hibernate-mapping PUBLIC "-//Hibernate/Hibernate Mapping DTD 3.0//EN"
"http://hibernate.sourceforge.net/hibernate-mapping-3.0.dtd">
<!-- 
    Mapping file autogenerated by MyEclipse Persistence Tools
-->
<hibernate-mapping>
    <class name="com.java.Oilm" table="OILM" schema="WSW">
        <id name="oilmid" type="java.lang.Long">
            <column name="OILMID" precision="22" scale="0" />
            <generator class="sequence" >
            <param name="sequence">OILMSEQ</param>
            </generator>
        </id>
        <many-to-one name="carbstb" class="com.java.Carbstb" fetch="select" lazy="false">
            <column name="CARBSTBID" precision="22" scale="0" not-null="true" />
        </many-to-one>
        <property name="oilcnum" type="java.lang.String">
            <column name="OILCNUM" length="20" />
        </property>
        <property name="oilkind" type="java.lang.String">
            <column name="OILKIND" length="10" />
        </property>
        <property name="oildate" type="java.util.Date">
            <column name="OILDATE" length="7" />
        </property>
        <property name="oprice" type="java.lang.Long">
            <column name="OPRICE" precision="10" scale="0" />
        </property>
        <property name="ocount" type="java.lang.Long">
            <column name="OCOUNT" precision="10" scale="0" />
        </property>
        <property name="amount" type="java.lang.Long">
            <column name="AMOUNT" precision="10" scale="0" />
        </property>
        <property name="handnm" type="java.lang.String">
            <column name="HANDNM" length="10" />
        </property>
        <property name="nowmile" type="java.lang.Long">
            <column name="NOWMILE" precision="10" scale="0" />
        </property>
        <property name="lastmile" type="java.lang.Long">
            <column name="LASTMILE" precision="10" scale="0" />
        </property>
        <property name="lastoil" type="java.lang.Long">
            <column name="LASTOIL" precision="10" scale="0" />
        </property>
        <property name="lasttrav" type="java.lang.Long">
            <column name="LASTTRAV" precision="10" scale="0" />
        </property>
        <property name="gasnm" type="java.lang.String">
            <column name="GASNM" length="20" />
        </property>
        <property name="oildes" type="java.lang.String">
            <column name="OILDES" length="200" />
        </property>
    </class>
</hibernate-mapping>
