<?xml version="1.0" encoding="utf-8"?>
<!DOCTYPE hibernate-mapping PUBLIC "-//Hibernate/Hibernate Mapping DTD 3.0//EN"
"http://hibernate.sourceforge.net/hibernate-mapping-3.0.dtd">
<!-- 
    Mapping file autogenerated by MyEclipse Persistence Tools
-->
<hibernate-mapping>
    <class name="com.java.Outcm" table="OUTCM" schema="WSW">
        <id name="outcmid" type="java.lang.Long">
            <column name="OUTCMID" precision="22" scale="0" />
            <generator class="sequence" >
            <param name="sequence">OUTCMSEQ</param>
            </generator>
        </id>
        <many-to-one name="driverm" class="com.java.Driverm" fetch="select" lazy="false">
            <column name="DRIVERMID" precision="22" scale="0" not-null="true" />
        </many-to-one>
        <many-to-one name="ucapli" class="com.java.Ucapli" fetch="select" lazy="false">
            <column name="UCAPLIID" precision="22" scale="0" not-null="true" />
        </many-to-one>
        <many-to-one name="carbstb" class="com.java.Carbstb" fetch="select" lazy="false">
            <column name="CARBSTBID" precision="22" scale="0" not-null="true" />
        </many-to-one>
        <property name="outcnum" type="java.lang.String">
            <column name="OUTCNUM" length="20" />
        </property>
        <property name="outdate" type="java.util.Date">
            <column name="OUTDATE" length="7" />
        </property>
        <property name="driver" type="java.lang.String">
            <column name="DRIVER" length="10" />
        </property>
        <property name="ucem" type="java.lang.String">
            <column name="UCEM" length="10" />
        </property>
        <property name="outloca" type="java.lang.String">
            <column name="OUTLOCA" length="200" />
        </property>
        <property name="incomdate" type="java.util.Date">
            <column name="INCOMDATE" length="7" />
        </property>
        <property name="outcron" type="java.lang.String">
            <column name="OUTCRON" length="200" />
        </property>
        <property name="sjincomdate" type="java.util.Date">
            <column name="SJINCOMDATE" length="7" />
        </property>
        <property name="whincom" type="java.lang.String">
            <column name="WHINCOM" length="10" />
        </property>
        <property name="outdes" type="java.lang.String">
            <column name="OUTDES" length="200" />
        </property>
    </class>
</hibernate-mapping>
