<?xml version="1.0" encoding="utf-8"?>
<!DOCTYPE hibernate-mapping PUBLIC "-//Hibernate/Hibernate Mapping DTD 3.0//EN"
"http://hibernate.sourceforge.net/hibernate-mapping-3.0.dtd">
<!-- 
    Mapping file autogenerated by MyEclipse Persistence Tools
-->
<hibernate-mapping>
    <class name="com.java.Resfun" table="RESFUN" schema="WSW">
        <id name="resfunid" type="java.lang.Long">
            <column name="RESFUNID" precision="22" scale="0" />
            <generator class="sequence">
            <param name="sequence">RESFUNSEQ</param>
            </generator>
        </id>
        <property name="pname" type="java.lang.String">
            <column name="PNAME" length="100" />
        </property>
        <property name="cname" type="java.lang.String">
            <column name="CNAME" length="100" />
        </property>
        <property name="caction" type="java.lang.String">
            <column name="CACTION" length="500" />
        </property>
        <set name="resPs" inverse="true">
            <key>
                <column name="RESFUNID" precision="22" scale="0" not-null="true" />
            </key>
            <one-to-many class="com.java.ResP" />
        </set>
    </class>
</hibernate-mapping>
