<?xml version="1.0" encoding="utf-8"?>
<!DOCTYPE hibernate-mapping PUBLIC "-//Hibernate/Hibernate Mapping DTD 3.0//EN"
"http://hibernate.sourceforge.net/hibernate-mapping-3.0.dtd">
<!-- 
    Mapping file autogenerated by MyEclipse Persistence Tools
-->
<hibernate-mapping>
    <class name="com.java.Roletb" table="ROLETB" schema="WSW">
        <id name="roletbid" type="java.lang.Long">
            <column name="ROLETBID" precision="22" scale="0" />
            <generator class="sequence">
            <param name="sequence">ROLETBSEQ</param>
            </generator>
        </id>
        <property name="rolename" type="java.lang.String">
            <column name="ROLENAME" length="20" />
        </property>
        <property name="roledes" type="java.lang.String">
            <column name="ROLEDES" length="100" />
        </property>
        <set name="URs" inverse="true">
            <key>
                <column name="ROLETBID" precision="22" scale="0" not-null="true" />
            </key>
            <one-to-many class="com.java.UR" />
        </set>
        <set name="RPs" inverse="true">
            <key>
                <column name="ROLETBID" precision="22" scale="0" not-null="true" />
            </key>
            <one-to-many class="com.java.RP" />
        </set>
    </class>
</hibernate-mapping>
