<?xml version="1.0" encoding="utf-8"?>
<!DOCTYPE hibernate-mapping PUBLIC "-//Hibernate/Hibernate Mapping DTD 3.0//EN"
"http://hibernate.sourceforge.net/hibernate-mapping-3.0.dtd">
<!-- 
    Mapping file autogenerated by MyEclipse Persistence Tools
-->
<hibernate-mapping>
    <class name="com.java.RP" table="R_P" schema="WSW">
        <id name="rpid" type="java.lang.Long">
            <column name="RPID" precision="22" scale="0" />
            <generator class="sequence">
            <param name="sequence">RPSEQ</param>
            </generator>
        </id>
        <many-to-one name="comps" class="com.java.Comps" fetch="select" lazy="false">
            <column name="COMPSID" precision="22" scale="0" not-null="true" />
        </many-to-one>
        <many-to-one name="roletb" class="com.java.Roletb" fetch="select" lazy="false">
            <column name="ROLETBID" precision="22" scale="0" not-null="true" />
        </many-to-one>
    </class>
</hibernate-mapping>
