<?xml version="1.0" encoding="utf-8"?>
<!DOCTYPE hibernate-mapping PUBLIC "-//Hibernate/Hibernate Mapping DTD 3.0//EN"
"http://hibernate.sourceforge.net/hibernate-mapping-3.0.dtd">
<!-- 
    Mapping file autogenerated by MyEclipse Persistence Tools
-->
<hibernate-mapping>
    <class name="com.java.Serm" table="SERM" schema="WSW">
        <id name="sermid" type="java.lang.Long">
            <column name="SERMID" precision="22" scale="0" />
            <generator class="sequence">
            <param name="sequence">SERMSEQ</param>
            </generator>
        </id>
        <many-to-one name="carbstb" class="com.java.Carbstb" fetch="select" lazy="false">
            <column name="CARBSTBID" precision="22" scale="0" not-null="true" />
        </many-to-one>
        <property name="serdate" type="java.util.Date">
            <column name="SERDATE" length="7" />
        </property>
        <property name="seremp" type="java.lang.String">
            <column name="SEREMP" length="10" />
        </property>
        <property name="sershop" type="java.lang.String">
            <column name="SERSHOP" length="50" />
        </property>
        <property name="ytake" type="java.util.Date">
            <column name="YTAKE" length="7" />
        </property>
        <property name="serron" type="java.lang.String">
            <column name="SERRON" length="50" />
        </property>
        <property name="serje" type="java.lang.Long">
            <column name="SERJE" precision="10" scale="0" />
        </property>
        <property name="sjtake" type="java.util.Date">
            <column name="SJTAKE" length="7" />
        </property>
    </class>
</hibernate-mapping>
