<?xml version="1.0" encoding="utf-8"?>
<!DOCTYPE hibernate-mapping PUBLIC "-//Hibernate/Hibernate Mapping DTD 3.0//EN"
"http://hibernate.sourceforge.net/hibernate-mapping-3.0.dtd">
<!-- 
    Mapping file autogenerated by MyEclipse Persistence Tools
-->
<hibernate-mapping>
    <class name="com.java.Ucapli" table="UCAPLI" schema="WSW">
        <id name="ucapliid" type="java.lang.Long">
            <column name="UCAPLIID" precision="22" scale="0" />
            <generator class="sequence">
            <param name="sequence">UCAPLISEQ</param>
            </generator>
        </id>
        <property name="ucdep" type="java.lang.String">
            <column name="UCDEP" length="20" />
        </property>
        <property name="ucempnm" type="java.lang.String">
            <column name="UCEMPNM" length="10" />
        </property>
        <property name="phonum" type="java.lang.String">
            <column name="PHONUM" length="20" />
        </property>
        <property name="ucloca" type="java.lang.String">
            <column name="UCLOCA" length="50" />
        </property>
        <property name="ucdate" type="java.util.Date">
            <column name="UCDATE" length="7" />
        </property>
        <property name="indate" type="java.util.Date">
            <column name="INDATE" length="7" />
        </property>
        <property name="thing" type="java.lang.String">
            <column name="THING" length="200" />
        </property>
        <property name="dtation" type="java.lang.String">
            <column name="DTATION" length="200" />
        </property>
        <property name="ucdes" type="java.lang.String">
            <column name="UCDES" length="200" />
        </property>
        <property name="appstats" type="java.lang.String">
            <column name="APPSTATS" length="10" />
        </property>
        <property name="whcar" type="java.lang.String">
            <column name="WHCAR" length="10" />
        </property>
        <property name="appdes" type="java.lang.String">
            <column name="APPDES" length="200" />
        </property>
        <property name="appnm" type="java.lang.String">
            <column name="APPNM" length="10" />
        </property>
        <set name="outcms" inverse="true">
            <key>
                <column name="UCAPLIID" precision="22" scale="0" not-null="true" />
            </key>
            <one-to-many class="com.java.Outcm" />
        </set>
    </class>
</hibernate-mapping>
