<?xml version="1.0" encoding="utf-8"?>
<!DOCTYPE hibernate-mapping PUBLIC "-//Hibernate/Hibernate Mapping DTD 3.0//EN"
"http://hibernate.sourceforge.net/hibernate-mapping-3.0.dtd">
<!-- 
    Mapping file autogenerated by MyEclipse Persistence Tools
-->
<hibernate-mapping>
    <class name="com.java.UR" table="U_R" schema="WSW">
        <id name="urid" type="java.lang.Long">
            <column name="URID" precision="22" scale="0" />
            <generator class="sequence">
            <param name="sequence">URSEQ</param>
            </generator>
        </id>
        <many-to-one name="roletb" class="com.java.Roletb" fetch="select" lazy="false">
            <column name="ROLETBID" precision="22" scale="0" not-null="true" />
        </many-to-one>
        <many-to-one name="xxuser" class="com.java.Xxuser" fetch="select" lazy="false">
            <column name="ID" precision="22" scale="0" not-null="true" />
        </many-to-one>
    </class>
</hibernate-mapping>
