<?xml version="1.0" encoding="utf-8"?>
<!DOCTYPE hibernate-mapping PUBLIC "-//Hibernate/Hibernate Mapping DTD 3.0//EN"
"http://hibernate.sourceforge.net/hibernate-mapping-3.0.dtd">
<!-- 
    Mapping file autogenerated by MyEclipse Persistence Tools
-->
<hibernate-mapping>
    <class name="com.java.Violm" table="VIOLM" schema="WSW">
        <id name="violmid" type="java.lang.Long">
            <column name="VIOLMID" precision="22" scale="0" />
            <generator class="sequence">
            <param name="sequence">VIOLMSEQ</param>
            </generator>
        </id>
        <many-to-one name="carbstb" class="com.java.Carbstb" fetch="select" lazy="false">
            <column name="CARBSTBID" precision="22" scale="0" not-null="true" />
        </many-to-one>
        <property name="violdate" type="java.util.Date">
            <column name="VIOLDATE" length="7" />
        </property>
        <property name="violkind" type="java.lang.String">
            <column name="VIOLKIND" length="20" />
        </property>
        <property name="driver" type="java.lang.String">
            <column name="DRIVER" length="10" />
        </property>
        <property name="points" type="java.lang.String">
            <column name="POINTS" length="10" />
        </property>
        <property name="fineje" type="java.lang.Long">
            <column name="FINEJE" precision="10" scale="0" />
        </property>
        <property name="violloca" type="java.lang.String">
            <column name="VIOLLOCA" length="200" />
        </property>
        <property name="violdes" type="java.lang.String">
            <column name="VIOLDES" length="200" />
        </property>
        <property name="violemp" type="java.lang.String">
            <column name="VIOLEMP" length="10" />
        </property>
    </class>
</hibernate-mapping>
