<?xml version="1.0" encoding="utf-8"?>
<!DOCTYPE hibernate-mapping PUBLIC "-//Hibernate/Hibernate Mapping DTD 3.0//EN"
"http://hibernate.sourceforge.net/hibernate-mapping-3.0.dtd">
<!-- 
    Mapping file autogenerated by MyEclipse Persistence Tools
-->
<hibernate-mapping>
    <class name="com.java.Xxuser" table="XXUSER" schema="WSW">
        <id name="id" type="java.lang.Long">
            <column name="ID" precision="22" scale="0" />
            <generator class="sequence">
            <param name="sequence">XXUSERSEQ</param>
            </generator>
        </id>
        <property name="name" type="java.lang.String">
            <column name="NAME" length="20" />
        </property>
        <property name="password" type="java.lang.Long">
            <column name="PASSWORD" precision="22" scale="0" />
        </property>
        <property name="des" type="java.lang.String">
            <column name="DES" length="200" />
        </property>
        <property name="stats" type="java.lang.String">
            <column name="STATS" length="10" />
        </property>
        <set name="URs" inverse="true">
            <key>
                <column name="ID" precision="22" scale="0" not-null="true" />
            </key>
            <one-to-many class="com.java.UR" />
        </set>
    </class>
</hibernate-mapping>
