<?xml version="1.0"?>
<!DOCTYPE hibernate-mapping PUBLIC "-//Hibernate/Hibernate Mapping DTD 3.0//EN"
"http://hibernate.sourceforge.net/hibernate-mapping-3.0.dtd">
<!-- 
    Mapping file autogenerated by MyEclipse - Hibernate Tools
-->
<hibernate-mapping>
    <class name="bookstore.database.Bookinfo" table="bookinfo" catalog="bookstore">
        <id name="id" type="integer">
            <column name="id" />
            <generator class="increment" />
        </id>
        <property name="bookName" type="string">
            <column name="bookName" length="128" not-null="true" />
        </property>
        <property name="isbn" type="string">
            <column name="isbn" length="64" not-null="true" />
        </property>
        <property name="writer" type="string">
            <column name="writer" length="45" not-null="true" />
        </property>
        <property name="publisher" type="string">
            <column name="publisher" length="64" not-null="true" />
        </property>
        <property name="intro" type="string">
            <column name="intro" length="65535" />
        </property>
        <property name="price" type="double">
            <column name="price" precision="5" not-null="true" />
        </property>
        <property name="remaining" type="short">
            <column name="remaining" not-null="true" />
        </property>
        <property name="picture" type="string">
            <column name="picture" length="32" />
        </property>
        <property name="date" type="timestamp">
            <column name="date" length="19" not-null="true" />
        </property>
        <set name="orders" inverse="true">
            <key>
                <column name="bookid" not-null="true" />
            </key>
            <one-to-many class="bookstore.database.Order" />
        </set>
        <set name="remarks" inverse="true">
            <key>
                <column name="bookid" not-null="true" />
            </key>
            <one-to-many class="bookstore.database.Remark" />
        </set>
    </class>
</hibernate-mapping>
