<?xml version="1.0"?>
<!DOCTYPE hibernate-mapping PUBLIC "-//Hibernate/Hibernate Mapping DTD 3.0//EN"
"http://hibernate.sourceforge.net/hibernate-mapping-3.0.dtd">
<!-- 
    Mapping file autogenerated by MyEclipse - Hibernate Tools
-->
<hibernate-mapping>
    <class name="bookstore.database.Order" table="order" catalog="bookstore">
        <id name="id" type="integer">
            <column name="id" />
            <generator class="native" />
        </id>
        <many-to-one name="bookinfo" class="bookstore.database.Bookinfo" fetch="select">
            <column name="bookid" not-null="true" />
        </many-to-one>
        <many-to-one name="userinfo" class="bookstore.database.Userinfo" fetch="select">
            <column name="userid" not-null="true" />
        </many-to-one>
        <property name="number" type="short">
            <column name="number" not-null="true" />
        </property>
        <property name="address" type="string">
            <column name="address" length="128" not-null="true" />
        </property>
        <property name="postcode" type="string">
            <column name="postcode" length="6" not-null="true" />
        </property>
        <property name="orderdate" type="timestamp">
            <column name="orderdate" length="19" not-null="true" />
        </property>
        <property name="status" type="short">
        	<column name="status" not-null="true" />
        </property>
    </class>
</hibernate-mapping>
