<?xml version="1.0"?>
<!DOCTYPE hibernate-mapping PUBLIC "-//Hibernate/Hibernate Mapping DTD 3.0//EN"
"http://hibernate.sourceforge.net/hibernate-mapping-3.0.dtd">
<!-- 
    Mapping file autogenerated by MyEclipse - Hibernate Tools
-->
<hibernate-mapping>
    <class name="bookstore.database.Rebate" table="rebate" catalog="bookstore">
        <id name="id" type="integer">
            <column name="id" />
            <generator class="increment" />
        </id>
        <property name="level" type="double">
            <column name="level" precision="10" not-null="true" />
        </property>
        <property name="rebateRate" type="double">
            <column name="rebateRate" precision="2" scale="1" not-null="true" />
        </property>
    </class>
</hibernate-mapping>
