<?xml version="1.0"?>
<!DOCTYPE hibernate-mapping PUBLIC "-//Hibernate/Hibernate Mapping DTD 3.0//EN"
"http://hibernate.sourceforge.net/hibernate-mapping-3.0.dtd">
<!-- 
    Mapping file autogenerated by MyEclipse - Hibernate Tools
-->
<hibernate-mapping>
    <class name="bookstore.database.Remark" table="remark" catalog="bookstore">
        <id name="id" type="integer">
            <column name="id" />
            <generator class="increment" />
        </id>
        <many-to-one name="bookinfo" class="bookstore.database.Bookinfo" fetch="select">
            <column name="bookid" not-null="true" />
        </many-to-one>
        <many-to-one name="userinfo" class="bookstore.database.Userinfo" fetch="select">
            <column name="userid" not-null="true" />
        </many-to-one>
        <property name="grade" type="short">
            <column name="grade" not-null="true" />
        </property>
        <property name="remark" type="string">
            <column name="remark" length="65535" not-null="true" />
        </property>
        <property name="date" type="timestamp">
            <column name="date" length="19" not-null="true" />
        </property>
    </class>
</hibernate-mapping>
