<?xml version="1.0"?>
<!DOCTYPE hibernate-mapping PUBLIC "-//Hibernate/Hibernate Mapping DTD 3.0//EN"
"http://hibernate.sourceforge.net/hibernate-mapping-3.0.dtd">
<!-- 
    Mapping file autogenerated by MyEclipse - Hibernate Tools
-->
<hibernate-mapping>
    <class name="bookstore.database.Userinfo" table="userinfo" catalog="bookstore">
        <id name="id" type="integer">
            <column name="id" />
            <generator class="increment" />
        </id>
        <property name="username" type="string">
            <column name="username" length="15" not-null="true" />
        </property>
        <property name="pwd" type="string">
            <column name="pwd" length="32" not-null="true" />
        </property>
        <property name="email" type="string">
            <column name="email" length="32" not-null="true" />
        </property>
        <property name="address" type="string">
            <column name="address" length="100" />
        </property>
        <property name="postcode" type="string">
            <column name="postcode" length="6" />
        </property>
        <property name="level" type="double">
            <column name="level" precision="10" />
        </property>
        <set name="remarks" inverse="true">
            <key>
                <column name="userid" not-null="true" />
            </key>
            <one-to-many class="bookstore.database.Remark" />
        </set>
        <set name="orders" inverse="true">
            <key>
                <column name="userid" not-null="true" />
            </key>
            <one-to-many class="bookstore.database.Order" />
        </set>
        <property name="power" type="short">
        	<column name="power" not-null="true"/>
        </property>
    </class>
</hibernate-mapping>
