<?xml version="1.0" encoding="UTF-8"?>
<beans xmlns="http://www.springframework.org/schema/beans"
	xmlns:xsi="http://www.w3.org/2001/XMLSchema-instance" xmlns:aop="http://www.springframework.org/schema/aop"
	xmlns:context="http://www.springframework.org/schema/context" xmlns:tx="http://www.springframework.org/schema/tx"
	xsi:schemaLocation="
     http://www.springframework.org/schema/context
     http://www.springframework.org/schema/context/spring-context-3.1.xsd
     http://www.springframework.org/schema/beans http://www.springframework.org/schema/beans/spring-beans-3.1.xsd
     http://www.springframework.org/schema/tx http://www.springframework.org/schema/tx/spring-tx-3.1.xsd
     http://www.springframework.org/schema/aop http://www.springframework.org/schema/aop/spring-aop-3.1.xsd
     ">

	

	<bean id="localeResolver"
		class="org.springframework.web.servlet.i18n.SessionLocaleResolver" />

	<bean id="messageSource"
		class="org.springframework.context.support.ResourceBundleMessageSource">
		<property name="basenames">
			<list>
				<value>com/vijun/cms/util/i18n_cms</value>
				<value>com/vijun/cms/util/i18n_install</value>
				<value>com/vijun/core/util/i18n/i18n_core</value>
			</list>
		</property>
		<property name="useCodeAsDefaultMessage" value="true" />
	</bean>
</beans>