<?xml version="1.0" encoding="UTF-8"?>
<beans xmlns="http://www.springframework.org/schema/beans"
	xmlns:xsi="http://www.w3.org/2001/XMLSchema-instance" xmlns:context="http://www.springframework.org/schema/context"
	xsi:schemaLocation="http://www.springframework.org/schema/beans http://www.springframework.org/schema/beans/spring-beans-3.1.xsd
	http://www.springframework.org/schema/context http://www.springframework.org/schema/context/spring-context-3.1.xsd">
	
	<bean id="frontInstallUtil" class="com.vijun.cms.util.FrontInstallUtil" />
	
	<bean id="mappingJacksonHttpMessageConverter"
		class="org.springframework.http.converter.json.MappingJacksonHttpMessageConverter" />
	<bean
		class="org.springframework.web.servlet.mvc.annotation.AnnotationMethodHandlerAdapter">
		<property name="messageConverters">
			<list>
				<ref bean="mappingJacksonHttpMessageConverter" /><!-- json转换器 -->
			</list>
		</property>
		<property name="webBindingInitializer">
			<bean class="com.vijun.core.common.DateBinding" />
		</property>
	</bean>
	<!-- 启动Spring MVC的注解功能，完成请求和注解POJO的映射 -->
	<bean
		class="org.springframework.web.servlet.mvc.annotation.DefaultAnnotationHandlerMapping">

	</bean>
	<bean id="multipartResolver"
		class="org.springframework.web.multipart.commons.CommonsMultipartResolver">
		<property name="defaultEncoding" value="utf-8" />
	</bean>
	<bean id="viewResolver"
		class="org.springframework.web.servlet.view.freemarker.FreeMarkerViewResolver">
		<property name="viewClass"
			value="org.springframework.web.servlet.view.freemarker.FreeMarkerView" />
		<property name="contentType" value="text/html; charset=UTF-8" />
		<property name="exposeRequestAttributes" value="false" />
		<property name="exposeSessionAttributes" value="false" />
		<property name="exposeSpringMacroHelpers" value="true" />
	</bean>

	<bean id="freemarkerConfig"
		class="org.springframework.web.servlet.view.freemarker.FreeMarkerConfigurer">

		<property name="templateLoaderPath" value="" />
		<property name="freemarkerSettings">
			<props>
				<prop key="tag_syntax">auto_detect</prop>
				<prop key="template_update_delay">5</prop>
				<prop key="defaultEncoding">UTF-8</prop>
				<prop key="url_escaping_charset">UTF-8</prop>
				<prop key="locale">zh_CN</prop>
				<prop key="boolean_format">true,false</prop>
				<prop key="datetime_format">yyyy-MM-dd HH:mm:ss</prop>
				<prop key="date_format">yyyy-MM-dd</prop>
				<prop key="time_format">HH:mm:ss</prop>
				<prop key="number_format">0.######</prop>
				<prop key="whitespace_stripping">true</prop>
				<!--空值处理<prop key="classic_compatible">true</prop> -->
				<prop key="auto_import">/WEB-INF/template//core/spring.ftl as vijun</prop>
			</props>
		</property>
	</bean>

</beans>