<?xml version="1.0" encoding="utf-8"?>
<!DOCTYPE hibernate-mapping PUBLIC "-//Hibernate/Hibernate Mapping DTD 3.0//EN"
"http://hibernate.sourceforge.net/hibernate-mapping-3.0.dtd">
<!-- 
    Mapping file autogenerated by MyEclipse - Hibernate Tools
-->
<hibernate-mapping>
    <class name="com.xdf.exams.bean.Loginlog" table="LOGINLOG">
        <id name="loginlogid" type="java.lang.Long">
            <column name="LOGINLOGID" precision="10" scale="0" />
            <generator class="increment" />
        </id>
        <property name="username" type="java.lang.String">
            <column name="USERNAME" length="30" not-null="true" />
        </property>
        <property name="success" type="int">
            <column name="SUCCESS" precision="1" scale="0" not-null="true" />
        </property>
        <property name="isteacher" type="int">
            <column name="ISTEACHER" precision="1" scale="0" not-null="true" />
        </property>
        <property name="ip" type="java.lang.String">
            <column name="IP" length="15" not-null="true" />
        </property>
        <property name="logtime" type="java.util.Date">
            <column name="LOGTIME" not-null="true" />
        </property>
    </class>
</hibernate-mapping>
