<?xml version="1.0" encoding="utf-8"?>
<!DOCTYPE hibernate-mapping PUBLIC "-//Hibernate/Hibernate Mapping DTD 3.0//EN"
"http://hibernate.sourceforge.net/hibernate-mapping-3.0.dtd">
<!-- 
    Mapping file autogenerated by MyEclipse - Hibernate Tools
-->
<hibernate-mapping>
    <class name="com.xdf.exams.bean.Options" table="OPTIONS" >
        <id name="optionid" type="java.lang.Long">
            <column name="OPTIONID" precision="10" scale="0" />
            <generator class="increment" />
        </id>
        <many-to-one name="question" class="com.xdf.exams.bean.Question" fetch="select">
            <column name="QUESTIONID" precision="10" scale="0" not-null="true" />
        </many-to-one>
        <property name="content" type="java.lang.String">
            <column name="CONTENT" length="4000" not-null="true" />
        </property>
    </class>
</hibernate-mapping>
