<?xml version="1.0" encoding="utf-8"?>
<!DOCTYPE hibernate-mapping PUBLIC "-//Hibernate/Hibernate Mapping DTD 3.0//EN"
"http://hibernate.sourceforge.net/hibernate-mapping-3.0.dtd">
<!-- 
    Mapping file autogenerated by MyEclipse - Hibernate Tools
-->
<hibernate-mapping>
    <class name="com.xdf.exams.bean.Question" table="QUESTION">
        <id name="questionid" type="java.lang.Long">
            <column name="QUESTIONID" precision="10" scale="0" />
            <generator class="increment" />
        </id>
        <many-to-one name="subject" class="com.xdf.exams.bean.Subject" fetch="select">
            <column name="SUBJECTID" precision="10" scale="0" not-null="true" />
        </many-to-one>
        <property name="content" type="java.lang.String">
            <column name="CONTENT" length="4000" not-null="true" />
        </property>
        <property name="score" type="int">
            <column name="SCORE" precision="5" scale="0" not-null="true" />
        </property>
        <property name="qtype" type="int">
            <column name="QTYPE" precision="1" scale="0" not-null="true" />
        </property>        
        <property name="rightanswer" type="java.lang.String">
            <column name="RIGHTANSWER" length="10" not-null="true" />
        </property>
        <property name="sdate" type="java.lang.String" >
            <column name="SDATE" length="10" not-null="true" />
        </property>
        <set name="optionses" order-by="optionid" inverse="true">
            <key>
                <column name="QUESTIONID" precision="10" scale="0" not-null="true" />
            </key>
            <one-to-many class="com.xdf.exams.bean.Options" />
        </set>
        <set name="examrecords" inverse="true">
            <key>
                <column name="QUESTIONID" precision="10" scale="0" not-null="true" />
            </key>
            <one-to-many class="com.xdf.exams.bean.Examrecord" />
        </set>
    </class>
</hibernate-mapping>
