<?xml version="1.0" encoding="utf-8"?>
<!DOCTYPE hibernate-mapping PUBLIC "-//Hibernate/Hibernate Mapping DTD 3.0//EN"
"http://hibernate.sourceforge.net/hibernate-mapping-3.0.dtd">
<!-- 
    Mapping file autogenerated by MyEclipse - Hibernate Tools
-->
<hibernate-mapping>
    <class name="com.xdf.exams.bean.Result" table="RESULT">
        <id name="resultid" type="java.lang.Long">
            <column name="RESULTID" precision="10" scale="0" />
            <generator class="increment" />
        </id>
        <many-to-one name="student" class="com.xdf.exams.bean.Student" fetch="select">
            <column name="STUDENTID" precision="10" scale="0" not-null="true" />
        </many-to-one>
        <many-to-one name="subject" class="com.xdf.exams.bean.Subject" fetch="select">
            <column name="SUBJECTID" precision="10" scale="0" not-null="true" />
        </many-to-one>
        <property name="score" type="int">
            <column name="SCORE" precision="5" scale="0" not-null="true" />
        </property>
        <property name="starttime" type="java.util.Date">
            <column name="STARTTIME" not-null="true" />
        </property>
        <property name="endtime" type="java.util.Date">
            <column name="ENDTIME" not-null="true" />
        </property>
        <set name="examrecords" inverse="true">
            <key>
                <column name="RESULTID" precision="10" scale="0" not-null="true" />
            </key>
            <one-to-many class="com.xdf.exams.bean.Examrecord" />
        </set>
    </class>
</hibernate-mapping>
