<?xml version="1.0" encoding="utf-8"?>
<!DOCTYPE hibernate-mapping PUBLIC "-//Hibernate/Hibernate Mapping DTD 3.0//EN"
"http://hibernate.sourceforge.net/hibernate-mapping-3.0.dtd">
<!-- 
    Mapping file autogenerated by MyEclipse - Hibernate Tools
-->
<hibernate-mapping>
    <class name="com.xdf.exams.bean.Student" table="STUDENT" >
        <id name="studentid" type="java.lang.Long">
            <column name="STUDENTID" precision="10" scale="0" />
            <generator class="increment" />
        </id>
        <property name="username" type="java.lang.String">
            <column name="USERNAME" length="30" not-null="true" unique="true" />
        </property>
        <property name="name" type="java.lang.String">
            <column name="NAME" length="30" not-null="true" />
        </property>
        <property name="password" type="java.lang.String">
            <column name="PASSWORD" length="30" not-null="true" />
        </property>
        <property name="address" type="java.lang.String">
            <column name="ADDRESS" length="40" not-null="true" />
        </property>
        <property name="sex" type="java.lang.String">
            <column name="SEX" length="2" not-null="true" />
        </property>
        <property name="email" type="java.lang.String">
            <column name="EMAIL" length="40" not-null="true" />
        </property>
        <set name="results" inverse="true">
            <key>
                <column name="STUDENTID" precision="10" scale="0" not-null="true" />
            </key>
            <one-to-many class="com.xdf.exams.bean.Result" />
        </set>
    </class>
</hibernate-mapping>
