<?xml version="1.0" encoding="utf-8"?>
<!DOCTYPE hibernate-mapping PUBLIC "-//Hibernate/Hibernate Mapping DTD 3.0//EN"
"http://hibernate.sourceforge.net/hibernate-mapping-3.0.dtd">
<!-- 
    Mapping file autogenerated by MyEclipse - Hibernate Tools
-->
<hibernate-mapping>
    <class name="com.xdf.exams.bean.Subject" table="SUBJECT" >
        <id name="subjectid" type="java.lang.Long">
            <column name="SUBJECTID" precision="10" scale="0" />
            <generator class="increment" />
        </id>
        <property name="name" type="java.lang.String">
            <column name="NAME" length="30" not-null="true" />
        </property>
        <property name="time" type="java.lang.Long">
            <column name="TIME" precision="5" scale="0" not-null="true" />
        </property>
        <property name="state" type="int">
            <column name="STATE" precision="1" scale="0" not-null="true" />
        </property>
        <property name="intro" type="java.lang.String">
            <column name="INTRO" length="600" not-null="true" />
        </property>
        <property name="sdate" type="java.lang.String">
            <column name="SDATE" length="10" not-null="true" />
        </property>
        <set name="results" order-by="resultid" inverse="true">
            <key>
                <column name="SUBJECTID" precision="10" scale="0" not-null="true" />
            </key>
            <one-to-many class="com.xdf.exams.bean.Result" />
        </set>
        <set name="questions" order-by="questionid" inverse="true">
            <key>
                <column name="SUBJECTID" precision="10" scale="0" not-null="true" />
            </key>
            <one-to-many class="com.xdf.exams.bean.Question" />
        </set>
        <property name="totalnum" formula="(select count(*) from Question q where q.subjectid=subjectid)" type="java.lang.Integer"></property>
        <property name="totalscore" formula="(select sum(q.score) from Question q where q.subjectid=subjectid)" type="java.lang.Integer"></property>        
    </class>
</hibernate-mapping>
