<?xml version="1.0" encoding="utf-8"?>
<!DOCTYPE hibernate-mapping PUBLIC "-//Hibernate/Hibernate Mapping DTD 3.0//EN"
"http://hibernate.sourceforge.net/hibernate-mapping-3.0.dtd">
<!-- 
    Mapping file autogenerated by MyEclipse - Hibernate Tools
-->
<hibernate-mapping>
    <class name="com.xdf.exams.bean.Teacher" table="TEACHER" >
        <id name="teacherid" type="java.lang.Long">
            <column name="TEACHERID" precision="10" scale="0" />
            <generator class="increment" />
        </id>
        <property name="username" type="java.lang.String">
            <column name="USERNAME" length="30" not-null="true" unique="true" />
        </property>
        <property name="password" type="java.lang.String">
            <column name="PASSWORD" length="30" not-null="true" />
        </property>
    </class>
</hibernate-mapping>
