<?xml version="1.0" encoding="UTF-8"?>
<beans xmlns="http://www.springframework.org/schema/beans" xmlns:xsi="http://www.w3.org/2001/XMLSchema-instance"
	xmlns:jee="http://www.springframework.org/schema/jee" xmlns:tx="http://www.springframework.org/schema/tx"
	xmlns:context="http://www.springframework.org/schema/context"
	xsi:schemaLocation="http://www.springframework.org/schema/beans http://www.springframework.org/schema/beans/spring-beans-2.5.xsd http://www.springframework.org/schema/tx http://www.springframework.org/schema/tx/spring-tx-2.5.xsd http://www.springframework.org/schema/jee http://www.springframework.org/schema/jee/spring-jee-2.5.xsd http://www.springframework.org/schema/context http://www.springframework.org/schema/context/spring-context-2.5.xsd"
	>
	<!--密码加密器-->
	<bean id="pwdEncoder" class="com.ponyjava.common.util.Md5PwdEncoder">
		<property name="salt">
			<value>PONY</value>
		</property>
	</bean>
	<!--缓存-->
	<bean id="cacheManager" class="org.springframework.cache.ehcache.EhCacheManagerFactoryBean">    
		<property name="configLocation">
			<value>classpath:ehcache-application.xml</value>
		</property>
		<!--
			<property name="shared">
			  <value>true</value>
			</property>
			-->
	</bean>
	<!--首页缓存-->
	<bean id="homepageCache" class="org.springframework.cache.ehcache.EhCacheFactoryBean">
		<property name="cacheManager">
			<ref local="cacheManager"/>
		</property>
		<property name="cacheName">
			<value>com.jeecms.core.page.Homepage</value>
		</property>
		<qualifier value="homepage"/>
	</bean>
	<!--栏目页缓存-->
	<bean id="channelCache" class="org.springframework.cache.ehcache.EhCacheFactoryBean">
		<property name="cacheManager">
			<ref local="cacheManager"/>
		</property>
		<property name="cacheName">
			<value>com.jeecms.core.page.Channel</value>
		</property>
		<qualifier value="channel"/>
	</bean>
	<!--域名缓存-->
	<bean id="websiteDomainCache" class="org.springframework.cache.ehcache.EhCacheFactoryBean">
		<property name="cacheManager">
			<ref local="cacheManager"/>
		</property>
		<property name="cacheName">
			<value>com.jeecms.core.entity.Website.DOMAIN2ID</value>
		</property>
		<qualifier value="websiteDomain"/>
	</bean>
	<!--域名别名缓存-->
	<bean id="websiteAliasCache" class="org.springframework.cache.ehcache.EhCacheFactoryBean">
		<property name="cacheManager">
			<ref local="cacheManager"/>
		</property>
		<property name="cacheName">
			<value>com.jeecms.core.entity.Website.Alias2DOMAIN</value>
		</property>
		<qualifier value="websiteAlias"/>
	</bean>
	<!--统一用户登录名缓存-->
	<bean id="userLoginNameCache" class="org.springframework.cache.ehcache.EhCacheFactoryBean">
		<property name="cacheManager">
			<ref local="cacheManager"/>
		</property>
		<property name="cacheName">
			<value>com.jeecms.core.entity.User.LOGINNAME2ID</value>
		</property>
		<qualifier value="userLoginName"/>
	</bean>
	<!--通用ID缓存-->
	<bean id="commonIdCache" class="org.springframework.cache.ehcache.EhCacheFactoryBean">
		<property name="cacheManager">
			<ref local="cacheManager"/>
		</property>
		<property name="cacheName">
			<value>com.jeecms.core.CommonId</value>
		</property>
		<qualifier value="commonId"/>
	</bean>
		
	<!--验证码生成器-->
	<bean id="imageCaptchaService" class="com.ponyjava.common.checkcode.CaptchaService">
		<constructor-arg type="com.octo.captcha.service.captchastore.CaptchaStore" index="0">
			<ref bean="fastHashMapCaptchaStore"/>
		</constructor-arg>   
		<!--which captcha Engine you use-->   
		<constructor-arg type="com.octo.captcha.engine.CaptchaEngine" index="1">
			<ref bean="captchaEngineEx"/>
		</constructor-arg>   
		<constructor-arg index="2">   
			<value>180</value>   
		</constructor-arg>   
		<constructor-arg index="3">   
			<value>100000</value>   
		</constructor-arg>   
		<constructor-arg index="4">   
			<value>75000</value>   
		</constructor-arg>  
	</bean>
	<bean id="fastHashMapCaptchaStore" class="com.octo.captcha.service.captchastore.FastHashMapCaptchaStore"/>   
	<!--you can define more than one captcha engine here -->   
	<bean id="captchaEngineEx" class="com.ponyjava.common.checkcode.CaptchaEngineEx"/> 
	
	<!--系统上下文信息PROVIDER-->
	<bean id="contextPvd" class="com.ponyjava.common.struts2.ContextPvdImpl" autowire="byName"/>
	<!--lucene全文检索
	<bean id="luceneSvc" class="com.jeecms.core.service.impl.LuceneSvcImpl"/>
	-->
	<!--庖丁分词
	<bean id="paodingAnalyzer" class="net.paoding.analysis.analyzer.PaodingAnalyzer"/>
	-->
</beans>
