<?xml version="1.0"?>
<!DOCTYPE hibernate-mapping PUBLIC "-//Hibernate/Hibernate Mapping DTD 3.0//EN"
"http://hibernate.sourceforge.net/hibernate-mapping-3.0.dtd">
<hibernate-mapping>
  <class name="com.xh369.dto.Admin" table="admin" lazy="false">
    <id name="id" column="id">
      <generator class="native"/>
    </id>
    <property name="username" type="string">
      <column name="username"/>
    </property>
    <property name="pwd" type="string">
      <column name="pwd"/>
    </property>
    <property name="level" type="string">
      <column name="level"/>
    </property>
    <property name="email" type="string">
      <column name="email"/>
    </property>
  </class>
</hibernate-mapping>
