<?xml version="1.0" encoding="UTF-8"?>
<!DOCTYPE hibernate-mapping PUBLIC "-//Hibernate/Hibernate Mapping DTD 3.0//EN"
"http://hibernate.sourceforge.net/hibernate-mapping-3.0.dtd">
<hibernate-mapping>
  <class name="com.xh369.dto.Article" table="articles" dynamic-update="true" dynamic-insert="true">
     <id name="id" column="id" type="int">
      <generator class="native"/>
    </id>
    <many-to-one
      class="com.xh369.dto.BigClass"
      name="bigclass"
      column="bigclassid"
      not-null="false"
    />
    <property name="content" type="text">
      <column name="content"/>
    </property>
    <many-to-one
      class="com.xh369.dto.SmallClass"
      name="smallclass"
      column="smallclassid"
      not-null="false"
    />
    <property name="title" type="string">
      <column name="title"/>
    </property>
    <property name="deploytime" type="timestamp">
      <column name="deploytime"/>
    </property>
    <property name="picpath" type="text">
      <column name="picpath"/>
    </property>
  </class>
</hibernate-mapping>
