<?xml version="1.0" encoding="UTF-8"?>
<!DOCTYPE hibernate-mapping PUBLIC "-//Hibernate/Hibernate Mapping DTD 3.0//EN"
"http://hibernate.sourceforge.net/hibernate-mapping-3.0.dtd">
<hibernate-mapping>
  <class name="com.xh369.dto.BigClass" table="bigclasses" dynamic-update="true" dynamic-insert="true">
    <id name="id" column="id" type="int">
      <generator class="native"/>
    </id>
    <property name="bigclassname" type="string">
      <column name="bigclassname"/>
    </property>
    <set name="article" cascade="delete" inverse="true">
      <key column="bigclassid"/>
      <one-to-many class="com.xh369.dto.Article"/>
    </set>
    <set name="smallclass" cascade="delete" inverse="true">
      <key column="bigclass_id"/>
      <one-to-many class="com.xh369.dto.SmallClass"/>
    </set>
  </class>
</hibernate-mapping>
