<?xml version="1.0" encoding="UTF-8"?>
<!DOCTYPE hibernate-mapping PUBLIC "-//Hibernate/Hibernate Mapping DTD 3.0//EN"
"http://hibernate.sourceforge.net/hibernate-mapping-3.0.dtd">
<hibernate-mapping>
  <class name="com.xh369.dto.ProductBigClass" table="productbigclasses" dynamic-update="true" dynamic-insert="true" lazy="false">
    <id name="id" column="id" type="int">
      <generator class="native"/>
    </id>
    <property name="bigclassname" type="string">
      <column name="bigclassname"/>
    </property>
    <set name="product" cascade="delete" inverse="true" lazy="false">
      <key column="bigclassid"/>
      <one-to-many class="com.xh369.dto.Product"/>
    </set>
    <set name="productsmallclass" cascade="delete" inverse="true" lazy="false">
      <key column="bigclass_id"/>
      <one-to-many class="com.xh369.dto.ProductSmallClass"/>
    </set>
  </class>
</hibernate-mapping>
