<?xml version="1.0" encoding="UTF-8"?>
<beans xmlns="http://www.springframework.org/schema/beans"
	xmlns:xsi="http://www.w3.org/2001/XMLSchema-instance" xmlns:context="http://www.springframework.org/schema/context"
	xmlns:mvc="http://www.springframework.org/schema/mvc"
	xsi:schemaLocation="
		http://www.springframework.org/schema/beans http://www.springframework.org/schema/beans/spring-beans-3.2.xsd
		http://www.springframework.org/schema/context http://www.springframework.org/schema/context/spring-context-3.2.xsd
		http://www.springframework.org/schema/mvc http://www.springframework.org/schema/mvc/spring-mvc-3.2.xsd"
	default-lazy-init="true">

    <context:annotation-config/>
	<bean id="multipartResolver" class="org.springframework.web.multipart.commons.CommonsMultipartResolver"/>

	<bean class="org.springframework.web.servlet.mvc.method.annotation.RequestMappingHandlerAdapter">
		<property name="webBindingInitializer">
			<bean class="com.javapms.basic.plugin.springmvc.BindingInitializer"/>
		</property>
	</bean>
	<mvc:annotation-driven />
	<mvc:interceptors>
		<bean class="com.portal.sysmgr.interceptor.AdminInterceptor" />
	</mvc:interceptors>
	
	<bean id="htmlfreemarkerViewResolver" class="com.javapms.basic.plugin.springmvc.RichFreeMarkerViewResolver">
		<property name="prefix" value="/console/"/>
		<property name="suffix" value=".html"/>
		<property name="contentType" value="text/html; charset=UTF-8"/>
		<property name="order" value="0"/>
	</bean>
	<bean id="freemarkerViewResolver" class="com.javapms.basic.plugin.springmvc.RichFreeMarkerViewResolver">
		<property name="prefix" value="/core/"/>
		<property name="suffix" value=".html"/>
		<property name="contentType" value="text/html; charset=UTF-8"/>
		<property name="order" value="1"/>
	</bean>
	
	<bean id="localeResolver" class="org.springframework.web.servlet.i18n.CookieLocaleResolver">
		<property name="cookieName" value="clientlanguage"/>
		<property name="cookieMaxAge" value="-1"/>
	</bean>
	<!-- securityManager -->
	<bean class="org.springframework.beans.factory.config.MethodInvokingFactoryBean">
		<property name="staticMethod"
			value="org.apache.shiro.SecurityUtils.setSecurityManager" />
		<property name="arguments" ref="securityManager" />
	</bean>

	<!-- Enable Shiro Annotations for Spring-configured beans. Only run after -->
	<!-- the lifecycleBeanProcessor has run: -->
	<bean class="org.springframework.aop.framework.autoproxy.DefaultAdvisorAutoProxyCreator"
		depends-on="lifecycleBeanPostProcessor" />
	
	<bean class="org.springframework.web.servlet.handler.SimpleMappingExceptionResolver">
		<property name="exceptionMappings">
			<props>
				<prop key="org.springframework.validation.BindException">/error/400</prop>
				<prop key="org.apache.shiro.authz.UnauthorizedException">/error/403</prop>
			</props>
		</property>
	</bean>
	<bean id="freemarkerConfig" class="org.springframework.web.servlet.view.freemarker.FreeMarkerConfigurer">
		<property name="freemarkerVariables">
			<map>
			    <entry key="ForumCount" value-ref="ForumCount"/>
				<entry key="Perm" value-ref="Perm"/>
				<entry key="SurveyDetail" value-ref="SurveyDetail"/>
				<entry key="QuestionCount" value-ref="QuestionCount"/>
			</map>
		</property>
		<property name="templateLoaderPath" value="/WEB-INF"/>
		<property name="freemarkerSettings">
			<props>
				<prop key="template_update_delay">0</prop>
				<prop key="defaultEncoding">UTF-8</prop>
				<prop key="url_escaping_charset">UTF-8</prop>
				<prop key="boolean_format">true,false</prop>
				<prop key="datetime_format">yyyy-MM-dd HH:mm:ss</prop>
				<prop key="date_format">yyyy-MM-dd</prop>
				<prop key="time_format">HH:mm:ss</prop>
				<prop key="number_format">0.######</prop>
				<prop key="whitespace_stripping">true</prop>
			</props>
		</property>
	</bean>
	
</beans>
