<?xml version="1.0" encoding="UTF-8"?>
<beans xmlns="http://www.springframework.org/schema/beans" xmlns:xsi="http://www.w3.org/2001/XMLSchema-instance"
	xmlns:jee="http://www.springframework.org/schema/jee" xmlns:tx="http://www.springframework.org/schema/tx"
	xmlns:context="http://www.springframework.org/schema/context"
	xsi:schemaLocation="http://www.springframework.org/schema/beans http://www.springframework.org/schema/beans/spring-beans-2.5.xsd
					http://www.springframework.org/schema/tx http://www.springframework.org/schema/tx/spring-tx-2.5.xsd
					http://www.springframework.org/schema/jee http://www.springframework.org/schema/jee/spring-jee-2.5.xsd
					http://www.springframework.org/schema/context http://www.springframework.org/schema/context/spring-context-2.5.xsd"
	default-lazy-init="true">
<!-- 
	<bean id="nativeJdbcExtractor"
		class="org.springframework.jdbc.support.nativejdbc.C3P0NativeJdbcExtractor"
		lazy-init="true" />
	<bean id="oracleLobHandler"
		class="org.springframework.jdbc.support.lob.OracleLobHandler"
		lazy-init="true">
		<property name="nativeJdbcExtractor" ref="nativeJdbcExtractor" />
	</bean>
 -->
<!-- 
	<bean id="defaultLobHandler"
		class="org.springframework.jdbc.support.lob.DefaultLobHandler"
		lazy-init="true" />
 -->
	<bean id="propertyConfigurer" class="org.springframework.beans.factory.config.PropertyPlaceholderConfigurer">
    	<property name="location">
    		<value>classpath:jdbc.properties</value>
    		<!--
			<value>/WEB-INF/jdbc.properties</value>
			-->
		</property>
	</bean>	
	<bean id="dataSource" class="org.logicalcobwebs.proxool.ProxoolDataSource">		
		<property name="driver" value="${db.driver}"/>
		<property name="driverUrl" value="${db.url}"/>
		<property name="user" value="${db.user}"/>
		<property name="password" value="${db.password}"/>
    	<property name="alias" value="${db.alias}"/>
    	<property name="houseKeepingTestSql" value="${db.houseKeepingTestSql}"/>
    	<property name="maximumConnectionCount" value="${db.maximumConnectionCount}"/>
    	<property name="minimumConnectionCount" value="${db.minimumConnectionCount}"/>
    	<property name="delegateProperties" value="characterEncoding=${db.characterEncoding}"/>
	</bean>
	<bean id="sessionFactory" class="org.springframework.orm.hibernate3.LocalSessionFactoryBean">
		<property name="dataSource" ref="dataSource"/>
		<property name="mappingDirectoryLocations">
			<list>
			<value>classpath:/com/jeecms/core/entity</value>
			<value>classpath:/com/jeecms/cms/entity</value>
			<value>classpath:/com/jeecms/article/entity</value>
			<value>classpath:/com/jeecms/download/entity</value>
			<value>classpath:/com/jeecms/auxiliary/entity</value>
			</list>
		</property>
		<property name="hibernateProperties">
			<value>
			hibernate.dialect=org.hibernate.dialect.MySQLInnoDBDialect
			hibernate.show_sql=true
			hibernate.format_sql=true
			hibernate.query.substitutions=true 1, false 0
			hibernate.jdbc.batch_size=20
			hibernate.cache.provider_class=org.hibernate.cache.EhCacheProvider
			hibernate.cache.provider_configuration_file_resource_path=/ehcache-hibernate.xml
			</value>
		</property>
		<property name="entityInterceptor">   
			<ref local="treeInterceptor"/>
		</property>
		<!--
		<property name="mappingResources">
			<list>
			<value>com/jeecms/cms/entity/Website.hbm.xml</value>
			</list>
		</property>
		-->
	</bean>
	<bean id="treeInterceptor" class="com.ponyjava.common.hibernate3.TreeIntercptor">
	</bean>
	<!-- 事务配置 -->
	<bean id="txManager" class="org.springframework.orm.hibernate3.HibernateTransactionManager">
		<property name="sessionFactory" ref="sessionFactory" />
	</bean>

	<!-- 使用annotation 自动注册bean,并检查@Required,@Autowired的属性已被注入 -->
	<context:component-scan base-package="com.jeecms" />
	
	<!-- 使用annotation定义事务 -->
	<tx:annotation-driven transaction-manager="txManager" />
</beans>
