<?xml version="1.0" encoding="UTF-8" ?>

<!DOCTYPE struts PUBLIC   
     "-//Apache Software Foundation//DTD Struts Configuration 2.0//EN"   
     "http://struts.apache.org/dtds/struts-2.0.dtd">
     
     
<struts>
    <package name="liu" extends="struts-default">
        <global-results>
            <result name="succeed">/common/succeed.jsp</result>
            <result name="msg">/common/msg.jsp</result>
        </global-results>
        
        
        <action name="upload" class="com.util.upload" method="upload">
             <result name="success">/upload/upload_re.jsp</result>
        </action>
         
        <action name="index" class="indexAction" method="index">
            <result name="success">/site/index.jsp</result>
        </action>
        
        
        <action name="leibieAdd" class="leibieAction" method="leibieAdd">
         <result name="msg" type="redirectAction">leibieMana</result>
        </action>
        
        <action name="leibieDel" class="leibieAction" method="leibieDel">
           <result name="msg" type="redirectAction">leibieMana</result>
        </action>
        <action name="leibieMana" class="leibieAction" method="leibieMana">
            <result>/admin/leibie/leibieMana.jsp</result>
        </action>
        
        
        <action name="goodsAdd" class="goodsAction" method="goodsAdd">
             <result name="msg" type="redirectAction">goodsMana</result>
        </action>
        <action name="goodsDel" class="goodsAction" method="goodsDel">
             <result name="msg" type="redirectAction">goodsMana</result>
        </action>
        <action name="goodsMana" class="goodsAction" method="goodsMana">
            <result name="success">/admin/goods/goodsMana.jsp</result>
        </action>
        <action name="goodsNew" class="goodsAction" method="goodsNew">
            <result name="success">/site/goods/goodsNew.jsp</result>
        </action>
        <action name="goodsDetailQian" class="goodsAction" method="goodsDetailQian">
            <result name="success">/site/goods/goodsDetailQian.jsp</result>
        </action>
        <action name="goodsByLeibie" class="goodsAction" method="goodsByLeibie">
            <result name="success">/site/goods/goodsByLeibie.jsp</result>
        </action>
        
        
         <action name="sweetnessReg" class="huiyuanAction" method="sweetnessReg">
        </action>
        <action name="huiyuanReg" class="huiyuanAction" method="huiyuanReg">
        </action>
        <action name="huiyuanMana" class="huiyuanAction" method="huiyuanMana">
            <result name="success">/admin/huiyuan/huiyuanMana.jsp</result>
        </action>
        <action name="huiyuanDel" class="huiyuanAction" method="huiyuanDel">
         <result name="succeed" type="redirectAction">huiyuanMana</result>
        </action>
        
        
        
        <action name="addToCart" class="buyAction" method="addToCart">
           <result name="succeed" type="redirectAction">myCart</result>
        </action>
        <action name="myCart" class="buyAction" method="myCart">
            <result name="success">/site/myCart/myCart.jsp</result>
        </action>
        <action name="orderQueren" class="buyAction" method="orderQueren">
            <result name="success">/site/order/orderQueren.jsp</result>
        </action>
        <action name="orderSubmit" class="buyAction" method="orderSubmit">
            <result name="success">/site/order/orderSubmit.jsp</result>
        </action>
        <action name="orderMine" class="buyAction" method="orderMine">
            <result name="success">/site/order/orderMine.jsp</result>
        </action>
        <action name="orderDel" class="buyAction" method="orderDel">
        </action>
        <action name="userping" class="buyAction" method="userping">
        </action>
        
        <action name="orderMana" class="buyAction" method="orderMana">
            <result name="success">/admin/order/orderMana.jsp</result>
        </action>
        <action name="orderShouli" class="buyAction" method="orderShouli">
        </action>
        <action name="orderDetail" class="buyAction" method="orderDetail">
            <result name="success">/admin/order/orderDetail.jsp</result>
        </action>
        
        <action name="pingjia" class="buyAction" method="pingjia">
            <result name="success">/admin/order/orderPingjia.jsp</result>
        </action>
        
         <action name="goodspingjia" class="goodsAction" method="goodspingjia">
        </action>
        
    </package>
</struts>